daily_sales_avg,current_stock,lead_time_days,category,supplier_tier,out_of_stock
40.581311290499436,1899.5220514101575,23,Vaccine,C,0
95.31785910894203,1697.9148763454461,3,Vitamin,C,0
74.53942447208348,921.9618668891572,5,Vaccine,A,0
61.872555998718475,3055.9700170023652,14,Antibiotic,B,0
19.82177084203147,2409.289594517713,14,Antihistamine,A,0
19.81947943193925,4335.2199120038185,24,Antihistamine,D,0
10.517943155978948,208.94242338618835,28,Vitamin,D,1
87.28673384861884,3237.146241397875,23,Vaccine,B,0
62.10592611560484,3826.5969486322274,26,Vaccine,D,0
72.26689489062431,3809.45851748212,28,Antibiotic,A,0
6.955526958101233,4436.066137122849,24,Vaccine,A,0
97.14143595538945,3658.7170270059955,18,Painkiller,C,0
84.08205087604007,4642.659805156097,7,Painkiller,D,0
25.172215514436235,1696.6501691134126,12,Painkiller,D,0
22.27337188467456,2540.8866129201383,20,Vitamin,D,0
22.42342843607621,119.69433325030884,17,Painkiller,D,1
33.90301308115608,84.44005715129151,9,Painkiller,B,1
54.851861005062595,1238.6267712350234,2,Antihistamine,B,0
46.034776771001,548.995625838472,11,Vitamin,A,0
32.66676831881398,1338.0462712819804,3,Painkiller,D,0
63.12602499862605,926.3643079155671,20,Antibiotic,C,1
18.251916761943974,191.1741229513088,15,Painkiller,A,1
32.75374161084572,4551.055524709945,4,Vitamin,A,0
39.804375112900715,90.70450037501305,24,Vaccine,B,1
48.32664850061841,3693.606614468573,25,Antihistamine,A,0
79.59171633233629,803.1320402516068,10,Antihistamine,C,0
23.969009305044175,4565.53662889802,24,Vitamin,D,0
53.8522716492931,4469.339900969934,9,Painkiller,A,0
61.27938404189403,3286.8106745278237,12,Antibiotic,C,0
9.412789208399783,3377.5590415129955,16,Painkiller,B,0
62.716760930636646,76.42875274995829,7,Painkiller,B,1
21.199791750292697,4925.11425226233,3,Antibiotic,D,0
11.179901333601554,4395.271387700282,2,Antihistamine,A,0
95.14412603906666,4480.775817363956,4,Painkiller,C,0
96.73504314208314,3313.260458401816,26,Vaccine,B,0
81.79774807106381,1756.6952968399557,24,Vaccine,C,1
33.93830807147022,4473.56081299788,19,Vitamin,B,0
14.278850830606467,1493.008794348402,15,Vitamin,B,0
70.0021375186549,2835.422139543904,18,Antibiotic,D,0
46.81448690526212,543.6683131022178,3,Antibiotic,C,0
16.593632310253987,4613.680369157113,20,Vitamin,C,0
52.04180646057067,746.813765967506,23,Painkiller,C,1
8.266909505945748,1163.239188365516,29,Antihistamine,B,0
91.38543819748429,2812.764082734664,10,Vaccine,D,0
29.584098252001606,3832.2603510542585,9,Antibiotic,C,0
67.9396170136283,3115.7889643846797,11,Vitamin,A,0
34.61255222849404,1199.062868360773,10,Vaccine,C,0
54.406462011892025,54.66806051107716,28,Antibiotic,B,1
56.937476537611566,3797.895372521824,28,Antibiotic,D,0
22.561173274925068,4926.776263259914,9,Painkiller,C,0
97.11053963763307,4059.0699455151475,8,Antibiotic,C,0
78.63761821930588,2328.022759875246,23,Antihistamine,C,0
94.25239944859797,4523.647943925577,25,Antibiotic,A,0
90.00859829062664,2078.745981935833,7,Antihistamine,B,0
61.80049798705309,2648.4237170051642,3,Painkiller,A,0
92.5780523271961,2411.792348608632,10,Antihistamine,A,0
13.406787694932353,2265.7381696943485,10,Vaccine,B,0
23.618371929818792,3887.1943080048336,20,Antibiotic,B,0
9.296592446501116,2657.5060909839854,10,Vitamin,C,0
35.90638142251011,1617.7497540248196,3,Vitamin,B,0
41.924342520500794,1327.8829299094677,29,Antihistamine,C,0
30.778158018520113,236.84921898879526,20,Painkiller,A,1
83.73006336943328,2936.816051321078,17,Antihistamine,C,0
38.89156603589098,1188.3090062351193,23,Antihistamine,B,0
31.688778420301173,783.2629139810963,15,Antihistamine,C,0
56.5561279000336,3286.4583209470043,21,Vaccine,A,0
18.387801372602453,3421.9858262166667,25,Vaccine,B,0
81.20871317163378,3773.1667166754464,2,Antihistamine,B,0
12.082311149578228,2542.7056368760277,14,Painkiller,D,0
98.75425897704915,4475.570295759238,23,Antibiotic,C,0
78.36325308318246,4684.896629321228,3,Vitamin,C,0
23.87798974574638,4046.4861519728224,23,Vaccine,C,0
5.524601126742228,3196.1877359405266,15,Antibiotic,A,0
82.46883570320925,1553.418720276384,2,Vaccine,A,0
72.15144766552362,4915.577362020095,16,Vaccine,B,0
74.2556809638938,1406.9740276000948,19,Vaccine,B,1
78.27068293516484,1053.1517638526338,10,Antihistamine,A,0
12.034241914738583,2238.6628632435845,23,Antihistamine,C,1
39.0542442117059,331.36082502632286,9,Vaccine,C,1
16.00756065488732,4893.547600125365,8,Vaccine,A,0
86.99482545818138,2962.7461042613027,10,Vitamin,C,0
64.21332204861801,2806.9128537376673,10,Antibiotic,A,0
36.43531236100167,3296.1915855036136,12,Antibiotic,C,0
11.038043277172246,2510.2670564971727,5,Painkiller,C,0
34.54332056298791,208.71440961798083,8,Painkiller,D,1
35.89241559254097,3080.940879759964,22,Painkiller,B,0
74.31258694211608,3595.060690934332,8,Antihistamine,C,0
65.56795977874525,2112.9078500890632,5,Antihistamine,C,0
89.28521054475102,3798.613081752405,13,Vitamin,A,0
49.860417890385186,1173.656431725182,27,Antihistamine,D,1
16.36145336413866,1145.319125777611,28,Painkiller,D,0
72.75825478618452,849.014089053491,28,Vaccine,A,1
77.27457961860526,1891.3740609563513,18,Painkiller,A,0
58.32133376910214,4242.709575175963,21,Vitamin,A,0
78.2418820956833,4148.164707637869,27,Vaccine,C,0
51.91058165461712,1944.9798294193438,4,Antihistamine,A,0
54.65961879128943,2966.137743102171,10,Vaccine,B,0
45.616396744062214,3618.0407665508324,6,Vitamin,A,0
7.414817040689043,1243.9735344087137,21,Antihistamine,C,0
15.249685564363922,882.2983751789981,17,Antibiotic,B,0
7.9857726402397535,4861.87516640094,9,Painkiller,C,0
65.45898907005915,3106.9087003876116,22,Painkiller,B,0
34.86381820225104,4908.007823076636,17,Vitamin,B,0
53.31421566064677,1721.892136304534,20,Vitamin,B,0
91.21881502297883,3530.006914871951,17,Painkiller,C,0
28.68276176914312,1151.8880008791266,19,Vaccine,B,0
43.98637768838483,1342.940847805869,16,Antibiotic,D,0
76.77735816158962,2583.9155002846387,25,Antibiotic,D,0
26.735825721704135,1632.1097212649527,29,Vitamin,C,0
12.313091433735334,879.7267410108931,19,Vitamin,D,0
32.526388026807965,1351.2594748471638,15,Vaccine,B,0
20.31602228913042,226.95455260602998,25,Vitamin,A,1
93.32127697254444,3536.8969263135587,17,Antibiotic,A,0
81.77143605861961,2485.977452575015,6,Painkiller,B,0
65.17335686849023,516.5031787024018,9,Antibiotic,D,1
87.78875606783318,899.8852659860315,17,Vaccine,B,1
81.34884730541587,557.5459636575879,22,Painkiller,A,1
22.724155594173403,3082.3344009655884,2,Painkiller,A,0
89.79310485654788,516.3412998818443,29,Antibiotic,C,1
56.23751298198682,3783.6975485243197,12,Painkiller,A,0
81.70681474058594,151.5290506359363,12,Painkiller,C,1
90.12867349273186,1284.410150579666,3,Vitamin,D,0
35.210330122327065,4458.800045664941,23,Painkiller,B,0
15.454932830129293,3606.730024705118,20,Vaccine,C,0
26.65384044148446,411.1932479821542,25,Painkiller,B,1
45.57523991949435,4114.57421720164,6,Vitamin,C,0
82.71140276263685,2490.523851624014,4,Antihistamine,D,0
86.76940540935263,4241.575984485705,29,Antihistamine,D,0
5.660452400463117,3023.661883529447,27,Vaccine,C,0
53.52099374486875,3425.0735085626507,24,Vaccine,C,0
44.654045299134005,4967.832723958755,9,Painkiller,D,0
26.100241994719372,1200.06095232389,5,Painkiller,B,0
16.387209896699865,3138.530595068872,14,Antihistamine,D,0
37.07344128334466,2328.590880784122,28,Antihistamine,B,0
94.57642187168932,245.2871669673226,26,Antibiotic,C,1
35.704278541971746,121.62967543918192,23,Antihistamine,B,1
54.28510906561978,640.1814601984004,15,Antihistamine,C,1
71.7868010950419,3263.004115665813,2,Vaccine,B,0
39.54481222603293,2857.4572851712915,6,Antibiotic,C,1
97.31929785849127,2789.4763277604507,22,Antibiotic,A,0
96.43249301950057,207.69097451488742,8,Painkiller,A,1
28.919318103409594,2373.049831982035,24,Painkiller,D,0
52.23860805977662,4626.882948320516,7,Antibiotic,D,0
33.58343943259312,2018.0797530877007,16,Antibiotic,C,0
32.05984696585942,3143.366225452859,16,Painkiller,B,0
8.504259998680617,3910.1024443345605,9,Vaccine,C,0
62.9086117280902,3930.4301317523436,3,Vaccine,A,0
52.75450720674184,2620.436407856593,15,Vaccine,A,0
9.890481368748988,4296.862129741565,17,Vaccine,C,0
31.471414102478086,1987.3215621505474,24,Painkiller,A,0
91.2852591668321,4449.031413184752,11,Vitamin,D,0
27.75837961336238,1239.1244736579492,16,Antihistamine,C,0
18.765012848666196,1437.0712146033266,24,Antihistamine,D,0
51.49801222636849,312.9470897850554,5,Antihistamine,D,0
98.63679314050707,3988.1300908843004,13,Antihistamine,D,1
27.99525079359254,2114.423419351893,11,Painkiller,A,0
68.85287700355846,1184.1272388614252,3,Vitamin,B,0
77.35386345622817,1197.3618742020694,5,Painkiller,B,0
27.57556667927797,4511.929709084704,21,Vitamin,B,0
74.18055311812665,4177.887172282132,29,Painkiller,D,0
39.93939760832906,2789.9778825180574,29,Antibiotic,C,1
65.06905390639005,3099.7484620578193,7,Vitamin,D,1
65.18532252228499,2397.9115742239405,15,Antihistamine,D,0
55.89859498710206,1988.7493872501038,24,Vitamin,C,0
13.577528155168789,4581.610562030741,4,Vaccine,B,0
84.35373708097761,671.7828824254952,16,Vitamin,B,1
35.474106172314904,2121.3116090953285,27,Vaccine,B,0
22.719258487986153,1755.5814445399828,2,Vaccine,D,0
8.873638447702572,2515.8460652431845,20,Antibiotic,D,0
61.134829602882974,2315.2777789986167,26,Vitamin,A,0
69.36861437501683,2618.503181672853,2,Antibiotic,B,0
6.575843748146335,742.5989372736208,14,Antihistamine,D,0
53.64884053843169,2590.0504324907215,9,Vitamin,A,0
26.517098643804104,1249.9731287416937,19,Painkiller,D,0
66.29141508889774,962.4401774915467,23,Painkiller,D,1
21.564810755474188,370.92938299164655,4,Painkiller,B,0
70.63908511973426,3825.1301658428974,24,Vaccine,C,1
41.73985789855105,2165.8375082399716,19,Painkiller,D,0
93.98934892998977,3151.886232393204,21,Antihistamine,D,0
18.06448969386936,3651.5870493584794,27,Vitamin,D,0
37.40130334977456,3412.6174933020898,10,Vitamin,B,0
15.779984517855961,2378.978559493927,7,Vaccine,D,0
92.84589373646347,1970.0977183110626,21,Vaccine,A,0
88.3472385711932,1911.0015527212854,3,Vaccine,B,0
29.504454632939783,3218.241544803779,27,Antihistamine,A,0
67.698484373247,2499.2320569622734,26,Vitamin,B,0
82.63610901911551,4253.204627543128,5,Antibiotic,D,0
57.744077101948925,4379.774822417225,26,Vaccine,D,1
55.316804943820614,894.2738711322664,19,Painkiller,A,1
27.97596763554291,724.356575151342,8,Antibiotic,A,0
13.844762941560425,3170.4845838781976,28,Antibiotic,B,0
90.23549700556605,1541.067452908283,12,Vaccine,B,0
90.5397154305164,141.92505788723935,6,Painkiller,C,1
65.14463844096045,4448.781213346628,9,Vaccine,C,1
37.20783014962657,1173.158797856851,12,Vaccine,C,0
38.17490958820279,4649.939225844755,25,Painkiller,D,0
73.96578949267274,3601.3005318473556,21,Antibiotic,A,0
90.22547469549482,3825.1347750618474,21,Antibiotic,A,0
89.27321030518614,1047.234404176144,16,Painkiller,C,1
79.08817685647426,1209.262406803224,25,Antibiotic,C,1
65.99300638465733,2630.2753814291254,4,Antihistamine,B,0
12.993296674529638,901.8942706168177,8,Vaccine,C,1
20.35472783898831,1561.8868787810097,25,Antihistamine,A,0
90.36264791007252,1641.2392658416322,9,Antihistamine,B,0
62.61076066766104,840.1681696011823,12,Antihistamine,C,0
5.873719903579817,1065.6550253060457,11,Vitamin,D,0
14.63979657227305,3953.33161794087,21,Vitamin,C,0
68.0326680652653,877.6194800089785,10,Antihistamine,D,0
5.480850465390775,190.86408962741632,16,Vaccine,C,0
20.27676488466237,3165.306966013245,27,Antihistamine,B,0
57.129709989825685,4881.116440992628,21,Antihistamine,D,1
70.73004378080586,1689.508382384451,25,Vitamin,D,1
66.93631965274704,637.3457308214488,23,Antihistamine,B,1
26.30558439875318,2873.4172605692775,6,Vaccine,D,1
72.6570260280159,4536.453344923449,16,Vaccine,B,0
27.538663312196007,3931.1058101509702,5,Antihistamine,C,0
35.912971325130435,3131.453548642944,6,Vaccine,B,0
75.91668348621229,1609.5296582076169,16,Antihistamine,B,0
66.7151254094854,2732.306857717289,28,Vitamin,B,0
85.6762239969469,501.661964456064,18,Antihistamine,B,1
67.47322476853262,3410.779850189316,24,Antibiotic,A,0
58.9893173168698,3639.2252935433717,9,Vitamin,D,0
13.899102943668785,4826.906533404098,29,Vaccine,C,0
39.93300129064618,1338.9669257881046,26,Vaccine,B,0
30.19422492976392,141.35927426296206,20,Vitamin,A,1
28.17901612101294,2750.7618989143957,10,Antibiotic,A,0
97.43600270148232,3548.6129967642314,11,Vitamin,C,0
42.34428384334224,3962.5170056207903,6,Painkiller,D,0
89.74442274182576,1009.0077184728125,11,Antibiotic,C,0
64.95816946973997,1345.676701733267,23,Vitamin,B,1
80.5070738364566,2587.3250800731166,2,Painkiller,D,0
52.75052384499325,1686.4740093515093,26,Antihistamine,D,0
59.80586903950412,4309.531858607853,26,Antibiotic,C,0
51.78918091279207,2395.1127610066656,23,Antihistamine,C,0
23.54808384081423,4007.914288304915,25,Painkiller,D,0
73.632950949843,2924.067814387651,5,Vaccine,C,1
31.6733744318813,3876.7962010047045,22,Vaccine,D,0
7.310016810988115,1696.731283325103,6,Vaccine,C,0
66.31986811118094,4165.51227855504,24,Antihistamine,D,0
21.825514543669648,1409.1329619775568,8,Antibiotic,B,0
94.34356551352685,2753.1890996162897,24,Antihistamine,A,0
95.6232148152458,1109.3352102106774,6,Antihistamine,C,0
91.91211707094261,2403.8562820496572,21,Vaccine,D,0
40.16507652426722,1624.9672870680806,9,Antihistamine,A,0
6.468378570242406,1370.1819816542104,18,Painkiller,A,0
93.1902634458339,4836.575839238785,2,Vitamin,A,0
45.67749409014486,842.3668221593166,23,Vitamin,C,1
96.83220780914861,3947.2628954141064,19,Vitamin,C,0
96.54389782347901,4921.616549441914,13,Vaccine,B,0
86.03589826939921,148.51234451338524,4,Vaccine,C,1
32.97264474661064,3510.1856995083704,21,Vitamin,C,0
41.5842842171829,1301.9134375036213,15,Antibiotic,C,0
85.8579837941014,250.414730425107,17,Vitamin,A,1
35.10759048984637,2044.3034158353225,19,Antihistamine,B,0
21.101810935178786,4679.328160345832,11,Vitamin,A,0
57.89611993354327,108.23721711663855,24,Vitamin,B,1
93.93470354527419,2960.0341750524194,16,Antibiotic,C,0
71.12283068412243,2531.9125690468554,11,Vaccine,D,0
59.15581115848967,4373.251613636685,2,Vaccine,C,0
14.23176690822301,465.80848687709704,20,Antihistamine,A,0
63.425686536421125,3423.5538479389193,3,Vitamin,A,0
99.05511575990501,3416.5430072447225,14,Painkiller,A,0
18.307981447469782,3361.9460834683023,26,Antihistamine,B,0
54.24131697455499,4714.555749928433,17,Vaccine,A,0
88.35044183315577,4124.2832685840585,9,Antibiotic,D,0
75.37301868664942,257.76499490535474,4,Vaccine,D,1
71.21649539455046,2381.8601109873402,22,Vaccine,C,0
71.73598797877538,2019.8676281966007,20,Antibiotic,B,0
39.15165936587674,1585.2287443994703,15,Vitamin,B,0
32.89122520512687,2284.1167895127815,12,Vitamin,C,0
81.8893097704588,1951.7612153835885,13,Vaccine,A,0
81.96077249452217,2190.052804399393,12,Antihistamine,A,0
87.37187026510985,4897.34623476278,29,Painkiller,C,0
91.75785249286477,488.73322501042475,12,Antihistamine,C,1
53.57752789178909,4615.0428057017125,23,Antihistamine,C,0
52.64404799528396,2427.171731681582,22,Vaccine,C,0
80.83804200184363,3137.5241152227286,28,Vaccine,B,0
66.7465734238877,4159.405684757585,19,Painkiller,B,0
71.68685333948181,1834.291994288815,11,Painkiller,A,0
80.6003035964296,2180.588445035436,17,Painkiller,B,0
89.5505074726688,2077.116477379634,9,Vaccine,B,0
37.1095399008959,1904.9185615520112,7,Vaccine,B,0
40.68038050079468,4631.37014215213,20,Antihistamine,C,1
13.928284284882555,4153.20296140541,14,Vaccine,B,0
59.93661339463653,589.5499498217317,16,Vitamin,A,1
8.414516010690498,585.2105947616254,14,Vitamin,B,0
49.231811722583714,2167.954098522306,2,Painkiller,C,0
56.55124029721978,538.3540148274049,22,Vaccine,B,1
32.22141895218702,3114.5108215920422,29,Vitamin,D,0
61.12915975405602,761.2734559455829,28,Antihistamine,A,1
7.897523744209696,2635.7476566356654,3,Antibiotic,B,0
8.54807793117537,85.73873766840288,14,Antihistamine,A,1
83.14705326266754,1617.1519246426012,3,Antibiotic,C,0
39.218110934069976,3402.0940821796444,26,Antihistamine,A,0
17.070748701929055,2445.99275412785,12,Vitamin,D,0
54.61310970520641,4892.433955694991,14,Vaccine,D,0
78.14938754436803,4376.813790527744,11,Antibiotic,A,0
25.5029976122001,1827.4003562635985,24,Vaccine,C,0
64.17459520280502,275.15838028775926,23,Vaccine,A,1
13.10800917440796,4235.850185569343,16,Vitamin,B,0
9.909763511017731,4560.609836057623,2,Painkiller,B,0
55.47868999897406,4112.105597424232,15,Painkiller,A,0
56.36033655296012,683.352207552836,11,Antibiotic,B,0
65.55584064232963,4989.679915340825,19,Vitamin,B,0
73.97867670365285,1329.9918966862303,12,Vaccine,C,0
97.70594754894078,3634.814318401432,8,Antihistamine,A,0
54.04853308861355,4544.772637861822,16,Antihistamine,B,0
35.68086492941836,1216.6512159370118,4,Antibiotic,A,0
80.54268850302685,4545.879845651477,3,Antibiotic,A,0
30.72906386989705,1581.9338170145916,23,Antibiotic,B,0
46.70228496703543,4883.245450801078,9,Vitamin,C,0
12.453356227515265,1442.2371008833493,9,Antihistamine,C,0
7.408320624468463,4769.507332551284,12,Vitamin,D,0
96.45159939440288,315.0460219187408,17,Vitamin,A,1
84.41811144865956,3560.8964577655743,3,Vaccine,D,0
71.1175495789013,2683.9501124931685,23,Vitamin,C,0
43.85052971935564,2415.491531757517,29,Vitamin,B,0
21.46296040673035,1156.2968555664079,6,Vaccine,B,0
19.861519053753174,3542.699159393635,8,Painkiller,C,0
28.773075325636555,994.5069826592202,21,Vaccine,C,0
57.17653314708144,2786.5668901246027,29,Antibiotic,A,0
72.88661265650592,1303.5645470492416,14,Painkiller,D,1
67.71875078818448,4780.325829917712,3,Antihistamine,D,0
31.59372020986457,191.72440948648148,27,Vitamin,C,1
95.71220166300344,1038.6549865506208,4,Painkiller,A,0
75.10020708609801,1249.4375016178662,10,Antihistamine,B,0
57.66363498858306,2099.6357375506914,11,Vaccine,C,0
63.113470892263464,1202.014697256765,25,Vaccine,D,1
44.862005930640045,2482.1779968304872,14,Antibiotic,A,0
28.53444400260996,4368.704340129768,26,Antibiotic,A,0
38.81740447186985,3574.7139359753955,22,Painkiller,A,0
76.99538049411507,2920.8118036488,14,Vitamin,D,1
6.367381419826808,490.56573101426426,6,Vaccine,A,0
16.02690084815704,3485.260936526914,24,Painkiller,B,0
9.370250992066511,873.7507073391523,8,Painkiller,D,0
8.869236220302163,3942.5185605104048,18,Painkiller,C,0
86.26875548104569,1287.7809546252583,29,Antibiotic,A,1
71.84749664110225,2114.3912051884595,16,Vaccine,D,0
50.04651376329589,1784.8275014737433,6,Antibiotic,C,0
14.294245261845141,4301.128877640541,25,Antibiotic,C,0
51.703508136099074,676.3950706313702,8,Painkiller,B,0
49.97981822415374,2849.942167804704,28,Antihistamine,C,0
21.45417764145144,753.204966743158,3,Antihistamine,B,0
46.215906677607435,3538.739388854324,25,Antihistamine,D,0
42.857949767750476,4530.136732582681,19,Painkiller,B,0
63.505759314960564,2201.3078866429046,11,Vitamin,D,0
65.33389683242616,2466.0566883116308,2,Vaccine,D,0
9.30388092834423,4640.743040589673,28,Painkiller,A,0
40.588198389514766,2628.907373814318,28,Painkiller,B,0
64.45669199285246,2463.612268345327,15,Antibiotic,D,0
52.79794456510833,2912.7290583863055,28,Antihistamine,A,0
86.36653491289061,3461.687194996612,20,Painkiller,B,0
67.57589500379979,579.0727066808054,17,Vitamin,B,1
20.47877057273582,4114.497112320505,20,Vaccine,C,0
11.704031003040836,2205.7498858936333,7,Vitamin,A,0
66.02983142959998,408.1251239925534,13,Painkiller,C,1
7.518574501454072,3941.604212531155,4,Painkiller,D,0
60.64868022097901,1915.902359847047,8,Antibiotic,B,0
94.32187293537098,546.819100720517,25,Vitamin,D,1
59.670046898208504,3187.2062457390903,4,Antibiotic,A,0
41.87614298961958,4406.6501994965265,26,Vitamin,B,0
66.11238075202355,4444.3798715992325,18,Antihistamine,D,0
48.53402459669408,4790.434200304418,16,Antihistamine,B,0
56.83359498501382,4345.142025845105,20,Vitamin,C,1
94.43915683376989,60.59755076010235,29,Antibiotic,A,1
41.67975059107356,1932.1937737462817,20,Antihistamine,A,0
96.31310356327185,4101.78577053224,24,Painkiller,A,0
91.00831098582606,1862.9523796924473,12,Vaccine,B,0
23.600157804983162,3027.6651065795454,28,Antibiotic,D,0
11.589323583140718,3051.2688895039337,22,Vitamin,D,0
14.573910130855532,1856.8752549921742,21,Vaccine,A,0
6.7310734368972245,4527.145940042374,3,Vaccine,B,0
13.972081271813197,2540.9803096612823,8,Painkiller,B,0
69.8856434745539,2350.681819390629,20,Antibiotic,B,0
11.762921603721754,4987.693041026385,8,Vaccine,D,0
35.302684877907325,2492.8268021594527,11,Antibiotic,A,0
85.26315454209818,933.0713470464763,13,Painkiller,D,1
7.210833894903457,2589.6936431740182,24,Vitamin,C,1
82.3745058459489,4079.3828408236536,28,Vaccine,B,0
31.776203603472993,3895.4586181464933,19,Vaccine,C,0
16.225658624057345,3953.4797372869316,24,Vaccine,A,0
71.19003070959431,3554.717730789663,7,Antibiotic,A,0
64.74957044408899,1308.3782538801067,27,Vaccine,D,1
88.35984128507003,4317.316224909146,21,Antibiotic,A,0
74.83174916136915,4472.545153612512,28,Antihistamine,A,0
81.33068838656061,1011.0558482618178,22,Antihistamine,D,1
31.793284394274117,695.7554009293999,29,Antibiotic,D,1
21.856756659073667,4879.244594516104,9,Antihistamine,D,0
76.30840140588154,4348.203620069321,6,Painkiller,D,0
81.64930023039008,4471.518928689236,4,Painkiller,A,0
99.09798849006397,4437.563103890756,3,Antihistamine,C,0
44.19867930658552,2731.3497789669555,23,Vitamin,D,0
40.3417181503144,3249.6885964957087,7,Antibiotic,A,0
78.75923127048969,2749.546118061526,8,Antihistamine,A,0
37.37633632403669,303.4714284921289,9,Antibiotic,A,1
93.42194593233864,3740.240272496225,5,Antihistamine,A,0
86.54921142508613,2551.3935650126073,13,Painkiller,A,0
45.75443260062674,3256.159920211637,25,Vitamin,D,0
76.33275144019225,2538.0670346289,13,Antibiotic,D,0
76.68157303804482,2484.4660454961568,18,Vitamin,B,0
14.796767539413597,900.3560919149458,23,Painkiller,B,0
90.74252613455883,1429.6328899486873,23,Vaccine,D,1
52.998975382546426,836.3208251225811,20,Vaccine,D,1
83.51345928023545,1018.548163345445,10,Antibiotic,D,0
35.40471209790812,4866.238033080509,13,Painkiller,C,0
90.07470670713904,807.9115565723822,29,Antibiotic,D,1
41.974159479745495,1382.8886003107777,22,Antibiotic,A,0
6.029576890628344,2973.4188058059954,18,Antibiotic,C,0
91.01128775983005,3070.3839523713773,24,Vitamin,C,0
13.672234294682688,812.1719422319538,11,Antihistamine,A,0
35.334795571089415,3978.901257636801,20,Painkiller,A,0
95.25588686982647,3936.7541961684838,27,Vitamin,B,0
95.30767895906783,1224.722635809261,27,Antihistamine,A,1
59.47659937171218,1478.8981982435291,12,Antibiotic,D,0
65.02453515613092,4693.03993402451,21,Vaccine,D,0
47.60232458794038,4137.0736575984165,23,Vitamin,B,0
32.85502331131613,3504.095313659493,25,Painkiller,C,0
36.22313181014202,457.0544464774726,14,Painkiller,C,1
68.88925332731864,2120.4072004677496,5,Antihistamine,B,0
76.47558029657961,2818.5442667802936,16,Vitamin,D,0
80.2000091539556,977.6858755196959,13,Antibiotic,B,1
80.01372356548262,2268.7215814357114,26,Antihistamine,D,0
13.664579789625584,3025.0780935690154,25,Painkiller,D,0
51.96992894674524,1670.5145665712262,27,Vitamin,A,0
10.468082201581208,3915.6768538049114,11,Vaccine,B,0
57.20524382075487,4210.225429112087,23,Antibiotic,B,0
46.945397630470815,1651.8668736986504,8,Painkiller,D,1
89.33189736203848,4201.352914737663,25,Vitamin,D,0
38.33692619244748,562.7040022099244,3,Vaccine,A,0
16.121366560622555,4196.759038182149,22,Painkiller,D,0
18.584209795019405,806.1146367547021,8,Vaccine,D,0
77.34351001315986,460.4894049231439,9,Painkiller,C,1
63.7307160150448,3226.7882519830055,22,Antihistamine,B,0
14.606654231665074,2386.0899604887068,20,Antihistamine,A,0
12.990146580924756,4544.058472043522,7,Antihistamine,A,0
71.5920674886164,1847.7865206497036,22,Vitamin,D,0
11.912485604598384,1471.4037040162618,9,Antihistamine,B,0
83.07670563258384,2528.637785413782,26,Vitamin,C,0
72.09301157986714,2306.9336195548735,26,Antibiotic,A,0
12.728134160980478,1754.918828775082,29,Antihistamine,D,0
13.059582838093233,3484.0194285567263,29,Vitamin,B,0
98.73075995761167,3809.831077873846,23,Painkiller,C,0
40.55572559683143,4272.270646699177,21,Vitamin,B,0
40.211003971354636,4865.640193316197,5,Vitamin,A,0
82.21595888946274,1369.9481510558971,26,Painkiller,D,1
94.98861485146658,3594.6627383253094,21,Vitamin,D,0
98.67010106317274,2001.578265703939,25,Painkiller,A,1
76.57092759959946,3401.555761157985,10,Vaccine,A,0
40.744660625437,2406.1093672286406,6,Antihistamine,B,0
12.932568086373532,4969.176858701261,7,Antibiotic,A,0
78.82895701310649,3658.065572164212,20,Vitamin,B,0
58.048403724901476,4764.8319371499065,13,Painkiller,D,0
45.301090878462745,4183.0992699318695,6,Antihistamine,C,0
91.10366658399992,4519.360005258687,6,Vitamin,D,0
15.563760819084377,4081.375026212641,19,Antihistamine,D,0
51.79938490763162,2322.8376953607612,27,Vaccine,C,0
6.078596252904811,1296.3528440670777,7,Vitamin,C,1
49.522760989442,1883.0848684800849,10,Painkiller,C,0
10.348811189774548,150.16935156775472,12,Vaccine,D,0
16.287702045466833,2643.7661789501026,24,Vitamin,A,0
16.16499344382496,2550.036111338523,15,Antihistamine,D,0
66.67497870102605,2649.9898009109165,25,Vaccine,A,0
75.87426353021522,4871.454563611716,3,Painkiller,B,0
60.420032684230165,4561.697317101454,28,Vitamin,D,1
96.40639210508148,850.4782527340346,15,Antihistamine,C,1
40.612705054751885,1875.9684817016514,26,Antihistamine,D,0
32.14264819677677,2148.5830883431463,20,Vaccine,D,0
87.51691717799872,1834.6379433656564,11,Vitamin,C,0
26.241604659348,4002.55501983937,6,Antihistamine,B,0
96.50614124685808,2643.9864658445554,24,Vaccine,B,0
6.154675095532553,2881.894094009544,5,Antibiotic,B,0
97.13848853722571,4272.417116990231,8,Antihistamine,B,0
9.10019163530473,4039.344359406025,25,Vaccine,D,0
89.65859580131675,704.4470379604835,14,Antibiotic,D,1
55.13160536319849,3583.8771912139896,11,Vaccine,C,0
99.33165563133353,2205.408838065076,11,Antihistamine,A,0
12.010673649862891,1508.5120701593773,5,Antibiotic,C,0
57.61615701812548,297.5931634658224,17,Vaccine,B,1
97.0837408838144,2461.8853237099825,16,Vitamin,A,0
54.694295196164134,1809.4115695864305,22,Antibiotic,C,0
64.79287062284993,1294.989546398184,12,Vaccine,B,0
71.09612545353863,3488.62506150494,20,Vitamin,A,0
48.181401152938456,3858.9526672121556,22,Antibiotic,A,0
64.61801760798602,1261.708119195653,25,Vaccine,B,1
60.50985963269452,294.76481156276895,4,Antihistamine,A,0
90.61001099664395,4251.325867797913,16,Antibiotic,C,0
9.317406132438498,99.30071896130143,17,Antibiotic,C,1
31.69150301126188,4688.706844911287,15,Vitamin,C,0
95.28909098727308,3156.718376214394,6,Vaccine,A,0
89.57505946963705,1643.1408442465354,27,Antihistamine,A,1
48.28739151464273,1270.0656524048443,18,Vitamin,B,0
63.91259679114599,94.57803810915246,19,Antibiotic,B,1
31.351212383207603,1215.5835142038418,20,Vitamin,A,0
22.871510173757326,731.7550925098485,2,Vitamin,C,0
49.051348469298304,3080.222792579571,28,Vitamin,A,0
38.568461662475016,874.4006635393165,29,Antibiotic,D,1
60.44733062583285,2666.7176958062655,28,Painkiller,C,0
12.38479051167356,2971.0762906051305,26,Vitamin,D,0
97.56750672828582,1525.3064068172268,10,Painkiller,B,0
98.69002072556228,223.5714976426576,22,Antihistamine,A,1
71.3253628318758,234.4067090402707,15,Antihistamine,D,1
55.929154802691436,180.41929435989215,21,Antihistamine,A,1
34.405123547201136,3708.6671023259037,22,Vaccine,D,0
82.31052687216012,1624.1480388307757,21,Antibiotic,A,1
70.04946139261853,3991.685920539935,29,Painkiller,C,0
20.44860923776467,2187.077478022103,22,Vaccine,B,0
91.53808252691503,2292.340599108321,24,Painkiller,C,0
83.14103807770105,2588.76888242239,12,Antibiotic,B,0
95.23099176273278,3579.5057090567643,25,Vitamin,C,0
73.9433532968942,1403.8391858570499,3,Vaccine,B,0
63.27444361390004,651.8573801909581,21,Antibiotic,C,1
44.73308844760879,2802.4838091977344,25,Vaccine,A,0
93.60920591863126,1668.5392350515594,24,Antihistamine,C,1
87.27606950253879,2240.3320026567853,26,Vaccine,D,1
9.295773660087994,3252.3862062696617,6,Vitamin,D,1
7.50486257723894,2495.9224186492897,23,Vitamin,A,0
40.76401985341471,3120.380144649172,28,Painkiller,A,0
82.00256642427412,2743.7900104624578,25,Vaccine,A,0
98.79123228491973,3711.9920410836908,16,Antihistamine,D,1
19.289604654835177,3544.3862576725187,13,Vitamin,C,0
61.442417958452836,2694.239964452665,15,Painkiller,A,0
41.18463137994704,3410.569953255549,12,Antihistamine,C,0
97.1418677923873,4374.120031249433,22,Antihistamine,B,0
85.00129769789233,2189.7428745514344,10,Antihistamine,C,0
84.6412269475581,2093.1772101065285,21,Antibiotic,C,0
49.52585018052218,3833.0158232192816,9,Vitamin,D,0
44.40785272207819,2933.6414933578703,13,Antibiotic,C,0
30.973671833417093,401.48356210181333,4,Antibiotic,D,0
10.355672181838075,4465.954477670853,22,Vitamin,B,0
87.14862574423006,202.37635607631867,16,Vaccine,D,1
82.22559586735737,3754.561963238228,9,Painkiller,B,0
99.9731789621824,3806.031006386349,27,Vitamin,B,0
99.68049952202101,4767.8998721455555,29,Painkiller,A,0
57.766012032249606,317.96532159148774,8,Vaccine,C,1
78.0538044421485,3004.4414608832303,18,Vitamin,C,0
94.75274433883067,2167.810824603912,13,Antihistamine,A,0
85.71650211435409,1686.633126554733,21,Vitamin,A,1
28.498069665603776,497.0768734804115,19,Vaccine,C,1
47.801692854458885,2835.1378923729803,19,Antibiotic,A,0
17.270144439392023,2421.2515920893375,16,Vitamin,A,0
95.63484758957863,567.5445678475701,24,Antihistamine,B,1
62.586590272833604,3081.8230601305627,29,Vitamin,A,0
26.72106652282896,3702.8679452520455,29,Antibiotic,A,0
68.8115650185564,3848.027590215559,4,Vitamin,D,0
63.72218284350011,4531.597281899016,20,Antihistamine,C,0
39.02545821311985,2076.880172349447,16,Vaccine,D,0
15.787971258964756,4767.710204679578,17,Antihistamine,A,0
68.79945358131596,4333.875555159296,23,Vaccine,A,0
54.429231585860364,1517.6827765684982,23,Antihistamine,D,0
78.37024721488574,838.4510348798194,18,Painkiller,A,1
54.41553260563937,2205.1775108336665,2,Vitamin,B,0
85.95724253026131,2039.3986043820346,12,Vitamin,D,0
57.43114968357612,2899.8105613894613,7,Antibiotic,D,0
58.2891072958617,2937.7618500223525,24,Painkiller,C,0
88.28209225254278,3762.4355726808776,10,Antibiotic,D,0
43.330872290177716,2573.9552436177705,21,Vitamin,B,0
17.73144670281087,568.8720726567894,17,Antibiotic,A,0
7.734354249767202,4298.542110987875,27,Vaccine,D,0
76.7380392889938,1583.334686766676,7,Painkiller,D,0
63.92940737857914,4857.922428517631,13,Antihistamine,C,0
71.88757796942623,633.4075379648623,20,Vaccine,C,1
25.23159534334652,4793.343302550891,14,Antihistamine,A,0
17.955290180743127,500.508444068459,14,Antibiotic,D,1
6.381743238448783,1193.6288828379443,28,Vitamin,B,0
38.305818086626715,280.57071332838086,5,Vaccine,A,0
61.042180251190146,3540.310075863025,10,Painkiller,B,0
42.26318428447457,4258.97874603037,15,Antihistamine,D,0
46.56011759225426,2198.651854989103,15,Vaccine,A,0
90.8950759769061,4646.184271460027,18,Vitamin,C,0
38.08426936721353,2971.980405190218,6,Painkiller,C,0
53.82900147018203,3168.5353204602898,28,Painkiller,B,0
79.4470362104086,4234.825048418811,24,Antihistamine,A,0
42.671564320520666,1519.1610150066026,20,Vaccine,B,0
64.09823652164798,1803.6153205717476,3,Vaccine,C,0
86.92455233094078,4534.462000013489,14,Painkiller,D,0
95.204459247476,4509.769305391881,12,Antibiotic,C,0
18.971980688258604,4883.589742194311,3,Painkiller,D,0
93.02582439034197,4514.0996663862725,2,Vitamin,B,0
51.751047842556126,680.4915783651364,22,Vaccine,B,1
29.533216888401043,4127.435216378088,4,Antihistamine,B,0
48.61789684263482,2078.700466642491,28,Vaccine,D,0
98.10309465212032,4954.466711932392,13,Painkiller,B,0
51.79871892932261,2387.7907734275655,8,Vitamin,B,0
36.23140297731328,2791.488608385992,2,Antibiotic,A,0
65.17308116008894,2672.385830521153,10,Vaccine,D,0
27.81383378392834,1642.598297798475,19,Painkiller,B,0
12.207016170323072,421.35934001994497,25,Painkiller,B,0
17.243573581511676,4483.473590489497,27,Painkiller,D,0
17.164354700988383,4023.2452720051197,21,Vitamin,D,0
19.430755883667963,740.6575637703629,7,Painkiller,C,0
18.188581401693963,3895.0029431828607,10,Painkiller,C,1
65.8831007563054,3147.9409969505195,24,Painkiller,A,0
22.27860801791876,2075.2617501922305,9,Vaccine,B,0
37.838391915767005,1307.4046880230355,24,Painkiller,D,0
90.19489894107113,4305.657478336051,19,Vitamin,B,0
50.026355824972875,3515.9318835055624,26,Vaccine,C,0
68.41798515949759,2761.3125518722277,16,Painkiller,C,0
21.370387764154835,3067.3642427973973,2,Antibiotic,C,0
23.267456786823722,500.7776013067959,15,Vitamin,D,0
8.882518545315492,2395.9028165104,19,Antibiotic,B,0
21.04883099185563,1008.8164492892249,20,Vitamin,D,0
31.46608220803607,1081.4992110936855,20,Antibiotic,B,0
21.81599600629095,3323.45461331999,11,Painkiller,A,0
13.426740706920283,4560.717951579726,21,Antibiotic,C,0
16.460407754557075,2048.5952218678153,22,Antibiotic,C,0
48.77398296310895,1078.3589014103422,7,Vitamin,C,0
24.601703248550287,3261.2973393214384,18,Painkiller,C,1
39.60563679956717,4362.375879434073,15,Vitamin,D,0
52.8246407312114,3754.17806555633,14,Painkiller,C,0
70.58750871978971,4350.348291156107,9,Antihistamine,B,0
8.734653284904399,2705.9456215034566,23,Vaccine,B,0
80.94398789635905,3771.787409627495,11,Vaccine,C,0
64.65053700163624,743.3195688267356,10,Vitamin,C,0
12.767108035142831,1773.959346047798,6,Painkiller,D,0
87.98996929014383,1978.268364183536,24,Antibiotic,D,1
92.48287805052226,2580.913943917871,28,Vaccine,B,1
10.802406186212057,4648.927983271277,5,Vitamin,B,0
31.303376573984355,4377.7679730997625,7,Vitamin,A,0
81.58912158034083,715.9011868314634,7,Vitamin,B,0
76.08467058644754,905.3087768181929,14,Painkiller,A,1
22.529496838855845,1820.3207204651112,5,Vitamin,C,0
24.88818571698748,1489.1821361588359,23,Antihistamine,C,1
40.19484976518129,3093.116218123498,9,Antibiotic,C,0
51.02968359314703,4518.741436434497,28,Vitamin,B,0
63.734203295378116,4813.3431312793045,6,Painkiller,B,0
40.04679575912838,3285.334615049371,3,Antibiotic,C,0
48.94079803264905,4198.888046935379,10,Antibiotic,D,0
76.00973912270688,2649.7508911424457,12,Vaccine,C,0
8.484904274606802,1081.2183869571966,21,Vitamin,A,0
28.981509712681973,2647.207639862713,21,Vitamin,D,0
72.76821065903248,2797.658877116373,12,Painkiller,D,0
90.04464958028393,3725.164942857105,8,Antihistamine,B,0
53.60935700098828,1138.420799051378,27,Antihistamine,B,1
55.550781100204986,1873.1363913293221,15,Vaccine,A,0
15.181341077278725,1851.9359726121031,27,Antihistamine,C,0
47.50417484822819,4799.225998918766,7,Painkiller,C,1
55.5986403132272,2247.5275536172585,5,Vaccine,B,0
28.034697845299316,3787.715138125825,7,Vitamin,B,0
30.57810694019119,3766.516337803473,4,Antihistamine,C,0
40.841995494939155,1364.4437147760448,24,Painkiller,D,0
6.906763788884005,2880.754962390074,7,Painkiller,A,0
35.59752073040194,4476.7993219273085,4,Vitamin,A,0
25.08756066467174,2402.2287113118996,2,Painkiller,A,0
36.112248456901895,4728.331661345603,29,Vaccine,B,0
16.377402522828866,1111.5682351546,27,Vaccine,D,0
89.60009167029003,417.08757358145215,22,Antibiotic,A,1
61.39128308763462,4462.69667206651,27,Vitamin,D,0
69.51472031872652,4246.021929912972,19,Painkiller,B,0
79.97126766769713,4963.319885872532,24,Antihistamine,B,0
52.35200889826044,3412.997766156509,24,Vaccine,C,0
13.257427368305251,4686.60523700239,5,Vitamin,D,0
56.02512147276204,4143.397674166348,7,Vitamin,D,1
60.749906211983514,4229.91034894443,18,Vaccine,D,0
75.81675004751135,2867.250773748628,19,Antibiotic,C,1
46.00765689181954,1942.7047596877187,7,Vitamin,A,0
17.120128765578556,4676.062459089245,3,Painkiller,A,0
31.958711050878826,2188.9800192986777,13,Antihistamine,B,0
39.49281815787033,2717.155867885862,13,Antihistamine,C,0
66.36213792650211,2258.2658202696794,28,Vaccine,D,0
59.22393894354663,2845.8506541029756,5,Vitamin,C,0
38.82918896029539,2379.0001410120194,17,Antihistamine,B,0
98.71894863533308,287.4394149684056,21,Vitamin,A,1
62.54860783890428,4416.138520738108,11,Vaccine,A,0
27.536545214919474,2249.7494036330604,26,Antibiotic,B,0
14.669334898938356,2965.2710601113763,11,Antihistamine,C,1
19.52161822251154,738.9796236520358,8,Painkiller,B,0
28.365984196528274,66.76984751406373,15,Vaccine,D,1
20.26473045965779,1264.1859635360327,8,Antibiotic,D,0
22.723867284874046,3537.7008590600835,13,Painkiller,B,0
32.084041025915475,541.012924058749,12,Painkiller,D,0
21.470491553001708,4548.992829913016,18,Antihistamine,D,0
90.19271533951039,1114.3617183131137,12,Vitamin,A,0
12.62220583785601,1062.7383907442902,22,Vaccine,C,0
54.82858200917419,948.4644100264028,4,Painkiller,A,0
43.98769856401784,119.20947920825549,20,Antihistamine,A,1
98.3259686063176,3870.4370689672614,23,Antibiotic,C,0
15.643695705964973,4381.42092966403,5,Painkiller,A,0
42.79628190934545,3090.1053779501844,9,Antibiotic,D,0
97.09969116116004,981.5899093153183,15,Vaccine,B,1
87.22317695992813,1462.1260848573547,21,Antihistamine,B,1
82.6218467401816,2405.8371519565685,25,Antibiotic,C,0
29.500768569269283,4774.012460535339,15,Vitamin,B,0
21.234320802056253,1274.3892904978268,29,Antibiotic,B,0
68.52110589282094,3671.6472244034458,17,Antibiotic,B,0
93.29071896712065,2225.2687052999554,16,Antihistamine,B,0
57.89247483632333,1524.3443743821078,13,Antihistamine,A,0
59.303205499640484,2306.783888259463,17,Painkiller,D,0
31.598013897726997,402.47325182910106,21,Antibiotic,D,1
78.10182865323401,4003.5024861052943,20,Antibiotic,B,0
22.76915611296472,1254.3445435156873,6,Antihistamine,C,0
35.74952745840315,3640.7900098052037,13,Vitamin,A,0
45.41646166855959,388.32443866856386,6,Antihistamine,B,0
53.22298597502323,4777.737853020146,11,Vitamin,B,0
28.028924579432623,1005.4241777582081,27,Antihistamine,C,0
15.909498350224336,4419.5732772250485,18,Vaccine,A,0
63.0089040319551,4056.8923875964006,16,Antibiotic,B,0
32.4199025578243,4840.906624203009,9,Vitamin,C,0
60.217631035148166,2415.5587716814607,9,Vaccine,A,0
19.664457951049222,3650.6166045374603,9,Vitamin,A,0
50.70830967620766,1885.017752337031,11,Painkiller,B,0
55.595996092400654,962.6227781974844,21,Painkiller,C,1
9.923235998130556,2243.225868020572,14,Antibiotic,C,0
36.977406428422455,870.4576261728516,17,Vaccine,B,0
17.769394309202553,4911.1208827926,10,Vaccine,B,0
11.020622194912935,526.420131146546,17,Painkiller,B,0
99.0462220770448,2966.598031090471,11,Antibiotic,C,0
35.623615272598684,3150.9960835075767,4,Painkiller,A,0
81.93807235619032,2713.4937372265686,24,Vaccine,B,0
29.190862202557565,3327.820134273576,23,Vitamin,D,0
69.74275861127327,625.0948363088602,26,Vaccine,D,1
77.22164668952023,2797.3416948161907,29,Antibiotic,B,0
61.585680357745204,1471.7022270804396,15,Vaccine,D,0
49.799737912265044,4703.87151334023,14,Antihistamine,A,0
44.12488684399051,3822.2546845266424,5,Vaccine,A,0
38.14248532158455,4863.946686690726,5,Antihistamine,D,1
93.30526870354346,235.90254521393825,7,Painkiller,C,1
83.90884373983427,1461.409217144508,25,Antihistamine,B,1
96.67755651331869,1017.3418038598276,20,Vaccine,C,1
16.80823623112675,105.21520719356097,12,Vaccine,A,1
74.4324101443462,1249.512364719291,9,Vaccine,D,0
94.1423433979986,3409.941118426123,15,Antibiotic,B,0
22.217141285737714,1193.8901645661144,9,Painkiller,D,0
11.317145399843863,2569.5670551389603,15,Antihistamine,D,0
75.40646168255562,4444.699669076743,24,Vitamin,C,0
59.57494575209163,3484.1017057279223,8,Antihistamine,C,0
84.97373379203584,2003.4138960348582,22,Vaccine,D,1
18.2783757794975,1893.7212476149361,19,Vitamin,A,0
80.55039462668957,2305.8922793419993,13,Vitamin,B,0
24.15459540453573,926.3551332465365,15,Antihistamine,D,0
20.54731457224193,3188.303798709141,16,Antihistamine,D,0
20.605250803444328,1852.5564545677973,19,Antihistamine,D,0
82.3845984219813,4269.208478847116,13,Antihistamine,D,0
68.193735966139,3794.9356672861904,11,Painkiller,C,0
54.69121535306633,3072.040162256192,13,Antibiotic,C,1
39.088895991732734,1852.8010021151047,9,Antibiotic,A,0
88.33405137724529,1089.1625667837477,28,Antihistamine,B,1
42.28228520515036,3891.951727322833,7,Antibiotic,D,0
82.57694674979983,2457.7250400058783,25,Antihistamine,A,0
46.71781631417075,1162.5126889779197,20,Antihistamine,C,0
40.80972079536622,1016.1143444480308,2,Antihistamine,B,0
48.954579638612614,868.7344772817272,14,Painkiller,A,0
33.6308980455935,3896.9479212176952,23,Vaccine,B,0
76.02289111674385,1183.486567236543,17,Antibiotic,B,1
52.75843705878552,2656.8792044497277,19,Antibiotic,B,0
27.060206038947644,2285.1544868166293,13,Painkiller,C,0
90.459584461084,2919.073951180005,26,Painkiller,D,0
41.46966603045509,4391.916756837411,6,Antihistamine,B,0
56.63752180582892,4345.349580904566,22,Antihistamine,A,0
91.11485054163195,2282.8265555330554,14,Vaccine,B,0
64.30260961182924,126.06294113688037,27,Antibiotic,B,1
16.105313867294587,2160.8968382858006,9,Painkiller,C,0
94.28405174328013,3050.658010249495,7,Vaccine,A,0
64.6322650417847,2810.9355575354057,4,Antibiotic,B,0
36.81603339242318,3274.1137237110174,26,Vaccine,C,0
18.230846903021792,812.6748757417632,27,Vaccine,C,0
80.43239298067812,3250.348738964626,21,Antihistamine,D,0
63.90691181320879,954.1255127816726,27,Vaccine,D,1
55.67880373775054,3765.0937044489074,5,Antihistamine,D,0
89.91979538984097,1728.483685650266,13,Antibiotic,B,0
79.91673506633042,3563.9823952381953,14,Antibiotic,B,0
19.40911357461136,286.9347145852301,3,Antihistamine,B,0
34.61359644057708,2068.9071266750216,20,Vitamin,C,1
28.606468282374244,3539.920885203497,5,Vaccine,B,0
75.67489779440432,1173.009055840896,24,Antibiotic,C,1
8.185581299899042,3986.6708717462516,14,Vaccine,A,0
59.13952006277507,3172.359678869413,20,Vitamin,B,0
77.4335751453656,2958.4307721415016,9,Vaccine,A,0
88.2927354923662,1800.0668283114687,9,Vitamin,D,0
37.49776612801121,2438.134778386532,17,Painkiller,A,0
83.01944394384122,3006.879039840373,27,Vitamin,A,0
15.510015010744686,2388.6874638787076,12,Antibiotic,C,0
85.41296771477923,3506.6509535057726,19,Antihistamine,C,0
17.111422921538328,2196.79981887945,5,Antihistamine,C,0
42.74229260323489,1051.2522496230504,25,Vaccine,C,1
80.7430597490576,1108.9722248651838,2,Painkiller,D,0
19.242155598133508,78.72865577255841,2,Vaccine,A,0
26.77888254710094,1539.7406920154287,15,Vitamin,D,0
73.6139939973413,3757.1423203686722,5,Antihistamine,D,0
73.40347097187707,3981.105408746167,12,Vitamin,C,0
65.90902512410324,1052.2143333739627,19,Antihistamine,A,1
70.9251022243745,4797.2677845134685,17,Antihistamine,A,0
56.55882211802164,2536.8938277266275,18,Antihistamine,D,1
28.92091059616051,4589.044807641588,25,Antibiotic,C,0
37.84111938287235,3548.488145215074,3,Vitamin,D,0
22.251783096135437,3626.045443960945,5,Vaccine,A,0
91.30280332669469,470.96592546505207,4,Painkiller,C,1
60.42222050278144,1138.9560781398068,16,Vaccine,D,0
43.080884592545786,93.63342480763954,3,Vitamin,A,1
48.8905513461926,3594.8318203598506,25,Painkiller,B,0
94.99191726312246,1754.9695277211245,20,Vaccine,C,1
19.56838329602762,3943.9299545779168,10,Painkiller,A,0
60.69183404159574,1727.73428868828,11,Vitamin,C,0
53.05942449402427,4105.702073879362,22,Antihistamine,A,0
63.088152366291546,696.9563560541494,26,Vitamin,C,1
6.720467462979848,908.1971259496655,20,Antibiotic,B,0
87.85177134969439,1737.3388709404855,29,Painkiller,D,1
93.55123683594317,2072.012574967253,6,Vitamin,D,0
58.68765244097485,1776.078913672743,15,Antihistamine,D,0
71.18182826830477,3830.0528109899383,11,Antihistamine,B,0
92.6374412118431,529.9093935022378,17,Vitamin,C,1
72.18767025977287,1788.5242472105158,7,Vaccine,C,0
19.49120907685483,4194.337997601524,26,Vitamin,A,0
59.74739421584725,380.64553244775135,9,Antihistamine,A,1
62.63792940637131,4714.6003629732195,3,Vitamin,C,0
45.29241377372667,4932.268369246463,19,Antibiotic,B,0
74.96220238434867,488.41246043414645,22,Vaccine,B,1
93.76486640305642,1491.7989851658979,22,Vitamin,D,1
92.92900872614375,1893.383296875013,22,Antihistamine,D,1
47.82974028339255,3893.137274830994,21,Vitamin,D,0
15.757614354871748,2999.8377199778324,9,Vitamin,C,0
98.55991390142178,3239.6102174382086,28,Painkiller,A,0
84.69531821236374,3799.6736229516046,6,Vitamin,C,1
16.842954714310352,633.9960472132773,18,Antibiotic,C,0
92.47997884865038,4174.386811705799,17,Antihistamine,B,0
87.64015439590219,3542.818030691713,27,Painkiller,B,0
54.28961542697685,2907.841539722033,6,Vitamin,A,0
61.17116639576828,4454.189907176131,18,Vaccine,A,0
42.905256867662374,3516.5164517248454,5,Antibiotic,C,0
10.202355688092977,1048.4148150235758,2,Antibiotic,C,0
36.843737956360584,2177.2396363245502,23,Antibiotic,C,1
81.27107761681108,2495.51219133188,7,Painkiller,C,0
5.440042185437272,323.32725241450794,2,Vitamin,B,0
36.6824213106587,4775.455691132276,29,Antibiotic,D,0
42.826025891139615,686.4574409445485,25,Vitamin,D,1
56.05258227910267,3502.433272772298,5,Vaccine,D,0
92.38628355921225,2555.843628649857,3,Vitamin,A,0
37.90286946476632,176.8796369278918,14,Vitamin,A,1
37.96055418014163,4627.50000552859,15,Vitamin,A,0
75.0626185704261,4266.5922036537195,18,Antihistamine,A,0
47.96070438453168,2645.076743123986,12,Painkiller,B,0
26.337458179298288,1183.264563890254,4,Vitamin,C,0
47.98175403260587,652.0333088664665,8,Antibiotic,A,0
18.38141693608099,1848.7927731890268,11,Antihistamine,D,0
21.756763718091214,1314.369991178148,12,Vitamin,A,0
52.34493841025058,2558.1214449811787,11,Antihistamine,D,0
44.797917702932054,4833.726015810973,9,Painkiller,C,0
91.9103606014695,2896.019791486725,6,Antihistamine,B,0
39.427420416080146,4455.1587266559845,24,Antibiotic,B,0
60.155893276414126,3271.8502456040974,3,Vitamin,A,0
65.06510735235538,2402.470306606642,29,Antibiotic,A,0
6.243973375891695,4280.307435530188,29,Vaccine,D,0
68.0360503415875,2383.2721453563377,16,Antihistamine,A,0
21.913416852626387,4349.709444026287,17,Antihistamine,B,0
96.30168015959823,1493.3050094000382,5,Antihistamine,A,0
19.12295913654573,687.6247151267912,23,Painkiller,D,0
44.38929175406725,4283.806598596545,29,Antibiotic,C,0
13.108218467471167,2957.7050607737006,29,Vaccine,B,0
99.703053925365,4451.007371332353,17,Painkiller,B,0
52.70852598146804,4692.244674612297,13,Painkiller,C,0
61.56157664540416,315.46053233867343,29,Vitamin,C,1
11.37226535190061,2529.798044201398,15,Vaccine,B,0
76.24624468792189,1906.0745179189198,13,Antihistamine,D,1
24.94103134408065,3147.9990654970798,29,Antihistamine,D,0
90.31515749686781,3978.2764261515013,22,Vitamin,A,0
24.488265845790682,1438.9215690731262,17,Antihistamine,D,0
23.115333463048323,2806.1520026471994,17,Antibiotic,B,0
8.472218445569013,3558.206470529253,23,Antihistamine,A,0
49.84635978544993,715.4338600368834,13,Antibiotic,D,0
58.65990765994856,4079.631184458771,3,Vitamin,C,0
11.242320745693474,3050.2425192722167,24,Vitamin,D,0
78.675123586026,4750.210313712576,25,Antibiotic,A,0
48.062439301062625,1730.6681496969318,15,Antihistamine,C,1
54.817075586120104,585.3224145691333,12,Vitamin,A,1
46.87246095913167,2557.1809451327804,10,Vitamin,A,0
43.07249078315597,474.7633199617223,23,Antibiotic,C,1
58.1658314742807,4849.156290453833,8,Vitamin,A,0
19.747823363417687,241.49054337309812,13,Antihistamine,B,1
22.283172397050755,3779.844310481175,18,Vitamin,A,0
86.86963399628414,2649.256870804108,10,Antibiotic,B,0
94.88096890269512,1874.672229866529,7,Antihistamine,C,0
40.46438504657653,375.91871431784057,13,Vaccine,A,1
30.720743948637608,3129.7262746593583,21,Antibiotic,D,0
66.17995660770649,2946.8406304852283,11,Vaccine,A,0
43.82974625431916,1440.3722016846189,10,Vitamin,B,0
7.411703787732762,4555.597421981045,13,Antihistamine,B,0
19.834496749788084,1555.3445363470425,2,Vitamin,D,0
73.01736174050276,2276.1407824309254,3,Antihistamine,C,1
67.59777448146437,2741.6241567973457,20,Painkiller,B,0
7.574119287830932,546.1477969726161,2,Vitamin,B,0
26.087355383630197,4664.20051010748,17,Vitamin,B,0
26.952105675866783,1903.9539546326534,17,Vitamin,A,0
68.82981064187919,449.8571086780009,19,Antibiotic,A,1
6.872501086664595,1967.0913096928832,19,Antihistamine,A,0
14.890315288534515,3021.0026081082747,24,Antihistamine,A,0
80.99202811045299,2592.5807255155814,27,Antihistamine,A,0
21.96174289516169,3487.9827714845064,14,Antibiotic,D,0
67.01088024592809,324.6455132361576,23,Antihistamine,B,1
27.627364199439018,1458.4760208466778,13,Vitamin,D,0
14.44693231213779,4105.191355358506,10,Vaccine,B,0
28.101358144948136,445.47375456723626,6,Painkiller,A,0
73.61535852628762,4284.65547574499,10,Antihistamine,A,0
86.29116447009714,504.88565578167595,14,Antibiotic,C,1
83.8708871338642,4180.548363713897,17,Antibiotic,C,1
42.73243531375321,1835.902585339697,29,Antihistamine,D,1
68.46808797421139,3080.4348631232183,11,Vaccine,B,0
24.473508064502994,806.791222457591,17,Antihistamine,D,0
32.84903437479626,377.5351725396452,15,Antibiotic,C,1
90.15190275950638,1118.8941098996686,26,Painkiller,B,1
6.235182733519924,682.8763986480429,3,Vaccine,D,0
13.123310431174467,1596.4091935141773,29,Antihistamine,C,0
24.749194238872594,2596.19707022955,26,Painkiller,A,0
7.520559368012873,2964.359344646797,20,Antihistamine,D,0
22.236366333530746,3959.8471315297274,12,Vaccine,A,0
60.38894829212076,3298.3874715793754,20,Antibiotic,D,0
45.0353323062873,3063.3537093912873,29,Vaccine,B,0
89.8038125523126,2088.3210360545845,12,Vitamin,B,0
82.65713836515188,2395.3517530526865,15,Antihistamine,B,0
37.472648411298216,2101.8781054813962,16,Painkiller,B,0
29.645226175972788,4218.721848803846,26,Painkiller,C,0
41.07077877589035,1188.5022401145793,8,Vaccine,A,0
61.07801953890674,78.3186111327249,16,Vaccine,C,1
30.466045878173244,3274.0334912698845,28,Vaccine,D,0
64.29414624566773,1052.1878090122154,25,Painkiller,D,1
43.89410695816784,4456.069924733556,24,Antibiotic,A,0
57.444482180938124,4302.279332047948,26,Painkiller,A,0
46.43202026785509,429.80049104461915,9,Antibiotic,C,0
32.97424715648218,576.6226067996829,5,Vaccine,B,0
95.10306416140489,2501.099381620998,19,Vitamin,C,0
77.54255044517728,3065.6521807083054,15,Painkiller,C,0
18.31075169781299,1410.7962705370917,28,Vaccine,D,0
87.50445771030172,3598.148697661885,22,Painkiller,C,0
51.3059638337038,2994.834303548414,19,Vaccine,A,0
89.98246155493868,1657.8793432553457,5,Painkiller,B,0
80.98624931499495,175.5888658094622,29,Antihistamine,D,1
45.39528292457718,3763.2438924276626,3,Painkiller,A,0
7.134584290411153,1113.0306458341595,22,Antihistamine,D,0
30.52434914156988,4180.64503014001,7,Antibiotic,C,0
56.45525039278236,2130.436787268563,12,Painkiller,C,0
65.180430883484,2906.5333410272387,2,Antibiotic,A,0
29.499330116154216,4371.09621552456,16,Vitamin,A,0
18.238827036918295,4324.933854553769,13,Antihistamine,D,0
84.31837249593342,1889.0218974556876,25,Painkiller,B,1
98.51820716683746,1084.0000189384734,19,Antibiotic,D,1
54.94056731875516,3886.973084756544,6,Vaccine,C,1
21.309532155588833,2193.747007830549,12,Antibiotic,A,0
30.869196019340052,1000.6078681170702,25,Painkiller,A,0
6.747114272009339,4526.905444469893,22,Vitamin,D,0
91.8583866232474,1030.6157614933827,20,Antihistamine,A,1
16.186352874563408,177.74548254659385,23,Vaccine,A,1
59.76906517385409,150.38587014872883,2,Antibiotic,C,0
31.03524596528457,3130.4610144486082,18,Painkiller,B,0
57.64691023900038,3325.2915505517753,9,Painkiller,A,0
66.8849368934271,1589.6564400320703,24,Antihistamine,A,1
83.82547135218415,1634.0543967729639,17,Vaccine,D,0
24.610020817257304,1730.4948795467167,27,Antibiotic,B,0
6.044603722555646,3416.784806456449,27,Antibiotic,C,1
18.00413485653669,337.7622655828015,12,Antibiotic,A,0
90.50177097556998,4649.125945822062,28,Antihistamine,B,0
88.01955736843895,1151.4791686783599,20,Antihistamine,B,1
61.754244706179286,4998.382365948357,25,Vaccine,D,0
62.04910174119707,899.0373342465756,12,Antibiotic,C,0
68.17848408189427,3869.1549636962686,16,Antibiotic,B,0
21.660271469227713,1155.892097401644,9,Vaccine,C,0
91.86913486287118,450.19166813410715,15,Vaccine,B,1
44.78319986474695,4380.919955535712,2,Vaccine,A,0
41.39816018370226,4300.818732994915,11,Painkiller,C,0
54.297182001869565,2047.6734426255266,8,Vaccine,D,0
9.46176684363023,3526.8609055751126,19,Vitamin,B,0
20.796920031827543,2807.47636678539,13,Antihistamine,A,0
75.1131935605052,4272.132762685056,3,Vaccine,B,0
12.865873452887016,1609.5270481273394,19,Painkiller,A,0
62.29945039930688,2642.1783799949767,22,Vitamin,C,0
28.30816541972549,2452.593237462525,8,Painkiller,D,0
41.98308333398777,1801.8338399714507,21,Painkiller,A,0
32.42590499321649,4462.702569554042,28,Painkiller,B,0
38.788908064170165,871.0957270795507,13,Painkiller,A,0
73.30936099250331,790.067765627446,21,Antibiotic,A,1
33.22656298420163,2905.7021998476193,26,Antihistamine,D,0
58.808440828205235,3304.596438425463,15,Antibiotic,C,0
50.22478820891447,1013.3653089065976,11,Vitamin,A,0
68.04876070945157,1984.0513391603895,10,Antibiotic,A,0
93.99882523585201,4735.491022744782,24,Vitamin,B,0
74.59434923497378,1270.7562423188363,16,Vaccine,B,0
25.419335966121892,3358.3854754811005,27,Vitamin,C,0
7.962397830822043,3713.7394988030746,21,Antibiotic,C,1
29.915084208483382,2268.23706235254,25,Antibiotic,C,0
61.53240341652421,4690.753634459936,11,Vitamin,B,0
9.885452281003783,3696.450839333013,20,Antibiotic,A,0
52.154793484117455,2316.726670311444,20,Vitamin,C,0
61.700070647104475,2868.2092487916652,13,Painkiller,B,0
36.75316962761128,3478.4365449542483,24,Antihistamine,B,0
78.23665935585308,2981.34139312463,28,Vitamin,C,0
15.126834047708321,4399.5530399390755,13,Painkiller,B,0
12.138089264901833,1816.5988782879858,10,Painkiller,A,0
74.17793183934232,1534.4344132762344,28,Painkiller,D,1
52.071675039588854,1108.5025030015584,21,Painkiller,B,0
70.39822766063493,237.02569191974592,5,Vitamin,B,1
46.30859716735589,262.9191236812739,2,Antibiotic,D,0
28.408193157715147,4356.77320589095,17,Painkiller,A,0
82.81472017904898,3408.046074709241,2,Vaccine,C,0
80.94450850205303,3319.6354564106064,14,Painkiller,B,0
70.99616473117054,3092.481953727686,4,Antibiotic,A,0
30.853788036846456,4253.634766235819,13,Antibiotic,C,0
61.07191335256327,2427.3212820448557,24,Antihistamine,A,0
39.292520209302545,4358.533601363587,10,Antihistamine,D,0
13.700296966030244,1829.2528796020838,5,Painkiller,B,0
92.14478966891306,4637.202146478498,3,Painkiller,A,0
17.997769937301335,3508.3520514021384,23,Antihistamine,C,0
95.27254861297624,1323.026823320915,23,Painkiller,C,1
47.370548431005794,2842.2203623586943,10,Vaccine,C,0
22.587628239668867,2688.501279366865,21,Vitamin,D,1
56.48059000094403,732.5991675651532,25,Antihistamine,A,1
87.92985440825879,2976.65238346554,14,Antihistamine,A,0
74.56136420890832,1608.1888373989418,15,Antibiotic,C,0
81.62330904683772,309.126395707532,4,Painkiller,C,1
67.58441983751814,4745.847980647496,19,Antihistamine,C,1
70.76627362919598,3225.377326868225,10,Antihistamine,D,0
85.67358689870534,4390.748712760693,16,Vaccine,D,0
28.718460841622665,3396.477224815603,23,Painkiller,B,0
51.49537154609835,1817.069276093559,28,Vitamin,B,0
26.01489697286221,2587.8059580276167,25,Vaccine,B,0
98.82846075968146,3394.9464637185265,28,Vitamin,C,0
94.68563727022826,4803.249009747115,11,Antibiotic,D,0
8.74554708000806,1305.6638226523976,26,Antihistamine,D,0
72.0296413889904,4381.1364401893825,18,Vaccine,B,0
92.89859015448825,4624.185136206634,14,Vitamin,C,0
22.154657787096685,3368.556797561835,2,Painkiller,A,0
58.9547969024998,4659.769805636623,12,Antibiotic,C,0
91.97138827086397,2019.499008012974,6,Antibiotic,C,0
8.22486796565089,4767.430071400192,10,Antihistamine,B,0
71.25492538844979,3528.7752419715757,8,Antihistamine,D,0
33.248155700392324,257.9285487231189,8,Vitamin,D,1
92.81763856077039,4539.020517504311,3,Vitamin,A,0
97.25053329070994,2448.1404047143033,20,Antibiotic,D,0
94.70531646577622,2328.6185746502724,21,Vitamin,D,0
50.05035058245906,2854.00969959919,19,Antihistamine,A,0
86.89405184398477,789.4535065175783,11,Antibiotic,A,1
85.23219286083169,2372.3719404086232,26,Antibiotic,B,0
35.31454495810928,4164.079722752841,6,Painkiller,B,0
83.74697004431435,126.63817273070092,17,Painkiller,B,1
8.515725297971798,1400.9399436056378,24,Vitamin,B,0
61.64563845579504,62.15020289702889,28,Vitamin,D,1
26.85083954233179,2107.7709802917493,26,Antihistamine,B,0
16.453854148841486,3655.1617769439868,6,Antihistamine,C,0
12.31055415477487,4003.920554117411,16,Painkiller,A,0
71.14743370842328,4728.689317578683,23,Antibiotic,B,0
37.288121557966285,3062.097834205393,17,Vaccine,A,0
73.85284329523233,1310.4029899318325,5,Vaccine,D,0
11.208852375899525,4624.532348226659,15,Vitamin,B,0
34.95258209390798,3887.8129817078616,25,Vaccine,C,0
56.251672775657035,2893.4209908655653,18,Vaccine,A,0
80.11870065970153,3493.419067808733,18,Painkiller,B,0
35.28148777854664,4625.365957286775,22,Antibiotic,C,0
64.45968076151587,3576.350440940962,17,Antihistamine,D,0
89.16788608243778,1873.4538125444333,27,Painkiller,C,1
63.50700287731893,3579.4896013310286,10,Antihistamine,D,0
27.131150101595207,249.37690554016996,3,Painkiller,A,0
7.318074247871111,1962.7570310613771,12,Painkiller,B,0
87.65939302058834,2061.2990076356173,16,Vaccine,C,1
7.0205940307867785,875.8492603831317,4,Antihistamine,C,0
88.09665890499895,164.27312873126237,25,Painkiller,C,1
55.24902773258514,710.237121356827,17,Vaccine,D,1
94.21143135872514,3290.3764041954228,22,Vitamin,A,0
80.88440739849821,4021.329641000253,20,Antihistamine,A,0
99.80374050066706,4941.607288998523,23,Painkiller,B,0
38.317622467912464,1764.4993403870467,7,Vitamin,B,0
77.88288744845705,3016.9271501924536,15,Vaccine,A,0
43.183436792878005,4688.8675857348535,6,Painkiller,A,0
50.58818392887134,876.8568176238555,6,Vaccine,A,0
64.61301900574516,3602.345652396576,7,Vaccine,C,0
87.99932584770218,3787.144729088358,19,Vaccine,D,0
98.48792957393303,490.42890255322493,23,Antihistamine,A,1
77.98597431712923,4313.184456656172,19,Vitamin,B,0
44.68784430589671,4074.869983198677,20,Vitamin,D,0
45.028915216321664,215.3448825583005,3,Antibiotic,C,0
75.07031865094469,500.8678536562548,18,Painkiller,D,1
27.68382884798872,293.17812476466895,29,Vaccine,A,1
15.495040747482493,1706.980482406843,2,Painkiller,D,0
38.68910497587377,2570.9805038656345,10,Vitamin,B,0
32.287704207137764,2685.121253375413,14,Vitamin,D,0
33.14927144331906,1374.950460858741,5,Vaccine,A,0
27.192736349741445,4562.404588473357,6,Antihistamine,D,0
8.99885301545438,1872.9008098659704,27,Vaccine,D,0
6.698023799674312,275.4732720284949,24,Vaccine,D,0
98.833627024923,1536.1242021298626,19,Antibiotic,B,1
45.63844770490692,2678.9916415935695,29,Antihistamine,D,0
41.51103148016976,2070.6980218117487,28,Painkiller,D,0
69.56649185584163,1405.520469541333,11,Antihistamine,C,0
25.734119347181096,700.0500863333713,26,Vaccine,D,1
95.24631247527141,4104.864275476337,29,Vaccine,D,0
79.70277636947745,4980.91894851475,5,Vaccine,C,0
13.494045219664654,1681.2335609432162,27,Vaccine,B,0
44.670173699568196,1939.0241686741895,27,Vaccine,B,0
88.51623921840564,3109.2857471509374,14,Antihistamine,C,0
94.74954211768397,3606.2852999409297,14,Vaccine,C,0
49.403143568737626,1990.5461972777769,18,Vitamin,D,0
63.27408197501723,4529.401109059985,9,Vitamin,B,0
20.868224878747146,2822.019746683146,5,Antibiotic,B,0
99.16101948301277,2279.4308782093585,24,Painkiller,D,1
27.008811631427122,3251.0301281415304,4,Vitamin,A,0
94.55951854283694,4766.379048833407,12,Antibiotic,D,0
66.716431654275,3983.0338573874424,13,Antihistamine,A,0
62.73499551349162,248.0649961488655,10,Painkiller,D,1
53.705408546568314,1694.9340581628003,16,Vaccine,C,0
26.913632113187074,2379.1961905085523,14,Vaccine,D,0
21.770163040523286,1606.861982435071,6,Antihistamine,C,0
25.94618986166666,3515.9284261107596,6,Painkiller,A,0
22.71163490370418,4140.032291819776,20,Vitamin,A,0
79.06052498884156,3670.1582211670943,12,Painkiller,C,0
38.26189962083936,4947.199769799962,10,Antibiotic,C,0
10.495054273522655,1399.1108570704941,4,Antihistamine,B,0
97.06474986337707,4381.198000370886,19,Vitamin,B,0
88.95965907152544,3844.7821926137067,28,Painkiller,D,0
93.13646690354523,1842.7848499128231,14,Painkiller,C,0
99.51624315141136,3683.916491101995,26,Vitamin,A,0
21.520048675851292,565.1759842703225,29,Antibiotic,B,1
42.64299179575258,3957.2007375857343,13,Antibiotic,C,0
77.03265519188868,2685.036482806158,10,Painkiller,A,0
71.12195871511027,1496.8363549108033,11,Vaccine,A,0
19.62011110228623,3296.0976438316916,29,Vitamin,C,1
82.50414687410868,3226.0189936363245,14,Antibiotic,D,0
26.321854324482764,1086.9568024620187,21,Antibiotic,B,0
26.262673408149194,200.46720331705438,21,Antibiotic,B,1
56.01257017487429,2196.431805163286,14,Antihistamine,C,1
61.3292938099618,2869.083753254885,28,Vaccine,D,0
60.10818974459206,4389.196127934462,27,Antibiotic,A,0
13.691249552786713,4644.673138455592,23,Vaccine,D,0
88.35878194988614,2667.5858298759936,10,Painkiller,B,0
30.232004045927077,3781.3272446542974,25,Painkiller,C,0
17.303917521866396,2224.5511980235847,11,Antihistamine,B,0
89.43106758755283,3743.1066750358204,20,Vaccine,C,0
95.78689233182656,1063.7675484488764,7,Vitamin,D,0
86.90212364021781,1886.7704372774806,8,Antihistamine,B,0
81.90402709886342,3189.4285941273934,16,Antibiotic,D,0
67.24798816070707,139.8819297550402,23,Painkiller,B,1
57.33145020786824,3626.1834861778225,20,Painkiller,D,0
13.263742191583964,4185.900731277426,15,Vitamin,B,0
43.80305524171638,2025.7512224150596,17,Antihistamine,C,0
40.40540911616983,2267.3149650269634,15,Vaccine,D,0
29.676609457230988,4263.846950471829,26,Painkiller,D,0
73.72491080041557,3889.4904448638654,21,Antibiotic,C,0
52.10819483248323,1476.3399707152064,3,Vitamin,A,0
12.699390511226554,1653.6817274796178,10,Vitamin,B,0
25.917404185232076,3410.447250333453,4,Vitamin,B,0
69.90958254766161,2837.830557618398,7,Antibiotic,C,1
12.232431651578517,853.0363769276598,6,Vitamin,B,0
85.86465683463302,1584.1530506843737,15,Vaccine,D,0
52.03892006632756,4504.917220549338,16,Vaccine,D,1
50.65572484603156,3456.463461775204,19,Antihistamine,C,0
61.27873954265417,4930.572872543321,18,Antihistamine,D,0
83.34469176288917,3846.7120234048084,10,Vaccine,A,0
38.04187475070834,4712.7734391107715,20,Antibiotic,B,0
69.41153449311103,1120.1334406588533,24,Antihistamine,C,1
58.74453657960015,3868.8501303437824,26,Vitamin,C,0
30.367685666095024,150.07672473159727,10,Vaccine,B,1
88.46984870374001,3370.262107472093,29,Painkiller,A,0
80.75547205265816,2372.947276695195,17,Antibiotic,C,0
67.55292429255041,1766.4623560043397,27,Antibiotic,B,1
85.80526426395298,4318.901543850791,7,Vaccine,A,0
87.39294909118122,4278.625078654777,9,Painkiller,C,0
72.2944827879283,160.39343924828574,26,Antibiotic,A,1
84.51626619454885,3067.0503561246833,4,Antihistamine,C,0
71.25978885858194,1870.7695103887343,23,Painkiller,B,0
69.61337331722854,2107.5219574272232,6,Vitamin,B,0
63.76808093044251,4168.601659132941,8,Antihistamine,B,0
76.50808075797592,1583.7068690620074,24,Painkiller,A,1
20.067485002842,4718.09161265622,26,Vaccine,D,0
88.6827221238982,939.1874405420967,2,Antibiotic,A,0
87.82513513579704,3330.47599567248,23,Antihistamine,B,0
7.778491888283119,3376.9200817181354,22,Vaccine,C,0
83.45259130365245,1298.366049068195,5,Painkiller,D,0
17.24263740997729,1657.5155143876498,27,Vitamin,A,0
36.83629115461848,4182.252538270705,29,Antibiotic,A,0
75.63328434770274,3820.9360120270144,17,Antibiotic,C,1
20.27219012458928,1679.0246075580599,28,Antihistamine,C,0
82.70686729131091,2693.084907327923,15,Vaccine,B,0
84.05274690598549,355.3174664528225,2,Painkiller,A,0
53.20943470727944,1083.2921178732147,5,Painkiller,C,0
5.60665781309919,2454.8117663589755,11,Vaccine,C,0
32.26862265161671,475.5699896320974,12,Antibiotic,D,1
63.60805724569551,4224.49515671509,8,Vaccine,B,0
98.21268691260524,3604.130740032857,5,Painkiller,B,0
65.02228506658349,4720.986669710049,2,Vaccine,A,0
29.681340201095182,3482.6611845219345,27,Antibiotic,C,0
65.23054179446308,4704.986792697819,2,Antihistamine,B,0
56.29861107300627,2794.837150670277,18,Antibiotic,A,0
79.08531253935864,3021.0821247567483,28,Vitamin,B,0
15.16316068856105,4886.0067203999915,11,Vitamin,A,0
77.29765073769266,3228.5392769780888,6,Vaccine,C,0
56.420324974230475,202.39351586069566,8,Antibiotic,B,1
96.4842403666045,3632.82374432109,26,Antibiotic,A,0
37.47785577367518,4532.070026080208,9,Painkiller,A,0
65.09907984772508,3988.122236481917,3,Antihistamine,C,0
93.54267002345166,2939.974699495842,10,Antibiotic,B,0
14.73842415911453,3372.952389812906,5,Vaccine,A,0
94.03670628746286,4951.449356795775,13,Painkiller,A,0
70.34914361857727,498.7773381212247,27,Painkiller,A,1
11.44452061499133,3352.861901734536,12,Vaccine,A,0
33.59153885994755,1452.8185881244394,6,Vaccine,B,0
72.27634842130175,3218.447463101542,13,Antibiotic,D,0
11.398307139533312,3057.736700625497,28,Antibiotic,B,0
60.30619371674596,809.6113189354023,22,Painkiller,A,1
37.85889041053089,1073.3958964141839,5,Painkiller,B,0
63.98697418791033,3127.066411313907,14,Antihistamine,B,0
9.345493212188721,684.7382391536819,23,Painkiller,C,0
87.79599658447574,1362.645331895098,2,Vaccine,C,0
97.4814520718527,4184.465461303112,19,Vaccine,A,0
97.0433962521407,1669.1029547081112,5,Antihistamine,D,0
76.21692401557785,2465.8977735348317,5,Vitamin,C,0
17.35819281241004,4708.644658971909,9,Vitamin,B,0
77.03500361325715,1174.3879897428842,26,Vaccine,A,1
7.3357570635861435,1978.6487859221513,29,Vitamin,D,1
7.101737395254739,3051.9659889405507,21,Vitamin,C,0
35.74297081920642,3788.927701044662,7,Antihistamine,A,0
51.421103088443246,4513.184264227891,5,Painkiller,D,0
78.18870469174036,4581.5912884889,5,Painkiller,A,0
69.913060777618,3894.3683681444836,29,Vitamin,D,0
47.360757105791095,1180.2376411368866,12,Antibiotic,C,0
30.99453329675826,172.80618371070074,29,Antihistamine,B,1
99.72682751498256,1949.6809552603377,10,Vitamin,B,0
45.48722371241743,750.6668123897255,15,Antibiotic,C,0
47.88176731131917,3566.4188548195757,5,Antibiotic,C,0
20.54426301320857,3322.596404787298,14,Antihistamine,C,0
80.5069071312433,267.6596260262014,7,Painkiller,D,1
70.89981144924143,4191.139206698208,14,Vaccine,D,0
25.973113214932237,1281.279168141352,26,Antibiotic,D,0
12.826199333505055,2189.524023680659,4,Vaccine,D,0
69.64743369709774,3356.271990505925,24,Vaccine,D,0
67.17856535670785,2175.622994918654,8,Antihistamine,D,0
30.959655064829885,2234.37462385972,2,Painkiller,D,0
95.33203841378898,374.85857691191484,12,Antihistamine,C,1
19.35049971918552,2037.1455688370188,3,Antibiotic,D,0
46.07180609904718,3835.9970714389183,6,Painkiller,A,0
94.64351241592189,4580.122869073659,25,Vitamin,D,0
44.87409510798162,2096.81082846369,23,Painkiller,B,0
65.65996502808812,2146.74984305144,15,Antihistamine,B,0
42.77146780646546,3528.004176302078,14,Antihistamine,C,0
31.05044422312365,4716.721405471119,17,Vaccine,B,0
98.47787655618369,1371.9516541848332,24,Vitamin,B,1
43.88673059992909,2228.7138223627876,16,Painkiller,B,0
89.93942434951776,3990.0675555838907,4,Vitamin,C,0
26.845687559653186,3067.9831684014907,7,Vaccine,C,0
25.244946882382912,597.4024026215759,10,Vitamin,D,0
7.957737874028579,3157.2770410332155,4,Vitamin,B,0
66.90834841070908,974.3941087567681,14,Painkiller,D,0
40.01000265375731,2575.5688736881007,14,Vitamin,C,0
87.11403373476551,2669.0611749191703,23,Vaccine,D,1
49.95494113569793,4387.206643013675,8,Antibiotic,D,0
96.97837565189856,2339.346656361569,6,Antibiotic,B,0
22.62492399179651,1433.2399900676764,27,Antihistamine,C,0
87.51920095578302,1193.2834236693564,9,Antibiotic,B,0
78.77670101521547,4377.5467895874635,9,Painkiller,D,0
78.23757524118494,896.5037293702305,23,Antihistamine,C,1
85.25440667110433,2158.0493763715613,8,Antibiotic,D,0
77.29727913958489,976.5069188883876,20,Antibiotic,D,1
64.49093055498446,3877.854998566158,8,Antihistamine,B,0
17.46826337982682,2398.144567874364,24,Painkiller,C,0
8.089987051668931,1788.1612682562197,5,Antihistamine,C,0
92.48054554249025,1837.4432211010107,11,Painkiller,B,0
63.58177987947011,4268.460323278749,14,Painkiller,A,0
80.67104264273675,2791.1810737574688,5,Vaccine,B,0
50.74462339369226,3603.4458630997547,20,Antibiotic,B,0
16.144277951427476,4490.340655440888,11,Antibiotic,A,0
16.89265025924229,4513.621296401178,8,Vitamin,C,0
70.12870228675229,1676.1198189724225,6,Antihistamine,A,0
45.87906001544896,4764.633752574608,4,Vaccine,D,0
24.049849036531988,173.13561597229693,23,Antibiotic,D,1
51.7014819404365,1915.33602703002,29,Vitamin,B,0
11.09984902213774,4484.204344668766,23,Vaccine,D,0
60.287283181867885,1409.4525550940655,23,Painkiller,A,0
30.55437342133428,1401.753179090526,3,Antibiotic,D,0
80.76811456053288,1547.980311155349,12,Antihistamine,C,1
34.48438609773951,3080.951254992265,11,Vaccine,B,0
48.245914162771115,2219.7472392910513,29,Vitamin,B,0
6.10395129126956,3647.337439949046,24,Antihistamine,C,0
11.882454340483093,4479.807680695096,14,Painkiller,C,0
42.286887858635055,3387.2869059671602,8,Antihistamine,B,0
50.594189298126736,1062.1102649779987,11,Vitamin,C,0
62.001952071333854,4666.775416684486,29,Painkiller,D,0
32.707944977383804,1359.2397230700185,5,Vitamin,D,0
71.02327918202154,791.9767618743828,28,Antibiotic,D,1
86.71162773297443,495.33803036175647,23,Vitamin,D,1
79.08584394486823,2838.7495162975197,21,Antihistamine,A,0
8.763788408093928,613.1241892792265,17,Antibiotic,A,0
50.64815998949375,736.9406263575222,21,Antibiotic,A,1
14.968366949726612,1535.1508789477084,7,Vaccine,A,0
27.99427650694011,1444.1823979380958,10,Antihistamine,D,0
98.73294636037892,3040.9855761441045,29,Antihistamine,D,0
18.53707657564376,4092.889133389773,14,Painkiller,C,0
52.39437457787883,3818.6807982043174,8,Vitamin,A,0
63.724794760221315,1349.2980508465598,19,Vitamin,A,0
71.73417220168987,1264.2869650306006,15,Antihistamine,B,0
58.16662493125684,4830.66807402949,23,Vitamin,C,0
5.928230504822448,90.76939588020261,6,Antihistamine,D,0
36.01382428317923,4404.616638648068,23,Antibiotic,C,0
54.182606121547586,1038.6561696559047,14,Vitamin,C,0
13.347317418759168,4739.057399294351,25,Vitamin,B,0
38.309558464872175,1744.4210598962225,9,Antihistamine,B,0
8.154295335179825,2229.741280771599,16,Antihistamine,C,1
12.46495722972697,3550.247039024686,20,Painkiller,A,0
42.70771123915163,2958.9618047926388,10,Vitamin,D,0
17.607996634090732,1623.7996820487729,7,Vaccine,B,0
58.91638058484802,2791.4630335457264,24,Antihistamine,B,0
70.49917206804024,3666.999077596287,26,Vaccine,D,0
81.05573641536287,259.55798221733585,15,Antibiotic,B,1
24.01427320325696,105.43656101573538,24,Antibiotic,C,1
20.910845314611628,2317.431348410812,11,Vaccine,D,0
14.933944831768024,702.5912581273952,10,Antibiotic,A,0
65.46087370664549,3338.5042427503363,18,Vaccine,B,0
72.11519401625561,1109.5596583257993,14,Painkiller,B,0
8.000683758435994,2192.6129786385713,18,Painkiller,C,1
93.94016339315053,1028.4711375276313,20,Antibiotic,A,1
9.93727194688988,2764.9937494581663,14,Vaccine,B,0
56.423151853601695,624.4646239536161,10,Vaccine,D,0
72.36074934783706,164.37892129802728,2,Vaccine,D,0
87.74206675587813,303.1016086281511,2,Antibiotic,C,0
72.83825855258064,4773.579285500784,6,Vaccine,C,0
81.16416789163023,754.3167821241324,9,Antihistamine,B,0
37.24776829156657,3556.9673530273344,19,Vaccine,C,0
82.40838580591866,386.23471090298995,5,Antihistamine,D,1
12.61091040654414,585.3937435641517,23,Painkiller,C,0
90.00758232575012,2568.9374444762066,2,Antihistamine,D,0
57.02127573460494,2351.111104264001,16,Painkiller,B,0
82.6432881464369,4760.3225317273545,21,Antibiotic,D,0
47.97023702923851,4726.93549245265,5,Painkiller,C,0
66.13988104366987,3909.0627805852023,26,Painkiller,D,0
55.008252788930754,3030.404059130381,10,Vaccine,D,0
74.50100456675654,2302.0535710954045,23,Vitamin,A,0
12.75484829290601,1813.0837449256842,25,Painkiller,A,0
10.73344797910356,4738.083357528999,29,Antihistamine,B,0
28.47480723096391,3034.3986165521933,27,Antibiotic,D,0
20.15674461075289,2916.4090120456726,21,Antihistamine,D,0
87.81943882625916,1197.9105527561285,11,Antibiotic,D,0
25.82532879901421,281.1541985313097,25,Antihistamine,A,1
97.70719930281747,4728.683469809745,16,Painkiller,D,0
37.00510021825515,1602.989531281037,4,Vitamin,A,0
22.30120199042643,2240.8156654560707,3,Painkiller,B,0
80.02135817853552,617.4677207492489,23,Vaccine,D,1
67.57723867258323,4192.775433050995,6,Antihistamine,D,0
52.3285930630482,186.7775726368566,25,Vitamin,C,1
57.75953733907497,4178.254272390528,2,Antihistamine,A,0
73.32416893586506,744.4108133004356,12,Vaccine,C,1
26.70320042647338,4438.492357524203,13,Vaccine,B,0
99.65172202539048,3662.374554813979,27,Vaccine,A,0
97.6053504039444,865.1177994111603,4,Painkiller,D,0
66.780940202959,2850.799064654367,24,Painkiller,D,0
23.95653283826879,1597.6487560583364,17,Vitamin,D,0
69.62168303097268,932.2538396123381,27,Vaccine,D,1
11.858848853021705,4302.951887084987,15,Painkiller,B,0
7.9119877095515765,2047.4376942107856,13,Antibiotic,D,0
29.4798744085653,2022.7913861086433,21,Antibiotic,D,0
48.94918089023505,890.939040292769,27,Painkiller,D,1
87.48588801379616,1946.1750966246045,17,Vitamin,C,0
74.08106162779926,4364.503389327809,22,Antihistamine,B,0
75.5571195139982,1847.4871169236978,9,Vaccine,A,0
45.42186677256716,4760.4376343739505,18,Painkiller,B,0
37.86382429196148,4734.229051081518,18,Vitamin,B,0
40.24868248353726,767.2483635713628,29,Antihistamine,B,1
98.82670855492549,927.6907049370922,8,Vitamin,D,0
8.810373184185835,4320.236648142852,16,Antihistamine,C,0
87.36799213163262,1994.16654867736,29,Antibiotic,C,1
59.97416381437738,71.65121230089622,10,Antihistamine,C,1
46.66846482301109,1405.6655075415865,5,Antibiotic,C,0
73.89947773943797,3008.2635163180216,9,Vaccine,A,0
51.233549435346774,4006.3665315018416,11,Painkiller,C,0
87.97520761775775,710.2736546116348,16,Antibiotic,D,1
90.56667708106956,597.1797538628399,24,Vitamin,D,1
45.063488052978265,4614.358635183042,19,Antihistamine,C,0
31.2986407373299,3768.184420721784,15,Vitamin,A,0
61.27328121636941,2969.409023851488,6,Antibiotic,C,0
91.67451783358564,3857.4746104798437,10,Vitamin,D,0
25.012907955538324,2172.8290884678604,14,Antihistamine,D,0
64.18182543853086,3804.3559491801766,26,Painkiller,D,0
64.99822090878945,1890.424806808952,20,Vitamin,B,0
74.64573712945169,1258.2681338383816,12,Vaccine,D,0
17.498930087089683,3658.616435400195,13,Antihistamine,C,0
73.0033716447984,2127.377846178478,4,Antihistamine,D,0
91.3580894632359,4907.816666414665,3,Vaccine,A,0
22.069895342672986,1779.9516524250998,24,Antibiotic,B,0
27.566615867768377,4612.550731628777,23,Vaccine,A,0
97.28253393395576,4668.164615407043,16,Antibiotic,D,0
22.19281050740153,1247.1720879704933,6,Painkiller,B,0
86.16658387011002,4001.1948488606663,8,Antibiotic,B,0
51.766396362563306,2193.7188004655973,5,Painkiller,B,0
28.486952068301818,4591.7473997902225,6,Painkiller,D,0
87.72124062088858,2278.115149544432,26,Vaccine,A,1
47.30399922525322,3734.3034008199625,17,Painkiller,D,0
53.90764862332057,2361.4886753607993,16,Antibiotic,B,0
39.12717009297774,1177.6137407786382,28,Vitamin,D,0
61.33033088631811,1036.7831382761972,17,Antihistamine,B,1
20.53476789557716,2155.8844115689108,26,Antihistamine,B,0
42.15274598191727,3789.698552220364,5,Antibiotic,B,0
97.09417062185231,3045.1038516447957,7,Vitamin,D,0
29.522676106607115,3458.7149850076894,19,Painkiller,D,0
67.38998313142275,1447.5154361231153,4,Antibiotic,B,0
35.89305610134601,2433.104962490147,26,Painkiller,C,0
78.47994694022707,269.7565615981687,23,Vaccine,A,1
17.432997768243233,4096.785458992697,25,Vitamin,B,0
97.13299928246175,4949.96620308738,28,Antihistamine,B,0
48.110006431445726,2064.051359992121,6,Antibiotic,B,0
27.424794017914074,104.27008300113958,3,Antihistamine,B,0
11.982190996351203,890.4735657771895,24,Painkiller,B,0
21.12700098331637,3280.008044864573,17,Painkiller,C,0
54.37852511282168,3079.792625109103,7,Vaccine,D,0
37.0153017609722,3949.9303619484426,28,Painkiller,C,0
83.7439197588479,1306.7258542572874,16,Painkiller,B,1
45.93431474787156,3829.9779819583136,19,Antihistamine,B,0
28.62785589582484,3455.5209065421654,7,Antihistamine,B,0
63.62877372738286,1647.9317636835244,14,Antibiotic,D,0
72.14383560411736,2750.166332881962,25,Antibiotic,A,0
20.868981250590238,779.0053520667173,14,Painkiller,A,0
20.92382554739018,2290.194292006134,2,Vitamin,C,0
8.483785558686582,4411.926830800423,17,Antibiotic,C,0
74.95819143123585,2134.8973301356846,5,Painkiller,A,0
68.06143012407148,4205.855197053339,18,Antihistamine,B,0
50.089933196232316,2971.7541580354873,19,Vaccine,D,0
85.19619265207373,999.789729856666,17,Antihistamine,C,1
81.53866453025505,2926.475911254587,2,Antihistamine,D,0
60.60866461769145,2554.617479327464,7,Vaccine,B,0
87.48577164875957,2023.274609222101,12,Antihistamine,B,0
24.554914953492982,642.1706756045481,7,Antibiotic,C,0
15.632363842784148,2112.7078860437878,18,Antihistamine,A,0
30.626213094114014,410.17376238615424,5,Vaccine,A,0
10.42325132848491,538.9068044238187,15,Painkiller,A,0
55.46110516009804,2108.7868380169443,15,Painkiller,B,0
93.97754076802134,1561.6383357438954,21,Painkiller,B,1
8.737636363508416,4631.444413018006,9,Vaccine,D,0
16.600441830952548,1909.7437366323393,23,Vaccine,D,0
47.95890768692635,3801.397704256896,3,Antibiotic,D,0
93.71812666515096,2674.7252555129016,6,Vaccine,B,0
35.0348299727913,3535.2240597795603,5,Painkiller,A,0
53.18730682539728,1337.5741159262259,11,Vaccine,B,0
8.94942160978725,4712.429615549729,21,Vitamin,D,0
19.092604091398442,2673.9380597263985,29,Antihistamine,D,0
98.72986168109045,4165.054152861986,25,Antibiotic,D,0
96.68627616142433,1856.9761827067618,22,Painkiller,D,1
5.469298188768914,546.0461778000964,4,Painkiller,C,0
95.4221196152077,3384.8726562182014,17,Vitamin,D,0
65.71639409247254,88.4102592702512,11,Antibiotic,B,1
87.4522379794021,2402.700233999266,29,Antihistamine,C,1
48.20028628521661,1004.3694181989732,16,Antibiotic,A,0
53.98162271502877,3155.5087469550426,5,Antibiotic,B,0
51.44042512440742,4898.128372032368,2,Painkiller,B,0
68.35210446687992,2348.7943862871975,23,Vaccine,A,0
18.266869201849726,4096.61636980205,28,Antihistamine,B,0
7.847491037904406,2563.531725408049,16,Antibiotic,C,0
34.25334445116314,2504.408153964919,11,Vitamin,A,0
71.94467245998143,4655.5962912349505,21,Painkiller,C,0
24.176077951680096,4455.331050296073,23,Vaccine,D,1
68.97608116586714,3939.7123026804734,19,Vaccine,A,0
97.1416443801907,1516.4659789180814,17,Painkiller,C,1
13.920567999994747,2747.7916578335057,22,Antibiotic,D,0
68.89720123138699,1158.2913048631408,28,Painkiller,C,1
47.15627083393426,2247.3876553303717,10,Vaccine,C,0
87.47351416586301,2446.8546755109637,25,Vaccine,B,0
21.82922999750166,4166.618198838188,20,Vitamin,D,0
70.79946546148562,4485.340408358716,18,Vitamin,B,0
84.62095251657047,2102.3693088625655,11,Vaccine,D,0
94.7383508500322,137.63700311252416,20,Vitamin,D,1
69.90856268751635,4315.780506957305,9,Vitamin,B,0
52.2316025808006,912.6794585817354,28,Vitamin,B,1
63.695487819115314,3128.315721257448,20,Vaccine,B,0
87.54597352547823,173.60595714894941,6,Antibiotic,D,1
59.20792593068882,2027.5570525397932,3,Antibiotic,D,1
7.886770671199502,4930.503495470982,16,Antihistamine,D,0
93.44012607316289,548.4333254638253,18,Vitamin,D,1
70.50504134799831,2147.2811023982295,28,Antibiotic,D,0
69.26877164883842,1570.3922534402632,11,Antihistamine,D,0
25.48913947778313,4530.186210771908,22,Painkiller,C,0
67.59411967210244,4353.233534141408,22,Vitamin,B,0
42.41711853714506,1226.6088635158328,23,Antibiotic,D,0
66.86713281894174,451.8795458996343,3,Antibiotic,C,0
15.126337879259118,3154.3350506025317,10,Antibiotic,A,0
67.49530393728843,1715.0251238243634,3,Antihistamine,C,1
99.94430394821332,3376.8177335000123,19,Painkiller,B,0
9.580143691752824,208.99279253568164,13,Vitamin,A,0
97.83154750102514,710.3262141285726,16,Antibiotic,D,1
43.656256268672706,3447.5425522245846,22,Vaccine,B,0
87.72157778203962,1101.234743747364,26,Vitamin,A,1
79.32662098553598,4295.058995023888,21,Vaccine,C,1
58.86654479373344,340.0248941651704,7,Antihistamine,A,1
75.15267487887601,1116.6358147885944,19,Antibiotic,B,1
88.45897832362805,4992.87323000109,14,Vitamin,A,0
43.393330556848134,2193.7267078046234,5,Vitamin,C,0
36.06815034850767,3529.6800345459856,13,Antibiotic,A,0
68.42137162854056,954.1820918422177,10,Painkiller,C,0
81.74536448441957,3068.850238178412,3,Antihistamine,A,0
77.4170878037785,3644.2250384286217,17,Antibiotic,C,1
80.79229664157027,1606.6593475392272,2,Vitamin,C,0
46.380414907228634,4153.0407042805955,5,Painkiller,C,0
82.69425053662705,3036.9170134378023,16,Vitamin,D,0
16.419860260207802,1976.1588975943996,21,Vaccine,C,0
56.726464306280704,2810.3298470486347,2,Vitamin,B,0
5.5470727473215495,2904.966194807825,21,Antihistamine,C,1
35.83565384052568,869.3996988346368,16,Antibiotic,D,0
39.8138458127828,2043.5252308414824,4,Vitamin,D,0
42.63640570287926,1749.981410696491,14,Vaccine,B,0
71.0693846355369,2034.468476766674,19,Vaccine,C,1
41.913019620682846,3817.497413002027,14,Antibiotic,D,0
47.625894149140414,2438.5651169600296,11,Vaccine,D,1
27.56669243306111,4704.564958534358,21,Antibiotic,A,0
40.458920204787304,1503.6982461242592,25,Antihistamine,A,0
26.59061458999939,2107.7327125103984,8,Antibiotic,B,0
11.953612758002146,3945.436211871255,26,Painkiller,A,0
62.3276163712309,2752.821736937714,9,Vaccine,C,0
68.48021586272654,2757.7893248010164,2,Vaccine,A,0
63.851582870913376,314.0338068756584,29,Vitamin,D,1
49.03193416105437,2023.0683304563563,19,Painkiller,B,0
41.07964911702683,1390.1319754875758,13,Vitamin,A,0
87.0166967093234,4996.708858014021,19,Antibiotic,B,0
54.312769587940714,1576.3575996299357,29,Antihistamine,C,0
50.522278374824445,4428.2578472296245,25,Vaccine,C,0
7.435996251611391,3397.3569884503636,13,Antihistamine,A,0
37.418543624484855,1737.5362255008476,21,Antibiotic,A,0
41.11858378465642,2740.495172951912,10,Antibiotic,A,0
42.88816418520555,4210.652605748509,3,Painkiller,D,1
60.11637507659657,4422.673075253014,15,Vitamin,C,0
55.69224193905345,843.9496812804188,5,Vaccine,D,0
62.75098381537724,1730.8870489804397,16,Vaccine,A,0
77.66390984650218,1709.3547420571797,18,Antihistamine,C,0
82.23364517802888,258.1217405759262,20,Painkiller,D,1
73.22169224151696,3011.276911266888,7,Antibiotic,D,0
95.7747511157188,4281.359262311331,10,Painkiller,B,0
6.732095354254355,1938.793219736313,28,Vaccine,D,0
23.59890863993688,3713.177927671676,18,Vitamin,A,0
5.718473122923501,3157.1170473236625,16,Antihistamine,A,0
66.5100978446873,1909.461240690354,6,Antibiotic,D,0
90.31290215024876,748.2460074868706,29,Antibiotic,B,1
28.13081817474843,3561.153071241038,19,Antibiotic,B,0
93.06828175564914,4280.09758625914,24,Vitamin,B,0
10.725402077508281,3444.979737387385,5,Vaccine,D,0
93.77142254652385,138.49849597234942,22,Vaccine,D,1
38.40415528776527,1120.3528272354067,25,Painkiller,B,0
14.63497870267557,393.92592517348294,3,Painkiller,D,0
51.15781712270093,2873.4111929023225,20,Vaccine,C,0
29.393773933448255,3794.5645102600415,28,Antibiotic,A,0
32.06292568638267,597.3669759898642,6,Vitamin,D,0
34.19254666799722,4199.7722119372565,27,Vaccine,C,0
81.28746029410303,2799.7694430576416,5,Vitamin,D,0
56.22032128414918,3465.3466101015383,6,Antihistamine,C,0
34.57423141982035,4858.439150612799,20,Antibiotic,B,0
62.98170941453724,464.2208918261017,14,Antihistamine,A,1
73.03431405120338,4511.058913740057,17,Vaccine,D,0
30.89928006968571,674.208345137676,13,Painkiller,C,1
44.287164644908394,1995.1460928515771,10,Vaccine,C,0
16.579178867010018,4264.621546839016,25,Antihistamine,B,0
22.20918820579463,4535.9584718524475,17,Vitamin,A,0
69.70619612667336,2556.5397840484693,15,Vaccine,A,0
22.23664303108456,2990.8179594633543,23,Painkiller,A,0
54.89052144837071,3555.329306262858,2,Antihistamine,C,0
72.35939486363111,4172.155408840935,21,Vaccine,D,0
15.153307694000665,651.4802892114475,24,Antihistamine,D,0
58.89466086474584,4059.843075734677,27,Antihistamine,B,0
29.37346445162956,2432.316945032503,22,Antibiotic,A,0
96.47805314757008,2280.5859542854364,5,Vitamin,D,0
50.93683643839285,2148.303772385141,10,Antibiotic,C,0
81.56929222864002,2570.5973469679107,25,Antihistamine,C,0
57.27152150484487,4728.000239303287,20,Painkiller,A,0
9.12419062120782,2763.6086753211503,15,Painkiller,B,0
65.14938068143212,4768.228814402539,23,Antibiotic,B,0
95.38331750963242,942.4361465474209,13,Painkiller,A,1
62.15312291390146,3634.473095221534,29,Antihistamine,C,0
82.82294164554507,4070.5857161132985,5,Vaccine,B,0
88.99961401809874,3411.6877151075664,8,Antihistamine,C,0
26.667578335148583,3054.265287121375,18,Vaccine,C,0
25.14425979128153,2845.823266376602,2,Painkiller,D,0
63.04319394084421,4311.605888764545,15,Vitamin,B,0
44.04770463163695,4117.150655964275,16,Vitamin,C,1
84.78682377233844,655.3291698439676,13,Antihistamine,D,1
90.50219672281106,4250.508902302847,13,Antihistamine,C,0
38.57503103375822,2099.6396662301904,7,Painkiller,A,0
27.502703102575797,1305.7993084792633,27,Vitamin,B,0
79.14992394816687,4355.354411668933,28,Vitamin,C,0
31.10657337707293,2188.5227581870213,14,Antihistamine,B,0
83.14836025879944,4051.4052163752426,17,Vitamin,D,0
45.25513409663247,1353.8478791814302,15,Antihistamine,B,0
68.4172404326897,69.45014103997812,8,Antibiotic,C,1
14.075854814293477,2502.523004869575,26,Vitamin,B,0
64.26663584427445,546.1298703822771,17,Vaccine,A,1
47.91792948003677,3784.1609798483028,24,Painkiller,A,0
60.72780400167004,1416.5719235435813,10,Antihistamine,D,0
20.961349735762024,2246.04595068722,27,Vitamin,C,0
75.0030057696973,480.8161472031935,15,Vitamin,B,1
86.96572236660671,1468.9632798139007,26,Antihistamine,D,1
25.590281008623688,3918.376704129931,25,Vaccine,D,1
14.092882774415363,800.3601639164814,8,Vitamin,C,0
7.245665674401957,3253.4398275784392,13,Antibiotic,B,0
65.98729254211027,4591.257971382281,4,Painkiller,D,0
62.673933428434175,3415.1919608007156,28,Antihistamine,D,0
56.936254207836654,4064.557361996523,15,Vitamin,C,0
27.034974131017666,589.4095650543832,20,Painkiller,C,0
42.13606961102389,1291.1225387101695,12,Antihistamine,D,0
61.47525184268644,4477.967318590926,6,Antihistamine,B,0
52.19285159162109,3589.7727874095417,24,Antihistamine,D,0
98.8396244204143,3215.79144056769,14,Vaccine,A,0
17.961776492889648,3335.645343802415,29,Antibiotic,C,1
71.03873263452141,2100.292743807985,11,Antihistamine,A,0
43.410282969907755,270.5553265073834,8,Vaccine,B,1
45.6789634179334,3932.9856332501085,18,Antihistamine,C,1
73.17178773752674,3409.6305192660016,17,Antihistamine,B,0
70.78143437581511,2390.3820973579873,9,Vaccine,A,0
99.1693194017079,4503.810096072874,18,Antibiotic,B,0
17.197457498141898,1713.9903416762393,14,Painkiller,C,0
14.890416691495801,1506.8926339446177,12,Vitamin,A,0
73.81218762723041,4370.341809143242,21,Antihistamine,C,0
59.94675711560886,3995.088891056978,19,Antibiotic,A,0
31.04526332318156,2599.1500627093064,6,Vitamin,D,0
12.544840053953727,697.1369603163573,7,Antihistamine,B,0
13.1375337116609,1114.6037837520096,21,Vitamin,B,0
89.94813309309124,3298.328552523593,15,Vaccine,C,0
23.227395848280576,1955.9541273100378,13,Antibiotic,D,1
35.72029840097447,4190.542298746557,5,Antibiotic,C,1
26.53235821156386,4752.27729619441,8,Painkiller,C,0
38.724649054034046,4037.9027801108455,12,Painkiller,A,0
11.59526506087887,1918.849843828008,21,Vitamin,D,0
54.31068013628568,3953.9978246955493,3,Vaccine,A,0
11.423193541260416,1789.636283679883,5,Vitamin,C,0
81.03386824312435,877.1454344398878,8,Antihistamine,A,0
27.202647781491137,215.2963640859941,2,Antibiotic,A,0
56.301131887428504,1959.2977281670492,16,Vitamin,B,0
88.60751331833853,4522.618553301545,21,Vitamin,D,0
66.83335005948345,1232.9836093905988,23,Antibiotic,B,1
55.63098972237685,1072.2401664024308,25,Antibiotic,D,1
35.81170654596068,4850.6128869431495,9,Painkiller,B,0
36.63518174052881,173.770358610431,26,Painkiller,C,1
68.60126074382806,3939.6216444490838,6,Antibiotic,B,0
99.44323931601092,1640.7812809173083,15,Vitamin,D,0
67.87472303569098,235.5653865048137,19,Antihistamine,D,1
57.989424650152365,4593.122574037439,4,Vitamin,D,0
74.41179847272838,741.2295345374389,3,Antihistamine,B,0
49.19453316695322,2781.3074544421925,26,Antibiotic,A,0
10.713522547074597,1406.5683267762615,23,Antihistamine,B,0
58.418197508401434,372.7043708142206,17,Painkiller,A,1
95.97440202801111,297.11630403372646,15,Antibiotic,B,1
21.653779523977665,622.005659239877,17,Vaccine,C,0
70.55046462796325,403.26671875243125,12,Antihistamine,C,1
24.088700422610366,3814.7626718236183,29,Antihistamine,B,0
55.90363002494272,2453.5527013029746,18,Vaccine,B,0
14.184262716438363,1747.3158521774494,4,Vaccine,B,0
47.78523894452759,2120.9261051534354,24,Antibiotic,C,0
76.83551624504838,4648.286341084486,24,Vitamin,A,0
38.0192948027033,4558.221473053829,6,Vaccine,D,0
68.16661382628571,3592.5985766067556,4,Antihistamine,A,0
80.56774627502428,4429.177768237354,16,Vaccine,B,0
93.081892850548,1632.2577365587426,24,Antibiotic,C,1
27.290997776268085,1936.491163741,6,Antibiotic,D,0
42.935012001884274,3087.875300178429,23,Antihistamine,A,0
19.479521266389654,3136.948439121458,4,Antihistamine,B,0
99.28593270504565,2434.414198161088,7,Antihistamine,C,0
93.06509195280806,2033.2563497678686,24,Vitamin,C,1
56.29592737665316,4931.59254246304,15,Antihistamine,D,0
84.99316296576002,4114.561949282735,25,Antibiotic,A,0
54.491007840844006,2203.151979545824,3,Antibiotic,C,0
64.24064036026218,3650.097762335864,19,Vaccine,B,0
13.46682105102158,1384.3303815996744,7,Antihistamine,B,0
76.75068994719675,545.8381648747829,25,Vitamin,D,1
17.132780945347307,1794.533576486066,6,Painkiller,A,0
83.4764248739902,2044.7153606108013,15,Vaccine,C,0
79.29266832868666,131.8587665753205,18,Vitamin,D,1
72.33074628558276,4083.2204080976853,12,Antihistamine,A,0
8.4352361498524,1828.0073418264485,2,Vitamin,A,0
33.79719381480622,2923.069920611728,11,Painkiller,C,1
29.995694141530073,416.117776991232,10,Vitamin,D,0
39.212958709794314,916.2343023153907,21,Painkiller,D,1
13.326060942564661,4453.983940371422,13,Painkiller,D,0
94.01099318795096,3063.003263019864,27,Painkiller,D,0
57.61121286767575,4753.906048343903,2,Vitamin,A,0
34.024809512512235,4993.812670237019,28,Antihistamine,D,0
42.71324412205693,1890.7075708988173,25,Antibiotic,D,0
47.48424134795939,1529.0751672122094,19,Antibiotic,C,0
62.056461669258645,4298.862473037529,13,Vitamin,B,0
53.98954563116729,4993.126563835398,3,Antihistamine,A,0
92.34223745536964,3166.724109450664,2,Antibiotic,C,0
52.21153087605387,3985.9465764320357,2,Painkiller,C,0
99.2550114082147,3919.6420011356086,26,Vitamin,C,0
85.88537098578409,1808.9315556867575,2,Vitamin,A,0
24.8084988639469,2892.6383822725816,23,Vaccine,B,0
93.40654539117205,4173.631859257857,13,Vaccine,A,0
16.054807799120226,3456.1636874922247,8,Vaccine,D,1
82.6577223066632,154.7608792110894,5,Antihistamine,B,1
41.159212880275106,1716.6930610427908,22,Vitamin,A,0
88.4075604422816,765.1546981432965,21,Vaccine,A,1
87.46538556020778,1203.2124497862935,5,Vitamin,D,1
81.562913011174,4532.172913582062,27,Painkiller,A,0
80.05289144917083,232.62178010830235,16,Vaccine,B,1
33.944518214313874,1138.0135242115225,2,Vitamin,C,0
12.687331889868958,1582.3682935792458,7,Antihistamine,A,0
43.28311698269034,3103.5761562336543,15,Antihistamine,A,0
21.484828923718325,2693.803365925034,27,Antihistamine,B,0
71.02035344573386,1130.4339401242612,15,Vaccine,A,0
37.87947402108963,862.9932827546146,11,Antihistamine,C,0
97.68296908169192,1222.1502712507881,8,Antibiotic,D,0
65.89234734780655,2537.521652173195,24,Painkiller,D,0
83.13565354526429,1392.330039270457,25,Vitamin,D,1
17.5898439104756,4740.632382958225,24,Antibiotic,C,0
86.89137581589914,2346.1328460727955,23,Vaccine,D,0
92.66193309877247,341.04028189595346,13,Vitamin,B,1
51.27088228779891,3659.8687088913352,25,Vitamin,B,0
62.59402908634286,1677.7841766344986,20,Antihistamine,C,0
77.65693108578456,3284.7702136883254,10,Vitamin,C,0
21.60966958973919,1433.9921340899984,4,Vitamin,C,0
52.74377726402703,2875.1815215799334,5,Painkiller,B,0
42.87298763836974,3872.15489879695,14,Vaccine,C,0
18.905529255413665,4643.643271784042,11,Antibiotic,C,0
39.91577011769549,1342.5793649437314,15,Antihistamine,D,0
11.476369391621889,1707.5419074449567,7,Painkiller,C,0
7.452131160201263,2348.1187804154015,29,Antibiotic,A,0
17.840797469708164,4639.515446793145,29,Antibiotic,D,0
96.49593560097152,4511.8649412127525,9,Painkiller,B,0
57.20530591002661,494.89748649815823,20,Antihistamine,B,1
96.75310530955589,703.0526374813637,11,Vaccine,B,1
46.087298441362535,2502.770427786659,23,Painkiller,D,1
34.62253264309966,577.7654003868463,6,Painkiller,B,0
53.08347696982319,1760.6253230760524,6,Painkiller,D,0
46.75361042012646,784.5076221765144,6,Antihistamine,D,0
15.038145004865672,3198.399757902835,10,Painkiller,A,0
65.87849989556959,4750.002387108851,24,Painkiller,A,0
25.523627338411963,4983.832162957188,29,Vitamin,A,0
63.86085571529381,1907.4436058597285,10,Vitamin,A,0
66.76910377782457,3015.1125537173307,16,Vitamin,A,0
19.44236104722157,4288.524884944202,10,Vitamin,B,0
10.828214575513474,631.4372603421008,15,Painkiller,B,0
79.17235067650178,3463.3438347072265,7,Vitamin,B,0
48.68104025808542,2073.776125539088,23,Antibiotic,A,0
10.5255605730202,1070.4234933868122,21,Vaccine,C,0
99.51230013112787,2043.6304127998378,9,Vitamin,B,0
10.48915329465483,426.0034204763384,3,Antihistamine,B,0
71.02834674156256,3492.2653855170634,6,Vaccine,C,0
98.4494979000243,1301.0762103048428,18,Antibiotic,A,1
27.722109900512933,1591.4579429721462,11,Vaccine,D,0
18.513690025283637,649.3524262952405,15,Vaccine,C,0
16.531569245130747,4330.062613754964,19,Antibiotic,C,0
33.81113901892158,2492.549182449556,2,Vitamin,B,0
14.599352046011436,2882.1270450426814,23,Antibiotic,B,0
70.75532746094252,2868.6917813195305,3,Antihistamine,A,0
10.917720822355957,2081.9409169796418,29,Antibiotic,D,0
53.395102174230026,1003.0230814187903,5,Painkiller,D,0
99.68620111603279,3738.4071050670796,14,Painkiller,C,0
82.32717560307178,678.928513520488,17,Vaccine,A,1
63.44584663194603,564.175261880112,6,Vitamin,D,0
34.09409397472811,3565.2179361026915,24,Vitamin,C,0
64.27010444770565,1083.74325123732,11,Painkiller,B,0
55.068939071606906,1568.52511919652,18,Antihistamine,D,0
45.47792146958529,2402.375961658614,29,Antibiotic,C,1
17.41748579031895,2274.289017811254,12,Antibiotic,D,1
89.22740044784435,3557.466669071746,6,Antibiotic,A,0
47.72954163802564,3135.9873775446367,16,Antihistamine,C,1
23.489138622972682,3239.7610032952352,5,Antihistamine,A,0
39.93713833334251,3584.568936744514,8,Antibiotic,C,0
44.34232649024807,1498.4330007461533,11,Antibiotic,B,0
83.61610007885305,1645.5498934123445,24,Antihistamine,D,1
74.6933661533332,2218.088852082993,25,Antibiotic,B,0
78.08396489592728,1571.937756515954,5,Antihistamine,A,0
6.0479701207214855,4925.442451405774,21,Vaccine,D,0
44.534629827077346,4079.557035786077,27,Painkiller,B,0
50.72769440535574,865.0407068673464,6,Painkiller,C,0
6.823266298190385,77.69107161525409,6,Antihistamine,C,0
29.682254830778252,261.7771778239759,12,Antibiotic,B,1
77.22753319660282,1258.11408266248,20,Painkiller,D,1
18.02542204425491,615.7418648924399,6,Vitamin,A,0
55.85446248799621,2690.023668718232,22,Antibiotic,C,0
25.44417784163756,4297.076352500425,9,Antihistamine,A,0
6.151473591169861,3696.9135935204754,8,Vitamin,D,1
27.91413847195644,1117.2648622568424,9,Antihistamine,D,0
97.70800671645512,2026.53131732764,14,Antibiotic,C,0
81.14602562888402,2564.0763371798243,6,Vaccine,A,0
96.15978121049817,4060.5189550415107,29,Vaccine,D,0
51.34613417300443,4203.651935375516,28,Vaccine,A,0
15.424938874362834,4553.1056439434915,19,Antibiotic,C,0
57.05615145250083,2570.763989989232,25,Antibiotic,C,0
48.16584678319629,3486.6599948575217,10,Vitamin,D,0
85.21392286026352,603.4118376079889,3,Antibiotic,D,0
14.317845174503235,2848.1803517722115,17,Antibiotic,A,0
51.38290801706893,1281.0244568821188,15,Vitamin,D,0
19.254623145928505,2186.998580881725,18,Vitamin,C,0
35.844213054555695,3188.550016118261,29,Antihistamine,D,0
75.04892235184097,1322.0803923762164,7,Painkiller,B,0
50.22172229003282,308.31603609396734,4,Painkiller,C,0
40.70938708884809,100.65758922334969,18,Antihistamine,A,1
42.47524646415336,159.68970094538167,14,Vaccine,D,1
48.64744299856873,91.33120069315981,7,Antibiotic,D,1
79.5765716645204,596.2575299614836,29,Vitamin,C,1
89.74804544932226,1235.469137122143,9,Vitamin,C,0
95.75679521787319,1145.046495202381,26,Vaccine,A,1
79.75582169425303,4934.643141190489,7,Vitamin,C,0
34.96365509606121,1564.730220784269,29,Vaccine,A,0
70.37279707822151,680.7328776290256,17,Antihistamine,D,1
46.57229678526223,2750.534593630402,7,Vaccine,A,0
29.19370909437486,4296.889404217666,18,Painkiller,A,0
84.88280004546264,3406.3988650989922,22,Vaccine,A,0
8.650503151420875,1515.606341220479,4,Antihistamine,D,0
90.66738925286523,2829.999990967702,24,Vaccine,B,0
48.840359139349744,3588.537072292025,13,Antihistamine,B,0
65.53414029678663,3654.1172372203246,26,Painkiller,A,0
67.63862260954936,3349.36535372356,28,Antibiotic,C,0
90.03618536712095,4360.511602639309,7,Antihistamine,B,0
65.4836198058847,4357.022018803316,22,Antibiotic,D,0
63.32369055220587,2915.7359690646663,8,Antihistamine,A,0
11.331943853265546,2177.789027100501,12,Vaccine,B,0
54.248762084794386,3225.772963047244,10,Antibiotic,D,0
19.266055077618958,4100.149406783792,17,Antihistamine,A,0
75.05620802854114,77.97791896386438,6,Antihistamine,B,1
53.661082477204076,4960.385194623513,16,Antibiotic,A,0
69.62163902479357,955.3241730295362,22,Antihistamine,B,1
8.958925557226506,2377.7324790168823,27,Antibiotic,B,0
13.055241524351306,4366.547187472191,5,Painkiller,C,0
73.05072186595481,1163.9499752687868,6,Vitamin,B,0
11.848011919873969,2410.136358306897,8,Painkiller,C,0
11.769389137699566,706.2817918968369,4,Antibiotic,D,0
6.150305147314308,2005.6278106715533,5,Vaccine,B,0
95.8676328384506,926.8205012253625,26,Vaccine,A,1
75.06329414860566,1849.9573564172272,16,Vitamin,C,0
38.5588838076961,1898.647873123974,29,Antibiotic,B,0
33.17088022232724,4966.195408511747,3,Antihistamine,C,0
38.22180682585571,4974.324495053673,25,Painkiller,A,0
78.59208546221228,618.1920793700315,26,Painkiller,A,1
67.83020805168937,3643.545457675319,6,Vitamin,A,0
22.593578947409455,306.1401243620507,8,Vitamin,D,0
21.540386856738014,199.45047591908371,23,Vitamin,D,1
14.347586722772744,571.4027765125734,18,Vitamin,A,0
67.72875837162712,4829.154002189273,9,Vitamin,D,0
77.61540291106492,4707.274562078752,10,Vitamin,D,0
30.179410690875383,1009.9427103893682,11,Antihistamine,D,0
6.989771297936717,850.2780609908721,12,Antihistamine,D,0
12.806308410260598,1240.6486782539378,2,Painkiller,D,0
96.9467033102779,2601.9576206719535,16,Painkiller,D,0
33.067253860354924,2870.037928575279,9,Vitamin,A,0
78.0761990446227,1146.8874806752644,20,Painkiller,D,1
64.34303904115507,3795.282801045229,13,Vitamin,D,0
41.28426576702511,1582.2881885431214,7,Antihistamine,C,1
24.540289908577737,4614.550061370581,11,Vaccine,C,0
16.53170972514361,3300.7773969608165,25,Antihistamine,D,0
63.42623196369233,2209.938411802878,6,Antibiotic,B,0
78.59020916058986,3960.064408429085,25,Antihistamine,B,0
66.1709040864074,4098.67739893099,8,Antibiotic,D,0
55.378702658670036,1487.8839477642712,8,Painkiller,A,0
8.985366226005445,1731.5869919886175,24,Antihistamine,A,0
97.00643387146646,4682.978010956586,26,Vaccine,C,0
80.87784820718458,865.468139898196,23,Antihistamine,A,1
32.81809348659165,258.6445639665243,23,Antihistamine,A,1
98.09718128909081,2297.5738469172684,28,Antihistamine,A,1
62.1787510154506,4015.989006205963,10,Vitamin,D,1
60.33015252968841,3869.7571262381916,16,Antihistamine,D,0
76.06695204580555,4601.676613118521,7,Antihistamine,B,0
82.11812986856307,2689.343288626749,17,Vaccine,C,0
67.36546769649274,545.3201242543399,8,Antibiotic,B,0
17.169095904789003,2964.01042296328,16,Antibiotic,A,0
37.135413069477345,3903.058291048397,24,Vaccine,A,0
93.16794583097473,511.9741953356407,3,Painkiller,B,0
26.338483125165933,904.6541354330693,29,Antihistamine,B,0
40.35586726456376,110.83877272057096,9,Painkiller,D,1
46.04730387969862,2988.5802682617114,13,Vaccine,D,0
46.74347402097296,4439.335240132227,12,Painkiller,C,0
63.22926033697993,3369.7834142103925,7,Antibiotic,D,0
94.59220458574723,4911.098433575361,21,Vitamin,A,0
27.86580762408797,362.01657987381975,28,Painkiller,A,1
16.542630748587214,4519.855371499906,14,Vitamin,B,0
23.759696536694044,4079.6380225640696,24,Painkiller,C,0
89.2578655198806,1605.4955264725495,17,Vaccine,D,0
66.35202720224457,4868.956431594396,9,Vitamin,C,0
32.16114497772021,1475.2918534485045,18,Painkiller,A,0
82.51495920201864,4452.058382949682,27,Vaccine,A,0
86.83014965452642,4409.7054565172375,14,Antibiotic,D,0
85.41886217557641,3800.4052021847137,5,Antihistamine,D,0
92.29802069575767,2839.1788453736167,21,Vaccine,D,0
28.96289691646935,644.0136106035959,11,Vaccine,B,0
76.72898323089643,2683.2600857576663,26,Antibiotic,A,0
48.751252241043304,1816.141465491926,23,Vitamin,B,0
84.98986252455585,3971.474314118991,21,Painkiller,A,0
74.20661433035325,3802.739572159382,17,Vitamin,D,0
78.76250741747384,4557.531911494396,18,Vaccine,A,0
67.33537457970179,123.40930403695397,9,Painkiller,A,1
21.855733099622153,4055.060923274078,12,Antihistamine,C,0
56.77755729520914,4695.38716296711,26,Antihistamine,A,0
98.54362525482829,3957.037223085343,6,Painkiller,A,0
94.0518663172263,694.4625763583152,22,Vaccine,C,1
9.101504900716108,452.33156896239433,27,Antibiotic,D,0
20.65740749429653,153.183937048119,17,Vitamin,C,1
17.51423347818338,3162.2888678489517,25,Vitamin,D,0
73.96809144860308,3166.879626706442,9,Antibiotic,D,0
82.68960633640978,4935.222885380151,22,Antibiotic,D,0
25.28357979951383,2020.3137118152738,17,Antihistamine,A,0
53.05600583042376,1692.936110242609,5,Antibiotic,C,0
84.866787661064,3140.9033895627426,7,Painkiller,C,0
74.61614675279381,4136.762928912591,27,Antihistamine,C,0
56.512534521725584,4687.031050138859,22,Vaccine,C,0
61.08303059358342,4025.464622586241,9,Antihistamine,B,0
53.2942519570466,2162.0362040482337,10,Antihistamine,A,0
33.267102875287954,3192.8254647947174,14,Vitamin,B,0
58.67708932160653,4288.681667244779,18,Antibiotic,A,0
70.44410369475861,2478.5179571431104,10,Painkiller,C,0
87.96567700677673,1122.598886341694,14,Antibiotic,B,1
65.44767862802857,890.1310267519711,10,Vitamin,D,0
77.30654601910001,50.780835661380806,7,Antibiotic,C,1
20.206805320684435,3605.2780751573573,28,Painkiller,C,0
48.84796006988004,599.931183787653,11,Antibiotic,D,0
5.886503883573863,1257.003543494905,6,Vitamin,C,0
28.434492129554187,1524.4878410378271,8,Painkiller,A,0
74.01386293573546,2823.880307677003,12,Antibiotic,C,0
99.22194537818953,2019.8885226140578,25,Vitamin,A,1
14.421919460785512,3389.636260514651,10,Vitamin,A,0
43.14196000682239,325.41136367707844,26,Antihistamine,C,1
81.00674202642016,663.4990116089753,11,Painkiller,D,1
24.38338528974539,2521.0969424896703,12,Painkiller,A,0
57.733070183717196,1717.9756998418077,4,Antibiotic,B,0
74.6417731228191,1514.2761456192306,9,Antihistamine,A,0
63.51861777471701,381.7889912357375,18,Painkiller,D,1
22.86234978846453,4483.809915002607,8,Vitamin,C,0
38.761534025145245,3474.5020013190015,13,Painkiller,D,0
79.46021952611274,652.0098762572644,17,Antihistamine,D,1
57.65151884254158,371.977490798846,16,Vaccine,C,1
5.49681328657671,4875.619040484653,22,Vitamin,B,0
77.29412220266892,3421.8041246755492,14,Painkiller,B,0
8.354578719322712,2116.4075519140206,19,Vitamin,A,0
75.84470935946706,3523.568651741135,19,Antibiotic,A,0
24.235653215697553,3793.8423430767875,25,Vitamin,B,0
96.01698061134113,3910.8129018244576,6,Painkiller,C,0
39.954371373698024,2415.4926629826355,15,Antibiotic,D,0
36.058503552117514,2177.9196527179975,29,Antibiotic,C,0
19.144364781582244,104.58901713105669,12,Antibiotic,D,1
34.03240047157041,4636.457719952098,4,Vaccine,D,0
88.28182237367905,3036.373998025268,18,Vaccine,B,0
99.65176207458849,1055.6119890903421,28,Antibiotic,B,1
39.989405398150595,4602.036926136111,24,Painkiller,C,0
47.618009940681546,4578.912913762967,28,Antibiotic,D,0
73.59673912926002,4946.461613612175,13,Antibiotic,C,0
89.18859914418208,4376.579987537945,4,Vitamin,A,0
61.33921174774449,4989.03271970932,24,Vitamin,B,0
42.19494132689379,1261.1966312101993,29,Vitamin,B,0
44.19907488061926,4219.135446736209,3,Antihistamine,D,0
71.08372391719665,4123.990128539034,5,Vitamin,B,0
5.305735042406475,1193.154778142632,19,Vitamin,C,0
63.86098705868486,537.2658675549044,21,Painkiller,D,1
38.77183599192895,4898.131542704118,22,Vaccine,D,0
80.448746471323,1515.3215300270213,15,Vaccine,A,0
13.834110783197556,4360.91436281564,9,Vaccine,C,0
60.8792153600971,70.42941563928927,3,Antihistamine,D,1
50.69242453918176,154.0727957370309,27,Antibiotic,B,1
66.02092496099661,2356.0629780470235,20,Vitamin,B,0
11.161091475881992,1231.6376854785647,11,Painkiller,D,0
60.09845980567247,3464.7143530080234,29,Antihistamine,B,0
58.341035856154754,2849.543411561374,6,Vaccine,D,0
58.26270896953624,433.55469737993263,12,Antihistamine,D,1
62.331328326663204,855.0100667627995,29,Painkiller,D,1
69.26445403650442,1970.8438867891507,29,Antihistamine,B,1
81.47395496967313,968.7401165793941,10,Vaccine,B,0
30.63296841218036,3971.5006188574466,17,Antibiotic,C,0
83.3796939671059,2109.5476659887363,27,Vaccine,A,1
52.33428981502809,512.4877408703715,28,Vaccine,B,1
12.320536517761461,2447.497366247018,6,Vaccine,D,0
10.562338278178025,499.6489962540001,16,Antihistamine,B,0
36.752640276125774,688.2396618280951,15,Painkiller,B,0
79.56521282558941,1236.0686685396163,10,Vaccine,D,0
72.229688800387,4304.662140975074,21,Antihistamine,C,1
79.91842164387862,4626.832035048211,27,Painkiller,D,0
54.14056036195289,4139.975760193742,6,Antibiotic,C,0
46.8189048057716,1703.6822262183439,16,Vaccine,B,0
19.007990037096974,1398.6098834887166,10,Vitamin,D,0
36.1783115928846,2768.320669411684,5,Antihistamine,B,0
46.23183978651815,3623.173144638906,22,Antibiotic,D,0
13.417040819563637,4967.195301392865,22,Antibiotic,B,0
25.958135507565068,701.2750238006847,5,Antibiotic,B,0
61.831402936055184,293.99539516783193,21,Antihistamine,B,1
74.88799585272304,3487.0616505265916,28,Painkiller,D,0
99.84301358233022,4169.5176283443325,22,Vitamin,C,0
93.64576647763798,4239.426460338795,29,Painkiller,B,0
66.0436939558432,3408.3945679319454,23,Vaccine,D,0
45.01856506293684,4772.378230389976,8,Vitamin,D,0
65.43684964728212,2579.473579545705,16,Painkiller,B,0
79.63690371762203,4573.383251764252,23,Vaccine,B,0
16.241938137721796,4840.670078108039,18,Vitamin,C,0
43.940964521147386,4243.429412165383,19,Antihistamine,B,0
84.78121713538363,1583.304888130172,8,Vaccine,C,0
41.464130433639184,1021.2674732929615,20,Painkiller,A,0
59.32786576658272,2763.194321660001,29,Vitamin,D,0
60.83808928190883,2292.4230143819327,11,Vaccine,C,1
22.52524404769574,4394.903793854028,28,Vaccine,B,0
39.4123669569674,545.1567717824109,14,Antihistamine,C,1
36.77857243048355,1325.8133034920172,3,Vaccine,B,0
7.4886873105461556,3771.4047753676073,23,Vitamin,C,0
7.298217569678748,520.1838926376951,28,Antibiotic,D,0
84.01121914919848,1637.783849407416,21,Vitamin,C,1
30.94172694741718,1966.4192005672164,29,Vitamin,A,0
54.21748279268747,3131.8392929853153,12,Antihistamine,D,0
33.378929490933444,832.7565963108547,6,Antihistamine,C,0
94.36452828595735,4309.992227231062,7,Vaccine,A,0
29.633192092248507,2265.334065558058,4,Antihistamine,A,0
45.817397210198834,4589.257473808754,2,Vaccine,C,0
87.90937379603717,2365.9560724879616,4,Antibiotic,D,0
84.98368884522182,1411.4492817566302,4,Painkiller,C,0
22.679634695396345,752.0527020039907,23,Antihistamine,D,0
81.2511144305925,68.53821882085983,5,Antihistamine,D,1
48.5277542400998,2684.1795506749363,8,Antibiotic,C,0
50.882042848108746,580.4256497882709,16,Antihistamine,A,1
17.68059737951466,1989.0524299743322,12,Antibiotic,D,0
12.657143806926843,2966.895218123579,19,Vaccine,B,0
74.15423416250769,1414.6451896683664,13,Antihistamine,B,0
52.163809473753474,917.3602472122705,5,Antihistamine,A,0
46.500816748442055,3884.872031916241,25,Vaccine,A,0
74.30328172197768,4736.616302794022,12,Antihistamine,C,0
77.72372540415543,547.1800684167317,7,Vitamin,D,1
20.09627592858859,820.1721057057889,27,Antibiotic,C,0
62.971389200375924,4802.062653400957,20,Painkiller,B,0
17.858637816380124,237.03189797061907,27,Vitamin,B,1
76.38063317275935,4889.280065924838,29,Painkiller,D,0
67.41073984537826,72.99019127069442,19,Vitamin,D,1
95.8783890029285,4374.65984547409,16,Vitamin,B,0
11.551011553860011,1571.2596458893602,4,Vitamin,C,0
10.420198509369161,4696.014847977618,18,Antibiotic,D,0
31.807772095854013,1618.879178746148,2,Painkiller,C,0
29.86203995491107,3288.8162915935773,3,Vaccine,D,1
28.462985911839983,446.1612203413864,20,Vaccine,A,1
91.09418514949849,1249.532566696008,10,Antihistamine,C,0
28.70688898570308,3879.712765072291,9,Antibiotic,B,0
30.835223982219944,2666.9949757101576,13,Antibiotic,A,0
77.14283492970655,4643.446855845871,28,Antibiotic,C,0
47.7252850328013,2172.319471289704,28,Vitamin,D,0
78.78750291074222,4355.5712107789195,16,Antibiotic,B,0
11.209784968616598,2272.3294155172757,26,Vaccine,D,0
51.31926339897151,4897.278979574827,24,Antibiotic,C,0
8.19329201741185,4801.18018792444,8,Vitamin,A,0
10.95205432825868,1679.2266925025976,22,Painkiller,C,0
91.11155806771905,4435.322168563176,17,Antibiotic,B,0
18.22831025617154,4245.676302367464,8,Painkiller,A,0
55.579964816145626,1092.867966771436,21,Antihistamine,B,1
44.05408224706712,3140.237483877185,22,Vitamin,D,0
37.997615994590056,409.77746216958354,13,Antibiotic,A,1
90.48416784029088,4191.718066888135,18,Antihistamine,C,0
7.073222693671503,914.0021233423079,12,Antihistamine,D,0
68.06002018668096,400.5327718595343,5,Painkiller,D,0
96.5224712502873,2031.0845229171155,20,Vaccine,C,0
58.215977428874986,2905.764586068235,3,Vaccine,D,0
93.99813389314373,4281.838944870867,3,Vaccine,B,0
9.964498532172257,4872.500501332595,25,Vaccine,C,0
44.785365312045336,2225.487937220825,18,Vitamin,D,1
29.71499014139486,349.21226877708756,25,Antibiotic,A,1
74.42799167316933,3758.12211617806,10,Antibiotic,C,0
98.22322359723843,2847.60761830849,23,Vitamin,C,0
29.37035593220354,2267.0621569800924,2,Painkiller,D,0
67.14658714003707,1580.8809500213388,11,Antibiotic,C,0
23.819275112175312,2536.8727128255014,29,Antihistamine,C,0
58.70637418430294,1726.4640420623032,24,Antibiotic,C,0
49.073586235391936,3797.2087453494332,16,Vitamin,C,1
97.34050631499602,2742.2737976385733,22,Painkiller,C,1
62.810090906164326,4390.396482062854,16,Antibiotic,C,0
38.20310534824778,2740.5423775147383,26,Vitamin,B,0
15.83909956435367,1229.3989460326536,24,Antihistamine,D,0
19.36844872981878,4262.904817049115,22,Vaccine,B,0
26.405108345367335,2808.2342724037176,3,Antihistamine,D,0
28.84183282732831,1073.8631388106282,15,Antihistamine,C,0
85.8085254949081,3136.3636592832995,5,Painkiller,D,0
58.316164886839864,1820.6979864650164,19,Antibiotic,B,0
54.722136580564815,4229.807780845726,10,Vaccine,D,1
15.90304282757566,2293.833706300387,3,Vitamin,C,0
86.71327086819632,3645.884722631713,3,Vaccine,C,0
73.66735880480596,522.904227799374,19,Antibiotic,C,1
11.428494380500151,2010.3205141966137,18,Painkiller,B,0
72.24433423682802,4917.045110538374,10,Antibiotic,A,0
56.636130647551376,4051.8784329118844,9,Vitamin,C,0
12.763907845943933,841.7069717162968,3,Vaccine,C,0
48.538560945222365,1424.9320449124127,3,Antihistamine,D,0
51.046147277354464,1682.5882538389874,6,Antibiotic,A,0
20.748581315511196,3269.309524452456,13,Painkiller,D,0
94.84132396502682,3797.124059473795,29,Painkiller,B,0
85.74766029066288,3760.1567135991536,17,Vaccine,A,0
68.55712204626529,2573.876578716694,15,Antihistamine,C,0
48.91807829505768,4063.5616622988487,21,Vitamin,A,0
44.11772645052831,2213.5365096495016,3,Antihistamine,C,0
66.84247937934065,663.2087982130314,25,Vaccine,B,1
56.81602759365602,2843.9871161863757,9,Antihistamine,D,0
10.915945058779133,4763.891853775478,5,Vaccine,B,0
53.68775163318151,3975.318574392931,21,Antihistamine,B,0
81.60834363711975,2914.5682060766,10,Antibiotic,C,0
48.62778837171101,3251.68801872803,21,Painkiller,D,0
9.9358748676555,4656.282033826084,27,Vaccine,B,0
79.69642894148315,2170.2968324530543,28,Vaccine,A,1
24.129559302917567,1690.4009877660549,26,Painkiller,B,0
29.568979314363684,4887.345746752223,20,Vitamin,C,0
20.647103576068112,4324.04351087615,3,Vaccine,A,0
36.370431162792265,1649.0657438620817,17,Antibiotic,A,0
76.89139304042033,2345.7139569365677,12,Antihistamine,D,0
54.34165665287405,2104.636738588605,9,Antibiotic,A,0
24.463721044317694,788.0236094235979,13,Vaccine,A,0
88.39385742444388,4791.205652875632,4,Vitamin,C,0
88.56027622039527,2051.3465345378063,14,Vaccine,D,0
87.70495037937066,4382.878959057644,3,Vitamin,B,0
27.68564008124623,987.313327019292,14,Painkiller,A,0
47.86773769719387,2761.960512654238,28,Antihistamine,B,0
98.57401733338314,168.60885636513558,9,Antibiotic,B,1
78.34118524944908,3832.8913950194274,16,Vitamin,B,0
7.580905016428183,2925.523796319078,25,Antibiotic,D,0
11.194436169746744,3146.6684381752757,22,Painkiller,B,0
49.07348079717161,306.0183686455346,10,Vaccine,C,1
91.37591955684822,1094.6397345326461,12,Vitamin,D,1
56.176670805507854,417.9378181502218,23,Antihistamine,D,1
52.29218826325757,1480.1258632288682,22,Vitamin,D,0
15.020001495879905,3155.8230880266474,29,Vaccine,D,0
67.39410994880794,2852.6206223710074,4,Vaccine,A,0
83.09980025702141,3080.141616986282,8,Antihistamine,A,0
41.139900713218424,2768.7937933205767,15,Antihistamine,B,0
78.6831258379061,1401.492538595504,16,Painkiller,A,0
96.6252821205771,1260.312111854905,10,Antibiotic,D,0
24.357813617130464,728.4454335060773,21,Vitamin,B,0
54.71631496350042,4252.900830772286,12,Painkiller,C,0
32.27810601803468,3101.5728247791603,8,Antibiotic,A,0
80.32116980821473,973.2295118950958,13,Painkiller,D,1
59.87136975870996,927.1864301151356,20,Antihistamine,B,1
65.28532966727886,4371.526227554376,28,Antihistamine,A,0
80.80184516350994,3726.5177756284306,19,Vaccine,D,0
42.617194902933214,3314.0254455315885,14,Vitamin,B,0
91.9335564986691,2063.977332319534,12,Vitamin,A,0
55.637742388383295,1346.7790431786618,2,Vitamin,C,0
20.00570816935806,4898.281277408478,7,Painkiller,A,0
71.11041622603624,3996.3358963628607,22,Painkiller,D,0
80.35982829163417,1543.8071545245687,3,Vitamin,D,0
35.09235932141503,4245.445741578548,14,Vaccine,C,0
86.43202941488153,3806.713145642673,14,Antibiotic,C,0
91.08360920274781,1520.5487218960918,20,Painkiller,B,1
31.305926300891848,2161.4366284961166,10,Vitamin,B,0
98.43453990794609,970.4695546855819,20,Antihistamine,D,1
18.36759516463205,599.7095996716413,24,Painkiller,A,0
24.19148849823655,3627.672062556499,2,Antibiotic,C,0
22.50135972761248,1374.1836939016398,24,Painkiller,B,0
89.9290224507477,4109.293860443955,26,Antibiotic,D,0
67.15779247087139,4978.26312199641,29,Antibiotic,D,0
19.44990690611592,429.2680789517609,28,Painkiller,D,1
46.830724744993155,2391.5238691643162,9,Antibiotic,C,0
63.45331238163119,4020.2096685884753,24,Painkiller,C,0
12.929088073991412,3955.306937879106,27,Painkiller,C,0
88.82955499869718,3811.985933738294,15,Vaccine,A,0
81.34233586694585,1777.524929744459,25,Antihistamine,C,1
52.994643489780636,2296.573615641009,17,Antibiotic,D,1
96.87702844962119,2995.093368840278,5,Painkiller,C,0
44.68729303113447,4871.005888687623,19,Antibiotic,A,0
98.4904803084673,1671.35899114554,15,Painkiller,A,0
68.45239988634458,4619.562244198446,28,Painkiller,D,0
65.29377095912443,1383.3167449934458,10,Painkiller,B,0
20.765715053099576,4945.918604094838,16,Antihistamine,C,0
88.78313703894118,3367.805249796579,4,Antibiotic,C,0
45.61152035245844,2344.3818277748273,28,Antihistamine,A,0
20.412173549335538,3086.282618914844,5,Antihistamine,A,0
6.1977143976971085,1399.0292867490236,24,Antihistamine,B,0
58.17678994564634,1407.1605946817597,19,Antihistamine,A,0
55.10296410165425,612.0949920252945,15,Vaccine,A,1
73.33859412507006,614.5489736417238,16,Antibiotic,A,1
89.57451503669121,1770.975120271111,9,Antibiotic,A,0
12.543625541087804,3826.1346155870397,29,Painkiller,B,0
74.49216658233442,3059.457279610904,11,Antibiotic,C,0
22.80413468927031,557.793573638553,25,Antihistamine,C,1
86.52682004993058,4268.570798630759,13,Vitamin,C,0
82.81103381685733,3026.7697536008286,22,Antibiotic,C,0
56.37540672362672,4806.23510508466,10,Vitamin,C,0
72.4730658692146,3367.418063685477,9,Vaccine,D,0
34.8632607524561,917.115575335696,18,Painkiller,D,0
49.76095039861739,2395.22764342372,10,Painkiller,A,0
83.0555052824948,3260.0631078586607,14,Painkiller,D,0
48.63019373145532,189.91027019738956,15,Vaccine,C,1
38.99083520591697,123.80580756629908,6,Antihistamine,A,1
51.95018248877849,690.5448529629111,10,Vitamin,C,0
83.68367898153575,1295.7389534750803,26,Antibiotic,C,1
36.84476450023291,2176.268161427344,27,Antihistamine,A,0
21.50735134789566,2462.8303451109523,27,Painkiller,C,0
72.64133193142418,733.2366642425891,17,Painkiller,D,1
83.46793020726777,3383.2883166233623,20,Antihistamine,A,0
14.560560459735667,3000.8834053978476,25,Vitamin,B,0
27.788040711814748,1507.597289263743,24,Antihistamine,B,0
18.48733902729442,117.61642300469545,8,Vaccine,B,1
38.054434100305826,434.35718099878915,13,Painkiller,C,1
47.7833429960142,1988.889138778655,27,Vitamin,C,0
76.13850201151412,812.1730382701354,3,Antibiotic,C,0
66.85902056375903,1915.2570504324556,19,Painkiller,C,1
63.98821391045096,3159.5038923262578,19,Antihistamine,A,0
38.475619927917165,2758.8252680024534,17,Vitamin,B,0
84.9375175430522,1194.3206215301016,12,Painkiller,D,0
49.772280902825635,1751.9213317308245,3,Antibiotic,A,0
98.01496911143968,3089.4544323208206,15,Antibiotic,B,0
65.24350313809501,4311.232388815071,5,Antihistamine,B,0
16.99515044862776,3778.4065217574425,8,Vaccine,A,0
69.23686839716623,2789.330132825404,3,Antihistamine,A,0
35.88488146601141,1843.3503416666067,22,Vitamin,A,0
70.20108368517926,1857.0038238319369,15,Antihistamine,D,0
11.615909075428545,4403.115685808761,8,Vitamin,B,0
21.613736531716143,244.25570140070468,10,Vaccine,D,0
86.2950395960497,4940.514089880292,9,Antihistamine,D,0
26.582057917233914,3338.658283715233,10,Antibiotic,D,1
84.51890689807931,3421.631610408333,8,Vitamin,D,0
31.531228403168992,238.08929465847368,20,Vitamin,D,1
66.07378145557723,3047.3699107117973,18,Antibiotic,A,0
70.94430448343394,2449.6513974477125,27,Antihistamine,D,0
53.70220154878003,573.6055891256316,24,Vaccine,C,1
34.004514286189476,1425.7139533083275,14,Painkiller,A,0
25.201215755254132,4457.056558257574,12,Antihistamine,B,0
8.152988683430491,2772.442658536467,23,Antihistamine,B,0
33.87490811786876,2096.412047110848,19,Vitamin,A,0
67.05046510047188,409.7766714120142,18,Vitamin,D,1
94.13895775260586,3584.9015606414127,29,Vaccine,A,0
87.76442581498995,3529.111575810361,17,Vaccine,B,0
77.77615377085374,3089.5158545141894,11,Vaccine,B,0
79.90249760906337,2575.8000987922137,5,Antibiotic,A,0
68.17356583021956,2197.232790926495,5,Painkiller,C,0
29.727251468770284,2986.6919102905617,23,Painkiller,C,1
91.18352791705384,1205.3074860556133,12,Vaccine,C,0
68.71956963105424,4709.232367679356,22,Vitamin,B,0
58.2418599431418,2964.5329194421365,26,Painkiller,C,0
15.543999575280703,1590.4025995541638,9,Antihistamine,C,0
47.47027666161041,2275.9152618815283,10,Antibiotic,A,0
48.734035764183,4038.139704940617,17,Vitamin,D,0
87.13354290465365,849.9995006149724,11,Antibiotic,D,1
56.9315809178399,1499.536331178289,24,Antihistamine,A,0
41.13805215218892,3413.5647125459495,10,Painkiller,D,0
97.79603120851264,1611.6715720870084,4,Antibiotic,C,0
15.51845636599999,3972.8833252142567,26,Antibiotic,B,0
45.14210068963474,695.7447615279361,3,Antibiotic,C,0
8.992344141283503,3825.296543750312,10,Antihistamine,A,0
75.29089147285838,388.34098851030285,14,Vitamin,D,1
92.21727245891931,112.33343270409918,7,Vitamin,A,1
31.603546307296497,4496.2064182192025,5,Antihistamine,A,0
86.54245929591649,2927.6291238148783,29,Antibiotic,C,0
32.76073189388029,1791.5431405797167,15,Antibiotic,D,0
91.52316535617194,1201.3434529710596,29,Vaccine,B,1
76.62638084169447,3103.5846271410396,12,Painkiller,C,0
81.46614379993667,2569.5608085068543,3,Painkiller,A,0
6.710622782043178,4958.408988873427,27,Vitamin,A,0
96.46698392203247,4916.919133936041,4,Antihistamine,D,0
74.03374424668071,3193.3716024009677,6,Antibiotic,A,0
33.951354061682665,2242.209005224158,26,Painkiller,A,0
83.79249316159046,2481.1477972165776,8,Antihistamine,C,0
31.744513849418347,3428.2713778724665,12,Antihistamine,D,0
87.91161475878215,552.7939939651378,13,Antibiotic,C,1
15.695137089134017,1675.342765363055,12,Antihistamine,B,0
71.85016785877559,422.5975929678391,20,Painkiller,A,1
56.36635528126648,413.1357596087518,14,Vaccine,C,1
14.170774668566878,1019.404247376457,5,Painkiller,C,0
27.979913684589704,2452.003610236473,15,Vaccine,D,1
6.178383446344905,3934.6328897558074,13,Antihistamine,A,0
49.53295671912805,2453.204661271069,28,Painkiller,C,0
33.62019977220004,1710.6092222763052,3,Antibiotic,A,0
61.84396100828709,457.6473021669528,9,Antihistamine,B,1
33.237591732318634,2773.9628397564916,23,Antibiotic,A,0
33.492315593163546,1392.779503091725,20,Vaccine,A,0
75.60335387950232,3093.92418068988,14,Vitamin,C,1
9.573569417943578,4887.079308705471,22,Vitamin,D,0
90.77502454323879,601.0058913138732,22,Vaccine,D,1
85.96506806716224,1100.0207236736026,29,Vitamin,D,1
68.44144490650862,2391.817963591905,2,Antihistamine,B,0
61.35604916020151,4844.638385962351,6,Antihistamine,B,0
89.76873732326696,3870.458392536478,23,Painkiller,C,0
22.60636705522787,4496.234506156009,27,Antihistamine,D,0
12.502070408128718,1701.888499955175,27,Vitamin,B,0
27.753466141406122,4960.590445204043,28,Antibiotic,D,0
80.48493647651807,559.0224395175792,12,Painkiller,D,1
8.293675339015916,312.2158849281991,12,Antibiotic,B,0
60.366649332931516,4285.233003917439,14,Vitamin,D,0
99.56656403817445,4639.961107524582,3,Antibiotic,A,0
86.29112891456624,498.3975198532037,20,Vitamin,C,1
54.537340459141,611.4657623919154,17,Antihistamine,B,1
11.045886382231023,214.21208089108038,27,Painkiller,B,1
83.98048386664243,567.3124350814843,6,Vaccine,D,0
61.902958276835,1086.6280931613903,15,Vitamin,B,0
15.918634720658849,4851.879263604505,20,Antihistamine,A,0
13.91644205821884,3355.908100086418,6,Antibiotic,D,0
91.41454784647628,3903.8374763167835,22,Antihistamine,A,0
68.57402497911745,3891.8900482730346,25,Antibiotic,C,0
83.78224593509178,2698.6150614071125,27,Antibiotic,C,0
88.5029955268154,3997.570439679435,10,Antibiotic,A,0
59.31837344459061,2999.2472853303498,25,Antibiotic,D,0
54.15740341672892,1607.0031831366202,13,Painkiller,C,0
45.89060398049407,2827.4950384035837,17,Antibiotic,D,0
35.109925840156336,2690.8675013658417,20,Painkiller,D,1
46.286616281577615,4126.092616108637,16,Vaccine,C,0
78.51856729436486,4909.549726039212,18,Painkiller,C,0
62.1827259464375,2084.660698833606,16,Antibiotic,A,0
89.78971254571037,3828.7838582847303,4,Vaccine,D,0
47.121101366022835,543.826869988761,18,Antihistamine,A,1
62.67350997828163,3895.3152787690283,14,Painkiller,B,0
64.97421754373893,1888.513714366499,28,Antihistamine,B,0
61.21123041910092,244.981306303949,10,Vaccine,B,1
71.75020844312405,1848.0685838827771,29,Painkiller,B,1
27.556179495606596,3072.6816170621414,14,Antibiotic,C,0
53.67455886685011,640.2883300232595,17,Painkiller,C,1
14.901356266793028,4623.97073752976,20,Antibiotic,A,0
41.52857612625719,434.478445700551,15,Vitamin,C,1
51.328371519020116,4653.533263174173,9,Painkiller,C,0
66.96130465681989,3550.3307137816482,23,Painkiller,C,0
95.30044999568933,1682.075268300308,20,Antihistamine,B,1
62.06185132209381,1984.2142211600114,26,Antihistamine,A,0
75.64142203677318,3717.0063554270837,25,Vaccine,D,0
53.095275652044265,3027.2819493619763,4,Antibiotic,D,0
65.23988298075147,3374.632461201979,24,Antihistamine,D,0
11.738560532708476,1976.364851741726,22,Vaccine,B,0
29.167200179975463,2464.676734947615,19,Antibiotic,C,0
39.376043854488174,4949.844045987572,17,Antibiotic,C,0
49.88686872561879,1108.9182089736025,15,Antibiotic,D,0
9.336630822726455,2118.3881232845506,17,Vitamin,D,1
18.30228926756518,1494.5247784911382,25,Antibiotic,A,0
31.29735924017405,3837.301976677257,18,Vaccine,B,0
97.29560563559981,3831.8624970453175,21,Antibiotic,C,0
36.47796567478982,1497.6050319371095,12,Antibiotic,D,0
50.79390052064784,452.8820673332654,14,Vaccine,D,1
23.62928271014733,106.59174952741003,12,Painkiller,A,1
63.02410675219799,2165.8801395503033,29,Antibiotic,C,0
31.66490547401756,2081.171091962066,5,Vaccine,C,1
24.664294951650543,4942.5298992673215,27,Antihistamine,A,0
54.07439970236801,2375.520274703514,15,Vaccine,A,0
5.523050920239978,1319.270929398332,6,Vitamin,C,0
5.728083101676406,4461.585733105763,5,Antihistamine,A,0
25.811536864676487,2480.7863507852135,2,Painkiller,D,0
8.48852943757801,3015.9193942923603,15,Painkiller,C,0
15.26244664241568,523.5601166196527,8,Vaccine,B,0
37.191761687181405,1945.4362162823816,11,Vaccine,C,0
81.24563956008222,4723.907188645245,28,Antibiotic,A,0
59.34462112008358,2968.051651668356,3,Antibiotic,B,0
53.70343396585956,1755.2841829551853,11,Vitamin,D,0
32.881438204771555,3147.052544126386,4,Antibiotic,D,0
93.51660334611755,4556.534893411675,22,Vaccine,D,0
42.71642891753321,1406.2534723393208,9,Vaccine,A,0
13.273812845598291,2550.3277564298382,11,Antibiotic,C,0
63.62131903119112,4795.518736863189,9,Vitamin,A,0
15.814647380277133,903.3609093273407,15,Vaccine,C,0
37.79619856616075,3612.336431703722,19,Vitamin,A,0
53.20413417819184,3091.6809906047624,10,Vaccine,D,0
88.0511398450917,3414.3918991461424,23,Vitamin,A,0
51.886925132311276,1788.5371718044698,10,Vitamin,C,0
71.7145827730081,1603.7028987446365,5,Vitamin,D,0
99.31759970491169,3436.837869412434,4,Antibiotic,D,0
17.491466390308254,1116.9392612674994,15,Painkiller,B,0
31.099494924354353,2127.2909870520753,15,Vitamin,C,0
42.48472718177641,981.4644979619442,22,Vitamin,B,0
45.07367696118898,91.10896356048222,17,Vaccine,B,1
44.047002150226845,4851.783932188444,6,Painkiller,B,0
91.22304524287271,2186.929744349274,21,Vaccine,D,1
72.83310122435137,4848.280591378135,24,Vaccine,B,0
62.75099533861685,744.6014228507391,25,Vitamin,C,1
34.3904081969643,2957.465558314556,16,Antihistamine,C,0
83.260086501023,1044.821462316636,22,Painkiller,B,1
95.73074859107395,3960.86692846821,10,Vaccine,B,0
83.01383684227152,3929.329794366827,8,Antihistamine,B,0
5.148684993189926,607.4053877445933,14,Antihistamine,B,0
65.45813016742366,4564.719041738126,24,Vaccine,B,0
9.857861236999568,1013.4167536559619,9,Vitamin,B,0
29.472685931703577,3084.237840867334,13,Antibiotic,A,0
10.65484653303831,4928.886419434135,5,Vaccine,D,0
62.360568030191835,4417.862847093501,17,Vitamin,D,0
70.22604178179765,4784.991446377787,27,Painkiller,D,0
15.876325616260987,1745.8639175296912,7,Vitamin,B,0
41.46469388927305,572.5994289863436,6,Antihistamine,A,0
48.34246835077649,982.317022782778,2,Painkiller,D,0
40.06003706728708,2527.4497306292383,15,Painkiller,C,0
16.49737504609334,3976.4869074529447,10,Antibiotic,D,0
44.800040067810166,793.2605387101823,19,Antibiotic,D,1
76.36191454179972,3315.6710846907476,7,Vaccine,D,0
11.74572813065927,1651.7091399955837,16,Vitamin,D,0
12.617101337780827,1738.9502583411597,17,Vaccine,C,0
38.7032727244185,3326.492764281735,9,Antibiotic,B,0
94.46394260379788,2361.64712668944,20,Antihistamine,C,0
68.51440143867683,4069.56480047867,6,Antibiotic,C,1
69.47364588389365,821.7966228309939,15,Vitamin,B,1
39.382399129597175,3960.2439353468403,8,Antihistamine,C,0
61.39777516481115,367.9644778842333,5,Vaccine,C,1
5.962462482635621,1010.5667072157447,29,Vaccine,D,0
65.42912440890652,3297.9410867906686,22,Antibiotic,D,0
91.76226001974248,4281.881999729802,2,Antibiotic,B,0
63.19447949275782,1300.7641573097778,5,Vaccine,D,1
88.00136637930278,1669.598448853119,15,Vaccine,B,0
73.77744026927891,2708.7477040193626,24,Painkiller,B,0
16.45304955835057,1097.2853921220465,17,Vitamin,A,0
90.73306419215497,4065.223494858153,29,Painkiller,B,0
11.312165213798615,3879.5013927785158,27,Painkiller,C,0
55.72690989203756,769.193974230619,8,Vaccine,B,0
18.50302676037848,2345.957172492329,11,Vitamin,A,0
6.112128019435886,3885.397444940376,11,Vaccine,C,0
45.093254712125706,1719.7811789619032,5,Painkiller,A,0
33.02886722714484,3183.878772452772,13,Painkiller,D,1
51.170046910772285,298.554951214985,7,Vaccine,C,1
59.833989239782326,3063.009364620124,14,Antibiotic,B,0
9.155211869349998,805.6322510030047,22,Antibiotic,A,0
16.685313036755836,4161.387459316534,2,Vaccine,B,0
58.07102766279041,1809.4748447233685,9,Antihistamine,D,0
37.60089855140253,1443.6916205045688,29,Antihistamine,C,0
74.27148131719755,4212.400434721851,24,Antibiotic,B,0
66.96770661623427,298.2129142054605,17,Vitamin,D,1
85.33241448404115,2013.2135567050068,6,Painkiller,B,0
70.78681853357641,1881.5175258464053,27,Vitamin,C,1
45.84345235206407,1459.7618525352766,27,Antibiotic,D,0
68.93182912747108,4563.183943407312,8,Vaccine,D,0
31.16121155426476,3767.095547907775,27,Antihistamine,A,0
34.099782383930204,366.41966275009696,4,Antibiotic,C,0
79.95359019247536,3587.7028747030226,25,Vitamin,D,0
47.40985405815031,2660.13070898753,22,Vitamin,C,0
80.84613234924349,4509.296077287817,3,Antibiotic,B,0
83.13012549848645,1599.0808058743744,3,Painkiller,C,0
86.46842207782196,2892.1018980674353,21,Vitamin,A,0
92.08034740491469,2528.7386099678806,24,Painkiller,C,0
45.94359594876315,2473.3264858266484,11,Painkiller,C,1
35.29234774050819,2307.7217276102024,21,Vaccine,B,0
60.308880926440814,1067.8659038847923,10,Antibiotic,A,0
40.26138022657462,3790.764116337344,19,Antibiotic,B,0
62.10204584602213,2284.113362059479,7,Painkiller,D,0
72.03065695116334,4794.655561262898,21,Vaccine,B,0
70.398476756753,1341.0017146042428,7,Vitamin,A,0
40.58252426691153,3429.5820061538534,27,Vitamin,A,0
20.851719161381517,4706.549544213587,26,Antibiotic,C,0
45.900287153909716,3334.118698929658,11,Painkiller,A,0
18.54644368778133,4362.800892706104,29,Vaccine,B,0
89.55921834246179,4146.03075079718,26,Vaccine,A,0
37.85835877009645,1832.582691670569,10,Vitamin,D,0
19.67367598621576,3020.613502700508,10,Vitamin,A,0
7.417537191046334,823.4936320662102,4,Antihistamine,A,0
66.353126697216,2700.8531193432177,13,Antihistamine,B,0
65.5057201582006,1190.588760480969,12,Painkiller,C,0
37.35739582522271,3731.4972340146055,15,Antihistamine,C,0
11.812629440526845,2663.8891883660167,26,Vaccine,B,0
43.91474501504704,2085.5754450267195,20,Antihistamine,C,1
34.56566203102239,1380.545626026539,11,Antibiotic,D,1
69.32646077482589,4993.55748511437,20,Antibiotic,D,0
62.549028698005586,404.96707838041675,6,Vitamin,C,0
39.6364041787663,265.6253688334791,23,Vitamin,B,1
25.69979265422406,1125.4241324446295,10,Painkiller,B,0
98.86341678478122,4856.808670207707,2,Antibiotic,C,0
48.130154013630914,4897.228933183923,16,Painkiller,A,0
70.38605239912252,3291.892287122073,25,Painkiller,C,0
18.352531919944276,4406.528002671704,5,Antihistamine,D,0
51.13102146764279,1109.1105676619372,27,Vitamin,D,1
7.615988387599222,4861.608366174287,8,Painkiller,A,0
53.01823620149275,756.785008190845,7,Painkiller,D,0
96.58165367618172,550.5696814992084,16,Vitamin,B,1
41.49963773365102,605.4471192740008,7,Vitamin,A,0
8.7046211946166,2886.9832201991953,8,Antibiotic,A,0
7.940800137337636,3915.823283554359,21,Vitamin,A,0
41.858742194952605,1865.0025304794337,23,Antihistamine,B,0
20.202368964003433,4890.5851395413265,4,Antibiotic,D,0
7.218449151177662,2200.379683685731,22,Painkiller,C,0
76.8402933252668,794.7203263274206,14,Antihistamine,D,1
48.55968584377961,2356.535403521377,3,Antihistamine,C,0
32.47825333740218,3411.2339688410775,4,Antibiotic,A,0
90.50790238656566,4169.517613496674,14,Painkiller,C,0
16.033201219049932,2320.903035285135,10,Antibiotic,D,0
95.81228875075533,2988.353788943379,23,Vaccine,B,0
34.826838150848516,1373.356325186324,20,Vaccine,D,0
89.39834886932472,3247.286805707294,19,Antibiotic,B,0
62.27957326554885,4930.561122554202,6,Painkiller,B,0
83.5371991754413,292.8151843095796,11,Painkiller,B,1
98.48125050499411,4438.326819990581,15,Vitamin,C,0
32.398516592780844,2833.298388699238,22,Antihistamine,A,0
96.30787111372133,1297.8883648333847,18,Antibiotic,A,1
42.00078001572994,4776.704064545826,4,Antihistamine,A,0
41.62363095000762,2442.6038001415495,8,Antihistamine,B,0
37.33677490417804,1691.8667457832587,10,Vaccine,C,0
56.433722698020595,948.4132599406637,6,Vaccine,C,0
19.643779101956277,1260.0384407704773,5,Antibiotic,C,0
57.602591109011065,4172.60275587764,4,Antibiotic,D,0
56.46195717895038,3091.329546119971,27,Painkiller,C,0
77.38067219746264,4570.565816467165,14,Antibiotic,C,0
84.19674638407062,1198.2438381810398,10,Painkiller,C,0
46.84192827968028,649.6359405520623,24,Painkiller,A,1
33.721658688391905,80.13327832917052,29,Antibiotic,B,1
29.636815245123973,2563.9170861991693,8,Painkiller,D,0
23.489264486962835,4991.619305390841,9,Antihistamine,A,0
10.476520308907364,3490.078080652263,11,Painkiller,C,0
37.532557989297764,1576.553230227473,2,Antihistamine,B,0
30.67353075242441,4390.44998597955,28,Antihistamine,B,0
96.80965165730869,3919.5252166404002,21,Antihistamine,B,0
57.98233849375417,126.30507207886932,22,Vitamin,B,1
37.991318707898216,4093.459378678061,22,Vitamin,C,0
60.14442209440112,1537.6074483305551,2,Painkiller,D,0
18.223686627841072,790.8836496888254,20,Antibiotic,C,0
47.18415617420928,1170.3376566985191,3,Painkiller,B,0
64.49226053500107,2369.4700316569383,13,Vitamin,C,0
51.44529402028288,2153.0962389866545,24,Vaccine,B,0
43.168986062160805,1479.9921319024224,14,Vaccine,C,0
99.41559694547132,902.4806949248119,15,Painkiller,D,1
88.62990240414807,3823.042408728738,6,Vitamin,B,0
64.22356602514681,4951.04342948784,4,Antihistamine,C,0
59.09084931231686,3900.0683230774675,28,Vitamin,A,0
63.96274558333548,1514.887989974129,25,Painkiller,D,1
24.12465024313116,1261.80435899006,18,Vitamin,A,0
42.538085610110265,1127.4460865263943,2,Vaccine,C,0
8.748655624635436,726.6406187207295,15,Antihistamine,D,0
50.176873561248534,2779.086220976891,7,Painkiller,D,0
56.587335475978,3046.7318411690535,18,Painkiller,D,1
26.63622492980491,3542.2381702825296,5,Antibiotic,C,0
96.5827404807238,3417.0561861216565,7,Antihistamine,D,0
91.39818803903799,1497.0498908527431,2,Painkiller,D,0
73.60360736831106,1685.0394767143905,10,Vitamin,A,0
55.671729732709444,3423.4969504395726,5,Vitamin,C,0
87.64707016653007,1779.7658218789602,10,Vitamin,B,0
17.411972663228976,1102.4847886155994,10,Vitamin,C,0
80.09843045611407,1902.9639607988609,23,Painkiller,C,0
16.857977326850587,1396.8165800109894,14,Vaccine,D,0
80.45001294219351,487.14797003196014,24,Antihistamine,A,1
31.19791898387891,4159.187566269435,18,Vitamin,A,0
88.32360519672795,4272.90137632733,22,Painkiller,C,0
94.6839989134128,1137.7639858260534,4,Painkiller,B,0
19.135617093485983,370.62238764974865,27,Vitamin,C,1
48.954182481212385,3707.1958148883386,27,Antibiotic,B,0
98.19380092545508,1097.0666980238977,7,Painkiller,B,0
50.923706417448926,1997.5056727124581,21,Antihistamine,C,0
87.03701463888179,367.4694985750471,16,Antihistamine,D,1
60.92949460247539,1170.0344445542542,15,Antibiotic,D,0
40.656341252362175,3974.866277731697,14,Painkiller,B,0
32.14943777495767,4031.762412230249,10,Antibiotic,A,0
24.30619365317829,1075.0698831941666,24,Painkiller,D,0
77.37082818088123,1712.7735332781133,16,Painkiller,D,1
41.72134814818765,714.4801745140306,15,Antibiotic,B,0
53.57116890907136,417.15451991036576,5,Vaccine,B,0
51.770920600112284,4961.249986519627,12,Vitamin,B,0
59.84150777714747,3295.190058661954,23,Vitamin,D,0
87.22982883433247,2733.377720531678,3,Vitamin,D,0
98.1702376404258,3839.2175770062327,17,Antibiotic,A,0
43.72049981451261,4208.381940454235,20,Painkiller,A,0
83.6142976000988,4043.2381018214014,17,Painkiller,C,1
77.63014049219818,131.8702739848892,28,Antihistamine,B,1
59.48525038827946,974.6990960429674,8,Painkiller,D,0
95.82447864313365,3291.781245483264,12,Vaccine,A,0
24.045078975198265,1910.0087716296164,13,Vitamin,B,0
15.380099979414034,4913.28912275248,5,Vaccine,B,0
86.12638686076511,3343.7537235593572,17,Vitamin,C,0
46.71923258020609,4784.917098209572,29,Antibiotic,B,0
85.46204114967074,1047.1600841466793,27,Vaccine,A,1
89.84356949356442,4326.587289169364,17,Painkiller,C,0
10.933471393811786,1640.6939137853653,8,Vitamin,D,0
88.92915248367576,4948.345800777143,26,Antihistamine,C,0
47.59031026009511,830.5589267620791,14,Vaccine,B,0
53.49108645540206,2605.8821032497167,6,Antibiotic,B,0
64.52628855385498,3974.5804424937537,2,Antihistamine,A,0
93.00634763935824,2191.5802789899776,6,Antibiotic,B,0
6.816028970827583,2367.016097928851,23,Vitamin,D,0
50.300129490192624,4932.461187753418,15,Vaccine,A,0
70.33359403090327,2155.2753439907087,12,Antibiotic,B,0
73.6571609813317,3040.156897965365,3,Antihistamine,D,0
70.79058099602526,319.971320341996,25,Antihistamine,A,1
17.771337293771577,4218.939897040787,19,Painkiller,B,0
33.44258089530972,3258.43184244874,16,Antibiotic,D,0
39.07797491461628,2049.899509170927,15,Vaccine,D,0
81.42153472955297,130.03922277487277,26,Vaccine,C,1
31.482187879382536,2978.7606619378444,14,Painkiller,A,0
25.0169715673843,112.65625099660285,3,Antihistamine,C,0
95.95756180861913,55.95788884963865,20,Antibiotic,D,1
5.842012085779546,3099.6878826393054,9,Antihistamine,C,0
99.79298128978793,985.6344833060435,28,Antibiotic,C,1
69.29802339145259,999.8433711045717,23,Antibiotic,C,1
83.70458344766612,3283.6942508720813,18,Antibiotic,A,0
32.98884265288835,315.8010802999027,16,Antihistamine,B,1
6.359951378370698,1601.3575292990538,21,Antihistamine,C,0
75.09760426334536,789.6879156029944,22,Antihistamine,B,1
84.2437367150642,2921.8730304928426,15,Vitamin,A,0
75.34523253558432,3325.737515900609,28,Antihistamine,B,0
18.570777293579667,3619.6224753152655,4,Painkiller,A,0
76.57565261441206,1313.3945237468988,18,Vitamin,B,1
78.04766430022589,491.7862706010908,4,Antibiotic,A,0
67.56134898865521,439.48410186239425,14,Vaccine,D,1
77.78101361558069,2159.450164831083,26,Vitamin,A,0
85.36253676938455,4731.929824860439,19,Vitamin,B,0
63.29239085255855,1127.7587195227718,2,Antibiotic,C,0
13.41744782711951,1320.8709266406693,8,Antihistamine,D,0
51.32464191838503,549.3995704240017,24,Antihistamine,C,1
12.376686793802481,3047.572855774955,6,Vitamin,B,0
43.71658794808093,3415.370726038516,3,Antihistamine,C,0
43.675116466934625,3232.509480395762,18,Vitamin,C,0
11.27093519332295,4312.594703071667,22,Vaccine,A,0
38.13795072710054,2457.807883379055,11,Vaccine,B,0
15.54481938517491,715.562351796969,5,Antibiotic,C,0
81.78234495087611,1482.5553969868427,10,Painkiller,C,1
95.03036246662472,3329.0283684356914,22,Painkiller,C,0
11.870065149504168,3084.953770020721,12,Antihistamine,B,0
95.73594469271163,2678.4654922276645,27,Painkiller,D,0
54.64477693699079,3430.6738725090017,13,Vaccine,C,0
33.45873940561802,3205.084709347832,13,Antibiotic,C,0
12.301897151235533,4412.558202851511,19,Vaccine,D,0
52.55930546668969,2950.781068517568,5,Vitamin,D,1
80.47897672662113,3904.0767255677547,29,Antihistamine,D,0
72.17321534033633,1281.100422034016,10,Antihistamine,C,0
9.771471089077508,3407.003793715887,9,Painkiller,A,0
11.925674359950833,4515.860885994245,20,Vitamin,B,0
43.27296185010052,1959.3750231041745,25,Painkiller,C,0
33.052596934554614,3906.565727326301,14,Painkiller,D,0
27.076510690324543,3637.7070409174053,3,Painkiller,D,0
31.69542739632779,344.65467451552126,20,Vitamin,D,1
81.33086061320404,2928.466132639158,15,Painkiller,D,0
93.27666509502612,694.4372785439718,6,Antihistamine,A,0
43.48475598011881,4838.229902541426,28,Painkiller,B,0
91.08054520258722,4066.467138368248,29,Vitamin,A,0
35.54209161854878,593.1328161732446,27,Vitamin,A,1
50.2615137026602,652.6723883560081,11,Vaccine,B,0
26.472754792519975,2992.6455818174636,25,Painkiller,C,0
65.84522400670518,1757.2014121572574,18,Vitamin,C,1
98.00320594160685,222.78400241189092,21,Painkiller,A,1
62.33184412412097,2731.125463773613,17,Antibiotic,B,0
38.99233799078714,1969.8332434449421,18,Antihistamine,D,0
66.5426573691002,550.3286372401261,2,Antihistamine,B,0
16.67746445421182,4019.5059416671143,29,Painkiller,C,0
89.42261262521286,4579.629988130089,22,Antihistamine,A,0
52.79297532408445,3795.1399733699436,23,Antihistamine,D,0
47.688225493766,4120.990434580573,16,Antibiotic,C,0
60.657154903084326,1121.628307967281,18,Antihistamine,D,0
64.35446696499324,1354.686107047075,12,Antihistamine,B,0
11.818701591518739,1082.2113244809793,23,Vitamin,B,0
69.84863601622322,3837.063985259542,6,Antihistamine,C,0
27.98350962997531,4742.189540725761,5,Painkiller,C,0
72.82550008812603,3598.3441733328177,27,Antihistamine,D,0
83.14080546649869,4413.260486153802,22,Painkiller,D,0
81.37605821748943,3211.5605196717042,25,Antihistamine,B,0
57.48759190374947,1968.9165077660555,10,Painkiller,A,0
54.41613976952136,2157.519993905011,28,Antihistamine,D,1
18.57321632724411,422.8410892286539,17,Painkiller,B,0
78.65788428829788,205.7131164678291,13,Antihistamine,A,1
30.783891142437867,3492.604240735933,19,Antibiotic,C,0
52.186065167704925,2220.223015455344,23,Vitamin,C,0
32.006038828114086,2783.464586870416,4,Vitamin,D,0
17.713694484970848,2810.423175730961,16,Vitamin,A,0
64.80798120471498,1423.010275999842,19,Vitamin,B,0
10.161543308175863,2405.667928605979,13,Antibiotic,D,0
76.121297241989,2380.263097255126,14,Antibiotic,B,0
35.170745549806085,1972.714745077892,2,Antihistamine,A,0
5.012795835426106,4112.3431478352995,5,Antibiotic,D,0
53.55726822753683,2283.2618182536,9,Vitamin,A,0
9.450931310122296,3038.0403963046397,20,Vaccine,A,0
31.23610799298545,4482.824595885089,22,Antihistamine,A,0
72.16276630829303,4337.856433151666,27,Painkiller,B,0
10.955514054077257,4457.589908706867,22,Vitamin,C,0
84.73715677382022,1386.5247325018192,6,Vitamin,D,0
5.362892652565395,223.163317124911,12,Vitamin,B,0
28.448267574180715,1342.2806594818796,26,Antibiotic,A,0
75.38588533444678,1429.6013608225078,25,Painkiller,B,1
35.045664224284145,4551.333617288592,25,Antihistamine,A,0
14.679776866271284,3263.7515275479545,18,Vitamin,A,0
39.22222228604065,454.43460003103235,18,Painkiller,A,1
30.687362206529926,720.1240502549506,3,Vaccine,A,0
85.05763070525272,820.5968214327783,25,Antibiotic,B,1
34.7680521705886,3170.5876534361696,27,Vitamin,A,0
79.94858481872069,3690.2994262596653,2,Painkiller,B,0
89.7278537570198,4305.237357298711,5,Painkiller,B,0
46.2126548597703,4706.150926490904,10,Vitamin,C,0
91.44459866616724,1048.4375590628867,3,Painkiller,B,0
40.84521512650332,1583.3737993840427,4,Painkiller,C,0
96.58744956656028,1239.5982596869117,28,Antihistamine,C,1
13.482504829929429,1825.869758957382,7,Antibiotic,C,0
70.26683031780806,4577.592281747559,14,Antihistamine,B,0
51.91233384340823,2896.8072063498394,16,Antibiotic,C,0
41.82663651828647,3704.0498917562704,12,Antibiotic,D,0
65.10762848111709,2476.090218827571,11,Antihistamine,A,0
71.86642370526147,192.84667101381643,4,Vitamin,B,1
5.4145106167793635,367.7676556891809,21,Painkiller,A,0
20.860543430983878,2712.7190047760346,10,Vaccine,B,0
72.73937481026027,3608.005722359127,26,Antihistamine,C,0
68.30661428992961,1115.886111267221,11,Antihistamine,D,0
96.77451298722434,3623.452391261905,22,Vitamin,C,0
77.29859007382439,4062.7955787433866,24,Painkiller,B,0
95.32340723447712,2088.8925178924505,26,Antihistamine,C,1
71.74134764580666,3744.7752025783193,25,Vaccine,D,0
33.3149598207471,2049.9482541258767,28,Painkiller,A,0
15.009667613831365,3407.835615802349,24,Antihistamine,A,0
79.27326701776889,3831.785394131738,13,Antihistamine,C,0
66.19417604021201,4960.036760625148,9,Antibiotic,B,0
9.577671177363142,1759.7134772148006,22,Antibiotic,B,0
39.20479426059294,2084.6518638443267,22,Antihistamine,A,0
95.89598247100719,869.8192940803481,22,Vitamin,D,1
52.538108842469114,1060.1616390889442,18,Antibiotic,C,0
46.10926792187194,3482.30526286197,23,Antihistamine,C,0
48.48146249013293,4589.375671264656,6,Painkiller,A,0
24.843858780490553,2003.2945107231408,25,Vaccine,B,0
40.02718123215554,940.2300118359291,9,Antibiotic,C,0
40.13225931878178,1461.2425219458205,19,Antihistamine,B,0
9.973726917809877,2302.505938800286,12,Antibiotic,B,0
77.91892470920223,1488.7191303585735,23,Painkiller,A,1
44.567921030868504,1206.216461453238,29,Vitamin,B,1
83.10708924756021,3693.123219347544,28,Antihistamine,D,0
85.78306010639007,88.8323601410848,11,Painkiller,D,1
25.139435196372517,2719.1911103155917,27,Vaccine,A,0
67.44858080616221,3979.1456947972815,16,Antihistamine,C,0
49.86677139548326,1367.8300172714676,7,Vaccine,B,0
88.61489010254108,3036.292977529486,20,Vitamin,D,0
25.49536452176314,3361.055522812158,18,Antihistamine,A,0
69.39225402945421,3292.3722472051954,24,Antihistamine,A,0
62.736451614008644,2256.9556892836526,11,Painkiller,B,0
33.053640369324114,1765.561039985107,6,Antibiotic,A,0
17.9770858468614,4187.824161487677,29,Antihistamine,C,0
66.90577724534128,3804.307487149328,17,Vitamin,B,0
75.16675852257141,1640.213108398867,13,Antihistamine,C,0
34.98459765751825,559.9450124889202,27,Antihistamine,D,1
66.25909738211982,405.44734995507247,22,Antihistamine,D,1
42.53743622309281,516.6660905997335,28,Antihistamine,D,1
72.75465391184868,2935.203337900612,25,Vitamin,D,0
23.925451114935044,305.72777035349895,29,Painkiller,A,1
89.57042525043657,1717.78803107199,6,Antibiotic,C,1
32.30391166423007,3778.3385244754354,22,Vitamin,A,0
39.93966883683453,1507.0234242511215,2,Vitamin,A,0
10.51873544763323,3828.374982041643,3,Vaccine,D,0
15.593660170521257,3740.0618391249236,6,Antibiotic,C,0
54.00688075767117,1266.8443065344209,24,Painkiller,B,1
30.42130428915729,3657.66979145909,20,Painkiller,B,0
84.37062144550846,3751.4943594468987,29,Vaccine,B,0
6.395871922220615,2017.3969320517829,16,Vaccine,C,0
41.01393462383394,1091.5813945205152,2,Vitamin,D,0
37.047826943063804,2630.290494114752,12,Painkiller,D,0
6.836124937172098,4610.918060600972,29,Painkiller,C,0
16.81499790504847,3216.102825538707,19,Painkiller,D,0
44.29605411727035,905.966363254943,4,Vitamin,C,0
51.82213552250743,3429.6467774309235,29,Painkiller,C,0
43.407525989212566,2164.654985045081,10,Antihistamine,B,0
55.43907944914891,2978.0675469090966,25,Vaccine,B,0
61.53750911603974,3683.616973364384,5,Vaccine,A,0
5.942763007144385,2598.989389996502,25,Vaccine,C,0
49.089040148082866,4079.2206741378777,14,Vaccine,B,0
96.5324278843209,3624.6701176173074,10,Antihistamine,B,0
54.30806661230713,3094.6130330916276,4,Antibiotic,B,0
69.36651540860055,796.4244383701399,17,Painkiller,D,1
34.6270665021039,4187.948099012263,23,Vaccine,B,0
78.52918092451245,4682.7326473330895,9,Painkiller,D,1
78.42754077823093,727.9773628560093,27,Painkiller,B,1
54.5231245271432,2466.7935906954813,8,Antihistamine,D,0
97.7213132115253,1331.4992727539973,26,Painkiller,D,1
16.927270402452073,3784.890371756545,24,Vaccine,B,0
6.610028164510195,3622.066698223265,18,Painkiller,C,0
78.16503011692411,747.3813468234736,26,Antihistamine,A,1
81.67977604966384,4391.284992745104,29,Vaccine,A,0
16.419686766454745,945.8166666911113,17,Antihistamine,C,0
30.230369131067576,3996.432176958132,22,Vitamin,B,0
6.667474519829746,2312.052780158624,23,Antibiotic,C,1
32.86431802415365,1674.9478531128486,19,Painkiller,B,0
78.44847802227379,833.2843502373569,17,Painkiller,B,1
54.206250132695,879.6905679258155,16,Painkiller,B,0
38.06908135098737,3326.3582457694565,3,Vitamin,B,0
40.315233016101374,2774.6304203382465,21,Antibiotic,B,0
5.128594442969475,654.3228371736019,5,Antihistamine,C,0
33.48105011869741,607.8544091697097,6,Vitamin,C,0
66.4135804556034,407.93734512531773,8,Vitamin,A,1
97.54847216255392,3731.6483694990434,28,Vaccine,B,0
85.47077856347045,3573.8163218849813,29,Vitamin,C,0
7.241521641325267,339.233404730147,16,Vitamin,C,1
90.36325744410973,2823.336874205016,18,Painkiller,B,0
79.40384926336947,469.146968451315,11,Vaccine,B,1
79.13573173924314,4523.541564514261,21,Antihistamine,C,0
48.50959710533929,4540.2312249416555,10,Antibiotic,B,0
42.81050283067777,3506.253299574994,17,Antihistamine,D,0
33.7769942391533,4634.635161125278,25,Vaccine,C,0
11.241011600664748,4066.6925005477683,4,Painkiller,A,0
26.682359531901415,4151.265950838894,23,Antibiotic,B,0
28.427345322912338,2870.0538603211694,28,Antihistamine,D,1
50.98732162246915,1564.9930311700707,10,Antibiotic,A,0
76.00721862668593,1128.1056198262868,9,Antibiotic,A,0
50.01193369780493,1669.6401090926995,24,Antibiotic,A,0
10.495222697480258,3161.052378940857,8,Vitamin,B,0
95.99003109387937,904.6498523703747,18,Vaccine,A,1
94.55881031394067,1330.269171354742,6,Vaccine,C,1
79.5930065990988,2366.901270837549,8,Painkiller,C,0
99.17615064860095,1203.597987696847,14,Antihistamine,B,1
56.72582161602498,2963.786165094505,19,Painkiller,B,0
96.46299327405458,4619.721340858833,23,Antihistamine,A,0
12.182478858591324,3753.042360230476,15,Antibiotic,B,0
39.73967108483028,3348.8117400371193,19,Antihistamine,C,1
26.411220460642753,2934.471306119705,4,Antihistamine,C,0
23.60414299275565,2465.342150822471,18,Antibiotic,C,0
18.376280144804227,973.4911051915656,20,Painkiller,B,0
64.12929594876968,4478.816754362984,8,Antihistamine,C,0
79.22557629599397,1280.2532099635398,22,Painkiller,B,1
59.938347944934264,501.97894401189575,5,Painkiller,D,0
18.96145741087992,3762.575137182041,16,Vaccine,A,0
82.05675814367973,919.2968949392737,29,Antibiotic,D,1
65.4156971805542,1890.8851977288214,25,Antibiotic,C,0
41.875742082064576,190.01039504034966,9,Vitamin,A,1
69.04237807592598,728.486315575218,17,Painkiller,C,1
29.69097302806912,907.3579722615648,2,Vitamin,C,0
37.79325980695,319.33013236338087,26,Antibiotic,D,1
92.16115509753907,3300.4519352830835,17,Antibiotic,C,0
32.597928038784936,4193.18858922543,26,Vitamin,A,0
49.64888547500398,1897.9112615114077,3,Antibiotic,C,0
89.56340805262138,4379.153559755094,3,Antibiotic,A,0
72.23352827541511,1106.0655440726262,9,Vaccine,D,0
10.909306485646761,1660.6825966281353,13,Antihistamine,B,0
18.993789206502182,796.1481155042835,12,Vaccine,C,0
5.744951123332098,3121.7680173240433,7,Antihistamine,D,0
64.93757007177052,2128.354474808019,20,Vaccine,C,0
47.52897541398974,3085.7525668673984,29,Vaccine,A,0
17.756110835716175,3820.2907817012087,19,Painkiller,C,0
96.00374150039319,2751.229929363095,6,Vitamin,B,0
55.31767377483389,3156.77025676385,16,Vaccine,C,0
27.979862940724473,4679.489056251948,9,Painkiller,B,0
52.557339259697216,1530.3683325637735,7,Vaccine,B,0
69.56393160983524,1827.861496238068,13,Vitamin,C,1
12.242725707488624,3602.6316404612176,20,Painkiller,D,0
31.096862429549738,3075.9623094241642,13,Antihistamine,C,0
81.6617216339794,933.7378774715884,13,Vitamin,B,1
48.66816268825282,1911.9291845519265,10,Antibiotic,D,0
56.92482849306801,2365.798164967339,25,Painkiller,B,0
46.11752020989958,2125.9796979435273,11,Antibiotic,B,0
9.170494551085486,932.4603011941019,23,Painkiller,C,0
20.746229082914812,4625.928954332098,18,Antihistamine,A,0
47.32645568047963,3823.4778703851803,19,Painkiller,C,0
24.872619213753143,2432.711368933869,17,Vaccine,A,0
9.748007722669481,3416.302090118841,5,Antibiotic,A,0
85.14671808492325,4491.549227070833,19,Antibiotic,C,0
98.213290270591,724.0620046897775,4,Painkiller,A,0
80.34857302969024,1289.3466009995395,17,Vaccine,B,1
86.10956756194336,2736.3711739203927,15,Vaccine,D,0
27.98782738011931,4005.1013381941752,25,Painkiller,C,0
96.25956267375398,229.46173243556052,10,Vitamin,A,1
23.707941923075698,4920.889843471985,7,Antihistamine,B,0
95.38583198437406,2301.787684267866,5,Painkiller,D,0
99.50783292676535,1828.194146077529,28,Vaccine,A,1
72.61366654587464,1498.9859673068706,3,Antihistamine,A,0
98.20865452022308,913.0657028718146,24,Painkiller,B,1
59.10627905887485,3968.290849203638,11,Antihistamine,D,0
29.656469401728582,4779.300115493178,12,Vitamin,D,0
46.51460913823398,2097.5415364847213,8,Vaccine,B,0
61.388288860984666,4764.482439029608,27,Vitamin,D,0
11.942748392566424,4127.798196403419,26,Vitamin,C,0
64.12261013863838,2431.2030810077754,6,Vaccine,D,0
98.21189449241798,3386.429586674357,27,Vitamin,A,0
23.060226729454126,2203.1716868937915,5,Painkiller,D,0
80.29653604739642,2815.680870652134,27,Painkiller,C,0
91.25038540906384,337.3293682415939,7,Antihistamine,C,1
94.65165131792098,3496.504202737639,29,Painkiller,A,0
96.21288241851748,311.4819901964767,3,Painkiller,A,0
54.538665678539836,4094.570487252265,3,Antihistamine,C,1
97.84425125919284,4133.48730082976,17,Antibiotic,B,0
76.94446967777169,1223.5325734032622,29,Vaccine,C,1
20.35878644251138,1652.1307661272112,26,Painkiller,D,0
50.30551011445715,2432.4863738635518,24,Antihistamine,A,0
73.24146166034038,3003.4813893157834,24,Vitamin,B,0
28.497330002812916,1472.4006256228838,14,Vitamin,C,0
65.8584424371443,2982.807702928029,22,Painkiller,A,0
68.32704550942883,1524.0460124850295,8,Vaccine,D,0
20.45647566181376,324.67906930175036,26,Antihistamine,B,1
58.68310468301185,62.51137166794929,27,Antihistamine,B,1
78.30455654296773,550.6977366962216,6,Antihistamine,B,0
52.39508813091448,3971.64096581189,26,Antihistamine,D,0
6.149796093730205,4809.084996297519,18,Antihistamine,A,0
5.858654562532757,2163.482686442035,14,Vaccine,C,0
38.91778767715116,2587.785569577217,16,Antihistamine,A,0
92.9884365010193,776.8984369134594,29,Vaccine,D,1
26.724294062342832,2777.6051957667773,4,Vaccine,A,0
65.26455044281028,766.0417649345353,24,Vaccine,B,1
26.097207715865455,3075.510939434209,5,Vitamin,C,0
35.55864901765712,4669.630404525226,16,Antibiotic,D,0
85.56399851214098,1018.707769550046,19,Painkiller,B,1
74.24183701564495,3834.590404382655,29,Vitamin,A,0
14.06293134475501,166.33699295070403,4,Antibiotic,B,0
45.72669199371119,1908.7113445420239,8,Vitamin,A,0
7.771127546300125,598.2051137610198,9,Vaccine,A,0
50.68456392728586,1794.7534358987123,12,Vaccine,D,0
67.93123111160148,909.0077522124734,26,Antihistamine,A,1
16.2577492418244,1897.8597011082927,23,Vaccine,B,0
32.444069196370734,2116.7378902322753,27,Vitamin,D,0
42.79447942270491,1537.926057765546,10,Painkiller,C,0
92.35544734232472,3300.278649891989,21,Vaccine,D,0
99.35922646518158,4598.317653731603,13,Antibiotic,B,0
9.266573404583507,2032.9471018210982,6,Vitamin,A,0
77.29575273206224,1002.098624551356,2,Antibiotic,D,0
40.31378630822261,1390.0776530701175,15,Antihistamine,D,0
42.2835276918006,4277.304076307027,26,Antihistamine,D,1
76.65517246796716,2879.616630187232,26,Painkiller,B,0
92.25051105381382,2302.3046099194385,26,Vitamin,A,1
95.3382164777421,790.7017714691872,4,Painkiller,C,0
59.82664567364048,2276.1501762027206,16,Antibiotic,C,0
38.926510133547765,1428.5354166190639,11,Painkiller,A,0
79.81716315658403,4718.657482874079,27,Antibiotic,C,0
28.845131409918526,4426.14704160787,11,Painkiller,A,0
58.58703273918419,465.31758204958015,25,Antihistamine,D,1
39.06495384486295,2607.4347718431522,4,Vitamin,D,0
67.37995200224823,1164.0388102976267,7,Painkiller,B,0
27.837896724883155,2083.3465931452383,6,Antibiotic,D,0
23.20132984480845,4390.397591344709,25,Vitamin,B,0
92.23271323416652,2661.1968734482966,20,Antihistamine,C,0
14.671349880206005,1704.3657021852612,15,Antihistamine,C,0
53.06600123481851,1079.0473528197356,18,Vaccine,D,0
25.98101438148585,4011.6080540621215,13,Vitamin,A,0
8.698346515938407,3141.3641760535183,10,Painkiller,C,0
8.421787737685507,2366.9240291098445,27,Antihistamine,C,0
21.646068350053596,1126.5475516217414,26,Painkiller,C,0
87.34318367807002,1704.5195520778,4,Painkiller,A,0
31.835480677817532,4801.224962355666,19,Antibiotic,D,1
95.29362120465309,2624.44519114888,5,Painkiller,B,0
60.25411783397339,2033.461442154102,15,Vaccine,A,0
46.47834802803278,2631.0391096242033,25,Vitamin,A,0
60.10843929359819,3905.993104203063,7,Vitamin,C,0
54.08634659649544,1733.5392356892005,27,Antibiotic,B,0
77.08374410694589,934.5952986164137,16,Vaccine,A,1
31.837126267420963,2945.4337857782866,18,Vaccine,C,0
38.53978720202873,3342.7603122312826,25,Vitamin,A,0
89.93895874065882,3577.9541146448205,6,Vaccine,C,0
94.91336874928852,4415.838574292342,7,Antihistamine,B,0
89.79303161121508,1887.3118974111096,22,Painkiller,B,1
44.84755942594479,423.00673633301443,27,Painkiller,C,1
79.13472278565376,4793.825488973164,6,Vitamin,D,0
50.25189466360438,2203.309040815502,20,Vitamin,A,0
52.26628595387971,3135.124672882,15,Vaccine,D,0
24.444610360441974,3348.211349485047,5,Antibiotic,A,0
61.15737880955906,2755.2428580709575,6,Vitamin,B,0
22.682910286568053,1066.024772194537,12,Vitamin,A,0
36.498646411383405,3787.9580980749,28,Vitamin,C,0
86.22786915389383,4028.572272805204,3,Vaccine,C,0
24.672201875031245,2787.229150786327,23,Antihistamine,C,0
11.760037091476118,2468.377744894966,3,Vitamin,D,1
11.555721298217549,613.9940064835273,21,Antihistamine,B,0
94.37452944779525,465.56072442392997,13,Vaccine,B,1
53.15744160637429,1730.8459855394672,17,Antibiotic,B,0
43.89414682261674,1588.6884698110966,18,Painkiller,C,0
82.03346519575226,4770.599432268193,5,Painkiller,B,0
84.40346315149903,3928.9325750949774,15,Painkiller,D,0
36.558148145982436,3316.6252615323465,8,Painkiller,D,0
70.89371546001055,2612.358040637145,16,Vaccine,D,0
78.25666750592923,878.4692770969241,17,Painkiller,C,1
67.19181525226568,4893.360527312206,9,Vaccine,A,0
19.40153210600944,1906.4514562890397,3,Antibiotic,B,0
88.20889293412041,579.2817321138618,20,Vitamin,D,1
56.213982509920825,2494.304533792943,2,Vitamin,A,0
31.834880505150352,4376.290157484762,24,Vitamin,A,0
45.396677616580924,4442.090458797781,5,Vaccine,D,0
8.5692535878962,104.28128447941391,28,Vaccine,D,1
17.14734611612967,4437.163936519429,27,Vaccine,B,0
77.72694129900678,1393.8468766242997,25,Antibiotic,B,1
5.001105301759783,242.9132016436942,22,Antihistamine,A,0
44.57375370581776,4246.561838296228,26,Vaccine,A,0
54.6384672031309,4326.140442141631,23,Vaccine,A,0
10.190269900092368,3001.3438452196324,12,Vitamin,C,0
97.44242548237162,2893.447098616974,11,Painkiller,A,0
26.481906468718833,4074.945349476026,19,Painkiller,C,0
33.89887836544668,3942.232285915885,2,Antibiotic,B,0
33.8745386642276,4456.022093541385,18,Painkiller,A,0
26.88958290114824,2786.0998656036822,17,Antihistamine,B,0
5.140013098199584,4839.853109027403,13,Vitamin,A,0
74.28775543835965,4980.926813120025,29,Antibiotic,B,0
96.8503224809321,626.8958194932313,17,Painkiller,A,1
26.30788091207928,4255.2416097929045,10,Painkiller,C,0
67.98948322132513,2524.1201758555158,18,Vitamin,D,1
75.48015106107793,1968.453374584169,4,Antibiotic,B,0
85.60041101359985,3084.7079339194393,29,Vitamin,B,0
45.14977371629287,327.02950844693476,19,Antibiotic,D,1
33.77843603584078,2556.9825378970454,16,Painkiller,A,0
35.903037732187954,4360.9083216320005,16,Vitamin,C,0
72.69902664435872,1106.6345048878954,17,Vitamin,C,1
82.59404931803543,2160.6299791086544,29,Antihistamine,C,1
22.25332693687725,4700.430394188634,21,Vitamin,A,0
40.23939577498769,2171.390997138202,2,Antibiotic,B,0
90.68431869116925,1823.9197800453717,2,Antihistamine,A,0
81.63588437100023,2230.656408210722,5,Vitamin,C,0
98.56154826243521,2621.291194261904,14,Vitamin,D,0
76.65358466979767,3178.357153450771,5,Antihistamine,C,0
42.353544097652616,4013.429364537819,24,Painkiller,B,0
61.11059422949059,2287.9059185333554,9,Vitamin,A,0
67.79635415349543,4096.530628696195,14,Vaccine,A,0
12.453302550126775,2691.917273692799,25,Painkiller,C,0
56.72721111486718,1725.4785263214894,9,Vitamin,B,0
72.3854787048979,3306.8565991911,15,Painkiller,B,0
20.895523880100736,3602.7251609802825,29,Antibiotic,D,0
79.16001315542793,2812.342429365963,26,Painkiller,C,0
60.4584141488406,330.24411701688086,2,Antihistamine,D,0
95.4610696412715,890.9202320460832,10,Vitamin,A,1
9.030118329654712,1462.2237184066296,27,Painkiller,A,0
30.205983067769363,1448.996749459891,25,Vaccine,B,0
62.14761853348329,3383.4329612220095,2,Antibiotic,D,0
33.173191659563415,140.8258752844813,8,Antibiotic,B,1
72.87029558676801,3790.6247963951237,26,Painkiller,C,0
77.10550183958344,1363.4452502943193,21,Antihistamine,B,1
14.739016586315072,1584.6081387697068,14,Antibiotic,A,0
53.816174099642936,2663.153648322425,16,Painkiller,A,0
53.34460278115031,1118.8317246478398,10,Painkiller,B,0
40.0816731704764,4428.1330021988615,17,Antibiotic,C,0
93.62786194411885,472.57545766649815,18,Painkiller,D,1
83.61310038795601,2249.692693390271,10,Painkiller,A,0
71.2348912814155,4254.640233801705,7,Vaccine,A,0
72.86103039482477,3098.427277385117,21,Painkiller,C,0
48.863033662246316,1497.0311034210356,13,Painkiller,B,0
92.4944795041747,2132.7630284934808,17,Antihistamine,A,0
70.98656558906211,3548.1371826954473,29,Antibiotic,A,0
74.25320085730256,4867.640679651302,22,Antihistamine,C,0
86.8606358597978,4471.036655978196,16,Vitamin,B,0
31.036800987508144,1745.042401492765,8,Antihistamine,C,0
81.67173586733678,4991.079502474895,11,Vitamin,C,0
23.547857280866744,67.34808447873844,5,Vitamin,B,1
37.80748546326434,186.7672912516547,25,Antihistamine,A,1
36.882993155635056,4128.01055009741,4,Vaccine,D,1
97.95991949696835,1037.3402998236074,19,Antihistamine,D,1
86.37103625605305,350.8078785613923,2,Antibiotic,D,0
71.61113685107468,1223.882962520686,14,Antihistamine,C,0
74.07039235346207,2159.1957622052582,23,Vaccine,A,0
58.39691546824425,3666.303038645354,19,Antihistamine,A,0
94.97361337530931,3140.460856428467,9,Vaccine,A,0
52.14458152382435,1226.225026924081,12,Antibiotic,A,0
41.14918243763998,2541.188718097893,11,Painkiller,C,0
20.488357008501147,4634.759821722915,5,Vaccine,D,0
79.68953696480051,4084.2884960696006,26,Vaccine,D,0
74.77217354718118,1649.7894349173773,5,Vaccine,B,0
41.51372865979281,4912.209578710696,5,Antibiotic,A,0
7.393374326126789,3557.6709821538984,13,Vitamin,D,0
84.70474613321102,359.1243105505698,9,Vaccine,D,1
6.084708428136995,224.04553077876145,29,Antibiotic,A,0
71.85147906475984,883.6193475996483,14,Painkiller,A,1
97.17442542397542,3652.8865468482268,9,Vaccine,D,0
46.57782617407933,959.5076829200182,22,Vitamin,B,1
27.322473474615514,2581.859507583726,4,Antibiotic,A,0
71.96274595412126,511.6375948951171,13,Painkiller,D,1
82.62717349148059,4608.386481259466,19,Vitamin,B,0
56.91088002739549,1752.6050372386594,16,Painkiller,C,0
96.86835114933389,4545.253679975122,26,Vitamin,B,0
9.908528557506305,4727.134427457194,15,Antihistamine,A,0
52.95558183893017,80.33680420271992,10,Antihistamine,C,1
73.25312499564225,2347.4691766337237,6,Antihistamine,B,0
86.950844759172,172.0474757491198,16,Painkiller,D,1
22.029283131240053,4548.029193199384,9,Antihistamine,A,0
81.00033076754974,2616.1173464361505,24,Antibiotic,C,1
57.5071721932618,420.9728628575593,4,Antibiotic,D,0
42.67259978904651,595.869804969006,13,Antihistamine,C,0
17.512927715013888,1948.3696712390583,6,Vitamin,B,0
87.20309709634668,4704.159254720803,10,Vitamin,D,0
19.94095477707296,3479.900300262,21,Painkiller,A,0
34.429846624864425,4344.713387636206,4,Vitamin,D,0
32.554325536431506,1863.9603993828994,24,Vaccine,B,0
87.78433324813116,263.90781277249164,9,Vitamin,C,1
68.9067844498453,4872.87230416185,22,Antibiotic,D,0
80.68473273318037,135.00630377872926,14,Vitamin,C,1
28.7944503852874,4740.875682751391,9,Painkiller,A,0
64.36303946266489,1874.9532480532662,6,Vitamin,D,0
59.31586839865613,99.94750485831352,26,Painkiller,C,1
84.11888579488576,3461.328297036316,8,Vaccine,A,0
91.07827074571975,4903.674504955203,6,Antihistamine,B,0
6.154893290351747,4829.847328046083,10,Vaccine,D,1
69.0318923105853,846.6382054519712,6,Antibiotic,D,0
9.924400916374257,947.1766400274672,9,Vaccine,D,0
57.141573182348814,2849.4176273673174,13,Vaccine,C,1
32.32510925914943,3204.6588908202057,5,Antibiotic,C,0
34.14377695460341,3710.1186726460346,10,Antibiotic,A,0
38.531057827973875,946.1992843371302,29,Antihistamine,D,1
64.02278265971296,4797.085079483951,23,Antihistamine,A,0
36.734746738533076,3211.7593186317276,23,Vitamin,D,0
74.60640980607664,4242.882248409246,15,Painkiller,B,0
43.43010162951762,2723.3252906566504,20,Antibiotic,D,0
11.493554029446068,2100.670395569919,14,Vaccine,A,0
79.4571850359902,4887.05538764523,4,Vaccine,C,0
32.14704083630707,2931.5007855581885,5,Antihistamine,B,0
46.11285356192995,4341.024234855936,2,Painkiller,B,0
70.11716890608065,4768.797362013135,23,Antibiotic,D,0
36.583334929127645,3393.005403692863,2,Antihistamine,B,0
10.375637333937984,2767.246458667441,12,Painkiller,A,0
40.52249946621729,67.37871200772057,17,Antibiotic,A,1
94.72261535595882,248.09722165807966,5,Vaccine,D,1
65.96476774336303,1044.2135194530258,8,Vaccine,C,0
68.79051912338466,970.7417376871765,13,Antihistamine,B,0
65.06680459557577,1311.0560362392343,7,Painkiller,B,0
23.904253201146496,1559.426456603421,25,Vaccine,D,0
44.74171708971661,1832.3241930761048,21,Painkiller,B,0
76.33928084451523,2131.6615658409387,10,Antihistamine,C,0
14.63042526755012,539.3883753572726,27,Vitamin,D,0
31.396013728522664,259.69156316627107,9,Painkiller,A,1
31.250315304256095,3386.025022911466,15,Painkiller,B,0
46.04179812147807,2709.807382973235,16,Antihistamine,D,0
98.13503038950758,2248.5138009895923,22,Vitamin,A,0
11.412741934963083,3190.477708783344,23,Vaccine,A,0
54.276594466156524,4147.013065657526,6,Antibiotic,A,0
22.039644791159994,2167.079900125213,16,Antihistamine,D,0
97.21427181392569,3223.541352007298,7,Antibiotic,D,0
15.7638329491091,4770.1825079840355,2,Vitamin,A,0
43.34209522435117,4206.141254514726,21,Vitamin,A,0
75.09907355928759,2158.7040119869266,10,Painkiller,D,0
71.93267066260731,3241.3483471829777,5,Antibiotic,D,0
45.15922050492357,926.5010634839018,3,Antibiotic,C,0
37.919795955508235,2824.584815230695,7,Vitamin,A,0
42.77317596252271,4907.575041135292,3,Antibiotic,B,0
30.106245000070732,2615.659820252485,4,Vaccine,B,0
24.50662917714598,4641.809580991229,8,Vitamin,D,0
50.88877126809455,2066.3078564911402,21,Painkiller,B,0
30.510706826422695,4994.281894563925,18,Painkiller,D,0
32.30885816523876,2917.139174376411,10,Painkiller,C,0
67.39182603008291,259.23152146787606,23,Antibiotic,D,1
97.01104651148975,2954.436243622371,10,Vitamin,A,0
62.34553405314063,1409.1348436140033,20,Painkiller,D,0
12.313049371171797,210.7825440776788,6,Vitamin,B,0
12.180443316136362,4113.2238582385835,26,Antibiotic,B,0
95.38520598032876,1414.8617030547418,7,Vaccine,B,0
33.2426250791967,3992.9153425301674,19,Vaccine,A,0
13.746363677835166,1476.6770356315415,2,Vaccine,D,0
61.90923577928625,1011.9154516751827,26,Antibiotic,D,1
64.24663393757528,4870.981091816916,18,Painkiller,B,0
66.60795791127538,1840.144372387347,15,Antibiotic,A,0
30.403192646466422,3026.8122466436444,16,Vitamin,B,0
6.435515000375128,3069.408389431634,6,Vaccine,B,0
96.67646009817483,2824.343736758834,18,Vitamin,A,0
28.834839340654735,4577.743930430012,22,Antibiotic,B,0
69.22249736499201,3388.483303265999,22,Antihistamine,C,1
72.12983763847741,2048.4783703194043,24,Antihistamine,A,0
62.95070462255114,4318.782903395157,24,Antibiotic,B,0
34.72620245029658,946.2613506240237,12,Painkiller,D,0
30.75414410758625,2743.9719501715663,11,Vitamin,C,0
61.77848685675679,4755.224341121594,18,Antibiotic,D,1
87.27908519311069,3145.718267908043,26,Antibiotic,D,0
94.93970424772257,4093.993829850637,2,Antihistamine,C,0
15.061051418356975,3285.1255914487047,6,Vaccine,A,0
19.708718196783387,4204.885774512557,17,Vaccine,B,0
94.74994458439257,4725.215005233956,8,Painkiller,D,0
74.97084669180529,1400.962551287047,13,Painkiller,D,0
88.88441335882844,889.8223522207584,9,Painkiller,D,0
24.2501002428576,2445.7542141460726,19,Antihistamine,A,0
60.82065775539318,3524.2190127798685,2,Antibiotic,D,0
71.60826146966,1174.5967032519698,21,Painkiller,D,1
69.61062911746241,70.30217962932701,13,Antihistamine,D,1
43.77441063233632,1747.5288233916913,5,Vitamin,C,0
6.462514710674306,4845.853710565553,27,Antibiotic,C,0
60.377975396405,3490.0889299989412,13,Vitamin,D,0
29.04464622206283,2036.5609475090585,23,Vaccine,A,0
47.77415338357458,1003.2516818668597,2,Vaccine,A,0
95.97019643296265,1812.6438850859975,2,Antibiotic,B,0
42.9083551760313,890.7051948411773,4,Painkiller,C,0
84.78115263312054,576.2138154991095,22,Antibiotic,A,1
22.91135754617886,4538.374744234142,13,Painkiller,D,0
68.88374731237774,4988.369174958594,23,Vaccine,C,0
97.81566067169963,862.366475999162,22,Antibiotic,A,1
14.679844582928995,319.88666644748463,14,Antibiotic,B,0
5.790394511583241,1682.168980373751,14,Painkiller,D,0
46.190365300098364,2335.212944769006,22,Vaccine,C,0
13.799420889879883,1063.8651730254796,10,Vaccine,B,0
76.09651321924198,1542.0533134028644,19,Painkiller,B,0
91.8821230656131,1044.3101416737056,29,Painkiller,C,1
46.231992407332086,3882.589813740634,29,Painkiller,A,0
29.577606004766892,3577.2608190739406,2,Vaccine,D,0
46.26831530562793,3193.0100030168596,7,Vaccine,B,0
73.7275426957501,1966.7283925420636,26,Antibiotic,B,0
5.860145350135243,4549.752659505468,24,Vaccine,C,0
60.99812900104623,4849.186080598349,25,Vitamin,C,1
63.26271006430101,909.5145974957893,6,Vitamin,C,0
65.58038345511387,1153.9125749887962,27,Painkiller,B,1
27.992097598183335,2651.87358860183,5,Painkiller,A,0
72.83500872092205,501.6903179471142,7,Painkiller,A,1
13.682191201518759,2210.4195741744084,4,Antibiotic,D,0
23.93068196434608,2929.866760649665,18,Vitamin,C,0
88.35965443217579,2634.264177129799,12,Vitamin,D,0
75.1786993190238,1687.997486236229,5,Vaccine,B,0
6.305827631077799,2735.106740082174,26,Vitamin,B,0
28.59574473513102,4796.064723581297,21,Vaccine,B,0
25.368615884350632,1069.7861512423115,2,Antibiotic,D,1
30.726601163512395,3291.415224050318,5,Painkiller,C,0
28.51817817658921,264.8136360724567,24,Painkiller,D,1
10.939998095570346,378.7612021831029,4,Vaccine,D,0
48.59934907669793,2781.5497099067456,11,Antihistamine,B,0
74.6096801046857,569.4489426233498,23,Vaccine,B,1
62.63951384815646,160.6166027129438,2,Antibiotic,A,0
68.92280851681758,898.9893383577098,28,Vitamin,C,1
12.709171960942719,2846.0033964478935,5,Vaccine,C,0
95.39161746679478,3531.5377248687155,20,Antibiotic,C,0
84.65672421508737,1052.268892499831,2,Painkiller,D,0
81.48358025708795,3357.884214180464,17,Antihistamine,B,0
83.18346147896791,953.2578389411852,20,Antihistamine,B,1
93.60749827261233,3086.6142618247227,21,Vaccine,A,0
56.70412678080128,2089.2004154842043,22,Vitamin,D,0
24.02679169742446,3286.307571201403,23,Vaccine,C,0
63.59444274599141,4975.511124772274,19,Antihistamine,D,1
75.5737418984542,4692.193977901182,3,Antihistamine,B,0
75.10215236863242,71.19470128871296,7,Painkiller,A,1
54.53765729585361,4432.921883593413,22,Vitamin,D,0
11.503578336689916,379.1294361150943,2,Vitamin,B,0
40.255729150862145,4767.580601491232,20,Antihistamine,D,0
92.47282780401895,1445.0371115434393,28,Antihistamine,B,1
60.522646426955475,1941.0724105357913,6,Vaccine,D,0
56.141534609292776,503.60911561985284,29,Vaccine,C,1
30.541083866308384,605.7501537281025,29,Painkiller,D,1
40.002647392075,3647.365797885132,3,Antihistamine,D,0
90.05787846955108,4724.444566954044,2,Vaccine,C,0
68.3139895150494,3073.205050023832,17,Painkiller,D,0
79.80176754147162,3593.4575768577147,26,Vitamin,B,0
48.162815191427235,3821.7502357559097,22,Antihistamine,B,0
64.87348584833501,1350.9306590370616,3,Antibiotic,B,0
28.596442830604715,273.88667305506385,27,Antihistamine,B,1
72.0187788769312,59.270082399884494,5,Vaccine,B,1
45.622126701817045,1785.7139506223923,4,Antihistamine,C,0
47.04182390740083,1245.2479295861197,24,Antibiotic,C,0
66.68562083480376,358.47273899346897,18,Antihistamine,D,1
93.94665903954804,938.6650478436504,16,Vaccine,B,1
11.080602927818987,666.2695464263417,11,Vitamin,D,0
83.35060754796572,4578.647984055983,13,Vaccine,B,0
32.77639548915835,744.3227066228862,13,Painkiller,D,0
47.17234817810589,2711.359896739012,21,Vaccine,C,0
7.081766233625851,2985.8744778052146,8,Painkiller,B,0
33.59937739425973,2740.2728156577373,28,Antihistamine,C,0
52.749968049862396,540.3293493691405,11,Painkiller,D,1
10.336727348006706,1628.0518906652285,6,Antihistamine,C,0
51.65409429140069,303.7881456926087,21,Painkiller,C,1
93.07550974155059,2008.5660747767643,21,Vaccine,C,0
15.012355720241496,983.5647097943804,12,Antibiotic,A,0
77.62186916717292,2830.0810397576797,29,Antihistamine,D,0
43.9187500707193,3479.4015495530475,3,Painkiller,D,0
67.24150287981212,2683.993308013297,25,Antibiotic,B,0
29.722476808596788,2199.471648226409,17,Painkiller,B,0
20.151764941429036,1967.3004332406274,13,Painkiller,B,0
20.243948355766513,4216.374252080169,17,Painkiller,C,0
11.696734836098742,1135.8719220730868,5,Vaccine,D,1
22.63643696561809,3684.3807806679006,3,Painkiller,C,1
68.10084157395198,3799.537507463589,26,Antibiotic,D,0
88.76060812513326,2125.0400359901355,29,Painkiller,C,1
82.34194013116037,1521.6379661669148,11,Vitamin,B,0
70.08775943807599,2379.1803559275772,14,Antihistamine,C,1
15.491027024054754,511.4089331688576,24,Vaccine,A,0
32.472807398115236,277.35365953399537,20,Vitamin,B,1
34.43165315563455,602.4358372868644,16,Vitamin,A,0
28.745909907774017,976.3679057380195,24,Antibiotic,A,0
53.925537672423694,2545.675260673313,2,Antibiotic,B,0
55.8776124135689,4253.226348997555,29,Vaccine,A,0
38.90416764125547,1216.4295433984505,18,Vaccine,A,0
38.60997007996142,4679.051953196551,21,Antihistamine,D,0
83.71278180107772,4776.794149228267,5,Painkiller,C,0
79.98282059037014,4796.577793983766,21,Vaccine,A,0
34.24060400967083,4195.935536647803,10,Vaccine,C,0
91.80990216795963,1850.9339519487169,7,Painkiller,A,0
95.51742661523808,409.78535946298416,4,Antihistamine,B,0
36.040541492853876,2865.6527222441496,23,Antibiotic,B,0
38.670370135340214,2815.473147489307,3,Antihistamine,D,0
53.03524457508609,4257.380047192498,19,Painkiller,B,0
94.40647719069898,4980.1557021832205,24,Antibiotic,D,0
88.2503461485196,2565.3786674727303,20,Antibiotic,B,0
14.74395644544103,1758.759953646932,8,Antibiotic,C,0
42.30942061078454,970.2134722035216,4,Antihistamine,A,0
57.570263026228325,73.75913284598514,29,Painkiller,A,1
52.7975848923963,2570.112777819952,29,Antihistamine,D,0
23.416991454004805,2799.817400177849,19,Antihistamine,B,0
86.5875932609747,4133.445475096118,21,Vitamin,C,0
69.30937438469955,2547.655991069363,21,Vaccine,C,0
84.60129561092134,4586.51832589698,20,Antihistamine,B,0
86.58260653819985,3159.0132090286056,10,Vitamin,A,0
76.09380609824528,4209.664379194362,17,Painkiller,B,0
46.72500711872315,784.0935872983482,7,Vitamin,A,0
63.00194172646533,4283.913844996458,22,Antihistamine,B,0
20.2347135813756,3391.9620794970497,13,Painkiller,A,0
68.99631466011624,892.6535105697362,29,Vitamin,D,1
22.029059295231672,989.3296128227538,7,Antihistamine,C,1
70.9252110984649,4636.1780642688955,14,Painkiller,B,0
26.811825271627022,209.46603422934575,28,Painkiller,A,1
16.1673735142709,2339.5479693137454,25,Vaccine,A,0
20.702026563580958,1601.7026851738028,6,Antihistamine,A,0
5.189252845811676,3342.1333279922187,14,Vaccine,D,0
73.28026369608537,4206.16546846651,21,Painkiller,A,0
74.57809966054602,1833.8717017050194,8,Painkiller,C,0
53.91866824175965,2163.1653322480443,13,Vitamin,D,0
20.32946610026145,4910.493033282,22,Vaccine,A,0
12.937662063515525,3930.3867229120538,5,Antibiotic,C,0
6.817251811542266,4491.160448112368,6,Antihistamine,A,0
20.746076811695968,2221.872992225567,17,Vaccine,C,0
89.63127582339894,1208.6772097213702,28,Painkiller,C,1
27.94599996165977,2088.724153662936,5,Vitamin,A,0
38.65577608563549,3594.654993265992,9,Antihistamine,C,0
15.007821025726653,591.6805039380977,17,Antihistamine,B,0
26.124323951076178,1388.8220728017186,9,Vitamin,A,0
54.326334224119485,280.8477072848724,18,Painkiller,B,1
62.73650489408699,2190.121304773751,15,Antibiotic,C,0
28.30846984579005,4145.856393099086,13,Vitamin,D,0
10.484555126386134,172.08525707515346,4,Antibiotic,D,0
42.148122567102874,3392.8514576954717,28,Vaccine,C,0
27.249320238001744,4665.854578843011,21,Antihistamine,B,0
25.857622706831183,1222.7929144803522,3,Painkiller,A,0
96.18696625777825,3483.4924616018584,14,Antibiotic,D,0
63.548546162943786,4876.754410445992,22,Painkiller,B,0
57.90345210134911,4813.276397754693,12,Vaccine,D,0
44.49863483471558,1212.8995054942593,25,Antibiotic,D,0
45.74971167586371,546.63871339974,13,Painkiller,C,1
56.38597536461768,783.9985625847839,19,Painkiller,A,1
71.16083166843019,3525.0765589866037,10,Vaccine,B,0
71.7038791372738,3642.506433493714,8,Vitamin,B,0
21.31092123201771,3387.470980059585,7,Vaccine,A,0
52.51071144727956,1713.5880193240785,25,Antibiotic,B,0
44.13601902823969,890.3958518027046,15,Antibiotic,D,0
87.7000617955915,2924.7674051636527,19,Antihistamine,A,0
64.98479751574575,2444.218206501439,15,Painkiller,D,0
55.58788630951827,3657.7290282554018,6,Antibiotic,D,0
15.962491006997151,2234.7323894938263,21,Vitamin,D,0
62.535599485724084,1726.2664886980185,25,Vitamin,A,0
16.134371039622174,1502.7189579271212,14,Vaccine,B,0
37.03462467874645,1096.7780842462453,2,Antibiotic,D,0
18.569986657361525,1365.444562123974,13,Antibiotic,A,0
70.74699646731504,519.4106722783017,20,Antihistamine,A,1
24.593950814434496,1766.9422040980032,11,Antihistamine,C,0
42.22664045286247,231.0205711966431,25,Antihistamine,C,1
90.08910387378397,972.7485434733177,6,Antibiotic,C,0
24.410056422902176,3746.513700866174,21,Vaccine,B,0
53.241481076084014,1661.0714939492823,7,Vaccine,B,0
44.830807810772086,3357.773234037852,13,Vaccine,B,0
6.721783899344325,3598.576669206523,22,Vaccine,B,0
80.31202078941722,2926.867446523962,4,Vitamin,D,0
11.559361099886974,4795.553819758722,28,Antibiotic,A,0
50.05422699281059,156.12733978441062,15,Painkiller,A,1
58.26443801920024,3706.3306204113032,22,Antibiotic,C,0
64.70051337838578,4795.993887505019,5,Vaccine,A,0
70.42000478424818,4318.245060297049,18,Vitamin,B,0
29.06087643465793,881.068824434816,18,Vitamin,A,0
5.94798378255269,1667.7605159460738,15,Antibiotic,D,1
73.72714792371664,903.6366073885038,16,Painkiller,D,1
55.88737693801997,3026.476400882785,8,Vaccine,C,0
84.43118180468863,3575.330510798487,5,Vitamin,B,0
83.03189447556596,1619.5151583471381,18,Vaccine,A,0
85.1159859398489,2720.5575412222624,7,Vaccine,C,0
51.08399269805631,3470.0568218524154,12,Vaccine,A,0
36.69469760450224,2135.6320922246896,13,Antihistamine,C,0
80.19802924618016,4277.376875754524,16,Vaccine,C,0
47.87294073777922,3869.1721796746947,28,Vaccine,D,0
22.42700865832628,370.09444206032475,13,Painkiller,D,0
86.22253185834006,3124.570230499604,12,Painkiller,D,0
88.84318829337299,1214.8614772507606,28,Antihistamine,C,1
49.29942683331616,2809.715410103013,18,Antihistamine,D,0
12.19147409442981,4786.597791033183,9,Vaccine,D,0
41.84347854210847,4401.356922533638,13,Vitamin,B,0
81.33607764894732,2052.356195419902,10,Vitamin,A,0
90.66853271189173,1492.9935988045493,12,Antibiotic,A,0
24.329910537271605,1210.308434820882,4,Vitamin,B,0
11.362493142400794,2685.9486052947746,8,Vitamin,B,0
88.34829304761968,615.5298436273788,22,Painkiller,D,1
41.993469202993154,2768.9112902348306,4,Antibiotic,D,0
56.46729160541851,56.60151547942048,22,Antibiotic,A,1
96.96625214482209,1653.055672191932,17,Painkiller,B,0
11.323649151851171,1138.6748534613773,11,Vitamin,B,0
66.59021070794907,4857.533010305871,24,Vitamin,D,0
12.040015144612372,3649.849481871396,8,Antibiotic,A,0
40.669548204317536,1780.7842332880766,26,Vitamin,C,0
81.36238179337744,509.58317832657156,25,Antibiotic,B,1
46.17986211178527,2608.162943718589,21,Vitamin,A,0
99.73232362078029,1106.5670125639094,16,Vaccine,A,1
58.110632069927206,2705.326252196871,22,Painkiller,A,0
35.51040450041558,4185.0436531855175,22,Antihistamine,B,0
25.910575960951547,3098.1731329018576,11,Vaccine,C,0
38.29945075718537,3187.2526767477607,13,Vitamin,D,0
40.39066100715733,2728.0999308609166,19,Antihistamine,C,1
11.527799383776292,4639.964881525475,29,Vaccine,A,0
40.10954894554345,4662.9182878819865,24,Painkiller,B,0
49.10265937522637,2587.9798453140834,24,Antihistamine,B,0
73.66008646268644,1563.509461360347,10,Antihistamine,C,0
67.38930104855277,2324.9556791032473,10,Painkiller,C,0
72.33273724676965,973.4616653682976,5,Vaccine,B,0
5.794549778301424,3199.904360824542,6,Antihistamine,C,0
25.678402960150926,2525.4570621220546,8,Painkiller,D,0
67.86000739798637,561.3373651757354,27,Vaccine,D,1
50.978989977075976,1028.356516542096,8,Vitamin,D,1
5.504780188492865,2424.178183187658,12,Antibiotic,A,0
81.42699103102312,4443.565504058349,11,Vitamin,C,0
78.41690946258205,2853.6340671239323,12,Vitamin,B,0
57.09982048438845,3423.5982510319304,25,Antibiotic,A,0
11.314015948745851,1728.1913212323532,25,Vitamin,B,0
77.81892970559554,2878.48639556896,19,Vitamin,C,0
60.45279083447957,2264.530122058434,13,Painkiller,C,0
79.28619783000612,3312.6930674846453,26,Painkiller,A,0
76.41596427760484,300.3490520911013,17,Vaccine,A,1
81.28519683599453,2491.8360703828475,28,Antihistamine,D,1
54.21076630843936,1515.1634944626364,5,Vaccine,A,0
18.330829228383926,1664.6160533256507,18,Painkiller,D,0
68.75995997107043,4806.541286212404,18,Painkiller,A,0
63.94500957993721,954.3393229213447,22,Antibiotic,D,1
75.51405278391329,1590.6640002640547,24,Antibiotic,C,1
21.138695574819852,2573.9682498678153,6,Painkiller,B,0
23.522643990527477,4321.983393340637,14,Vitamin,C,1
89.5889041358362,2112.516911871534,4,Vaccine,D,1
76.24789085294672,3732.133140396447,28,Painkiller,C,0
91.28170642653068,4289.051786163272,24,Painkiller,A,0
77.07795551057247,1584.5809613181523,18,Antibiotic,A,0
61.72975406907868,1994.1134085166143,12,Vaccine,B,0
67.142610017648,1814.9533072573636,2,Vaccine,B,0
89.46715277430094,4172.636252658709,29,Antihistamine,C,0
59.98664167863435,269.5169666703257,19,Painkiller,B,1
65.07717581119681,1576.6843897019662,18,Antihistamine,A,0
19.865288020342057,3413.0723600958927,10,Antibiotic,A,0
50.02251591102976,2848.9453228484463,21,Antihistamine,A,0
73.0577256360194,2209.6323285037865,8,Vitamin,D,0
30.739556340054715,2722.7437247458524,6,Painkiller,D,0
24.21414714983082,1028.0436998501755,17,Painkiller,C,0
34.813546781319474,2182.0472769596513,8,Vaccine,D,0
27.942559659319176,2533.429771672928,14,Antihistamine,B,0
25.416700518457606,4510.886153675278,14,Vaccine,A,0
45.36083007246826,1341.1340558796828,16,Antihistamine,C,0
91.24465881893573,4345.751085716416,24,Antihistamine,D,0
53.17066644017824,3238.9949340886105,18,Antibiotic,C,1
22.852436177455687,150.68711378462487,18,Antihistamine,C,1
12.312308591183037,3636.9251176519983,28,Vaccine,B,0
71.1348337881029,225.9817938678227,20,Antihistamine,B,1
41.36588262145684,4987.036577728375,11,Antihistamine,B,0
83.07393992560912,4369.551604071429,3,Painkiller,C,1
67.65352302087317,1521.851550323226,15,Painkiller,C,0
80.64293780143001,1324.1855894736918,24,Painkiller,B,1
30.83487374475263,1938.133356422764,4,Vitamin,D,0
70.77409763380052,1813.026478306493,8,Painkiller,A,0
30.085888545903284,1893.0722010076363,26,Vitamin,B,0
94.2115055477777,1625.468903291428,29,Vitamin,D,1
65.45555674567056,3124.6103638992404,12,Vaccine,C,0
35.8286210166575,863.1051354170886,18,Painkiller,C,0
30.6036269177659,4237.607397607765,16,Antihistamine,D,0
23.138025581806133,4071.392295955011,20,Antibiotic,D,0
70.99089109490414,2408.591878883589,12,Antihistamine,C,0
25.777983234803095,4271.013328128811,16,Painkiller,C,0
61.55381026311146,1273.368096649952,16,Antihistamine,C,0
30.140327557908947,136.9490057346364,7,Painkiller,C,1
67.88704975541751,3115.079228897624,16,Painkiller,B,0
82.41927421135122,2316.6515644753413,10,Antihistamine,C,0
78.91239809874205,2857.46450416456,6,Vitamin,C,0
77.28087643842426,4501.730074641095,20,Vaccine,D,0
22.833628540763947,4851.1315891514205,25,Vaccine,D,0
13.396569963529277,3190.543041790235,29,Vaccine,D,0
71.40013870630163,3832.07516976957,6,Vaccine,C,0
39.992985310463375,464.8517457614631,23,Antibiotic,D,1
46.072891508317994,845.5421452129528,14,Painkiller,C,0
7.959163815372151,3679.363784517234,19,Antibiotic,C,0
29.659762681129674,2185.25900912061,21,Vaccine,D,0
8.199258368074082,2257.5280885018083,18,Vaccine,A,0
88.52264839711853,1577.6080240954113,16,Antihistamine,B,0
28.122684905760394,3056.414098214832,15,Vaccine,B,0
57.94703110943576,966.5669748102029,17,Painkiller,A,1
8.703035462807389,3153.2355826037833,5,Vaccine,A,0
68.35050217403752,910.3043428194364,18,Vaccine,C,1
35.687597846638916,365.9388718130823,21,Antibiotic,D,1
90.30232276097826,1685.270559060352,15,Painkiller,B,0
89.3712279487334,1194.144692948746,19,Vitamin,B,1
35.902608744366034,4450.508610853845,7,Antihistamine,A,0
90.59128509059445,322.01959664970167,23,Vitamin,D,1
99.63497898238398,924.2377782419081,9,Antibiotic,B,0
83.41448809177507,2766.162047636095,10,Vaccine,B,0
85.26277803674675,2431.2825946949943,25,Antihistamine,C,0
28.65582993036354,276.96749095477264,2,Painkiller,C,0
59.78672789148685,85.89951867496515,14,Antihistamine,C,1
11.389311826899945,4940.936312707692,4,Antibiotic,B,0
14.017203998058623,3311.231766776249,7,Vaccine,B,0
99.8947981431626,1858.7603479627062,18,Antibiotic,C,0
36.03072869546154,2378.6396259330445,9,Painkiller,C,0
76.07747164464041,1369.4230962487204,7,Vitamin,D,0
81.63318003754756,1757.1252292813883,17,Vaccine,B,0
86.51221074568677,3262.770112977659,2,Vaccine,B,0
99.77468825320487,4419.918404393485,11,Antibiotic,A,0
27.942166099402446,961.4436142518651,19,Antibiotic,C,0
8.833328551671471,4209.789451657328,23,Antibiotic,C,0
44.063194209485665,651.7053161154319,27,Vaccine,C,1
17.357663633749958,1114.2115067625364,15,Antibiotic,B,0
7.130459470395237,234.01767584574762,25,Antihistamine,D,0
39.24054857844118,747.0187173603473,6,Antihistamine,B,0
79.45513385214745,4590.650570047051,18,Antihistamine,A,0
58.78716566638173,2324.221795760974,15,Vaccine,A,0
34.71390897498364,434.44601580285007,27,Antibiotic,D,1
67.16249052180837,4800.647848292859,19,Painkiller,C,0
27.04172712933702,4401.011923405318,5,Antibiotic,A,0
6.366237376848077,3785.678478297299,21,Vaccine,B,0
77.6135717114606,4670.690320140411,24,Antihistamine,A,0
64.25559306208086,1139.6406331370324,3,Vaccine,A,0
77.4187493275912,4190.028000399928,8,Antibiotic,D,1
8.699111585328232,3465.4564219538156,8,Vaccine,D,0
84.52636464391196,4355.308285360057,8,Painkiller,B,0
63.854989003448814,3994.7122504260174,14,Vaccine,C,1
58.52255831770081,1765.1505627252836,20,Vitamin,D,0
64.3383345708805,3883.272758235415,23,Vaccine,D,0
87.12115845249458,1349.158699775207,29,Antibiotic,C,1
60.75896812309617,1676.5312069888714,7,Vitamin,A,0
60.19028608937703,584.1333002537319,21,Antihistamine,B,1
99.11451992124775,4678.62924910332,18,Antibiotic,B,0
76.88936587151396,1490.4666488313937,26,Painkiller,A,1
47.017911517857854,2627.0812025986866,19,Vaccine,C,0
72.20271500312813,1987.0975405076535,26,Vaccine,C,0
41.976894810719905,4801.644196888333,25,Antibiotic,D,0
26.743168935932403,1708.4933961454878,2,Vaccine,C,0
61.70092830433715,3903.8018160423107,28,Vaccine,B,0
93.17729932082538,4284.3099654243415,24,Antihistamine,B,0
93.26825440146897,2206.2521625307813,14,Vaccine,B,0
37.48100142002158,1921.9504815420096,27,Vaccine,C,1
55.12935929106102,3751.3418136165087,20,Antihistamine,A,0
25.105410364136816,4568.835102515859,17,Vaccine,B,0
99.58495540239393,3786.9120787075794,11,Antihistamine,B,0
98.20620124745389,1174.2755096797348,14,Painkiller,A,1
66.70334832220749,4447.123349816641,11,Vaccine,D,0
81.41933566935997,1968.5292538123238,15,Antibiotic,C,0
72.93451532195151,2902.335588300775,10,Vitamin,B,0
61.35003080874948,4165.60631549892,22,Painkiller,C,0
10.068059713945281,982.5540986324364,12,Vaccine,B,0
48.2026125425028,3933.325171603888,4,Antibiotic,B,0
69.104698705904,3001.0058496578536,9,Vitamin,D,1
69.36550331895005,4472.041127046661,13,Antihistamine,A,0
40.44664875012644,901.2534891255376,4,Vaccine,A,0
94.46073873251291,2132.3770733525957,8,Antihistamine,A,0
20.898918062494197,4172.573309690845,15,Painkiller,D,0
52.53414739047826,145.19693211096285,8,Vitamin,D,1
70.63397777232817,605.3967654899321,8,Vitamin,A,0
71.22790155972187,4953.297803145837,15,Antihistamine,C,0
66.62070089303748,1437.951184022235,13,Antihistamine,C,0
31.152380277926717,4878.938808933569,2,Painkiller,D,0
19.839624025229085,953.5311774929359,28,Antibiotic,C,0
65.41433104853753,1837.4174928863113,6,Vaccine,A,0
61.933701033246585,3776.7037502926746,29,Antibiotic,B,0
22.038820977477894,3306.0031158289835,12,Vitamin,C,0
71.98821882920352,2926.555879648825,2,Vaccine,A,0
48.24133921469736,2673.0009202347874,24,Painkiller,A,0
68.43725620229952,4225.030196140464,14,Antibiotic,A,0
84.54987257816431,1212.995386025294,25,Antibiotic,C,1
21.1242007148077,2240.231088617916,24,Vaccine,B,0
6.818762459699484,819.4888461744636,18,Painkiller,C,0
79.01474570759974,2999.910898866987,4,Painkiller,A,0
62.92125538949851,1290.1949001430348,11,Antibiotic,A,0
71.46575911410156,1702.5182184997598,20,Antibiotic,A,0
84.62472262392104,2382.6910472864643,8,Antihistamine,D,0
81.26703880832754,182.51439923048284,21,Vaccine,C,1
96.28741395823835,505.0927828081464,29,Painkiller,B,1
55.91383249095123,3445.349642505687,4,Vitamin,C,0
51.407085102691006,2173.401404551661,23,Vaccine,A,0
43.17928398961936,4330.711598899482,13,Antihistamine,A,0
19.60064907019943,3488.6264180387875,27,Vaccine,D,0
59.39768712379213,90.0996611542461,23,Antibiotic,A,1
31.316189810967984,3102.7260372973174,11,Vaccine,C,0
92.52421366023268,513.9380869955962,22,Vaccine,C,1
60.40312640632427,3915.6192399629467,13,Vaccine,C,1
61.31981714827047,4957.963056978585,16,Vitamin,A,0
38.71784278331595,2679.434031495482,7,Antihistamine,D,0
9.938988437882212,3429.7585259609455,20,Vaccine,C,0
8.015657710433919,1224.7050964290202,27,Vaccine,B,0
45.216838694553765,2216.108831581278,6,Vitamin,B,0
13.033710919237596,4287.6718945700995,26,Painkiller,B,0
62.65046077631322,878.7435913439435,21,Vaccine,C,1
88.69243553576746,1364.4012477881224,28,Vaccine,D,1
88.8769075692786,2254.8966926658495,3,Painkiller,A,0
67.60931396256208,3575.632014627869,22,Vaccine,D,0
25.067023989928447,1910.6255762385854,20,Vaccine,A,0
86.98469897909284,4642.274784925869,29,Vaccine,A,0
89.17887635475478,517.5624037801599,20,Antihistamine,A,1
23.682090570531077,1885.4807778469951,5,Antibiotic,A,0
75.05547814821433,3559.3229109706886,29,Antihistamine,C,0
32.21935714807668,1168.6344900243876,21,Painkiller,B,0
81.25082967352832,3299.2450144368813,6,Antihistamine,C,0
99.73760049084225,862.8739432253624,8,Antihistamine,D,0
7.852470506292317,327.10241006534756,5,Vitamin,A,0
90.24975725013853,649.0277979058119,12,Painkiller,C,1
64.14990069187252,4653.424676513967,24,Painkiller,C,0
97.47134882065801,2781.166870550779,26,Painkiller,C,0
49.17590416501062,3991.9115886242625,4,Antihistamine,A,0
85.50185340428051,1696.6397794800037,6,Painkiller,A,0
10.927436516836337,2983.660307032961,21,Vitamin,A,0
36.851509757438095,2500.0130618397084,16,Vaccine,C,0
11.366571086364948,4731.402899041355,26,Antihistamine,C,0
97.6575976805117,3750.4944484678463,22,Vaccine,D,0
82.6125211908245,3666.1860259080663,27,Vaccine,B,0
85.9920050183672,279.44868369968367,19,Antihistamine,B,1
94.10669698621994,2770.864861568271,17,Antihistamine,A,0
13.08483118137961,2361.6076968139837,17,Painkiller,B,0
41.63177128876667,4642.819219700663,11,Vitamin,A,0
11.748314459180202,1323.8428415381845,2,Antihistamine,A,0
25.02534464725272,1385.6755937909168,24,Vaccine,C,0
26.789748818578875,2086.163931963427,12,Antihistamine,B,0
49.565185049519975,1254.6800813615614,18,Vitamin,D,0
30.513405908096047,689.46039315331,25,Antibiotic,A,1
14.592920147687304,4294.203490921464,16,Vaccine,A,0
20.911653463940233,2813.4687957993833,26,Antibiotic,D,0
18.99117853744864,4313.745458835006,8,Antibiotic,B,0
97.44229580166834,4164.117088748295,26,Vitamin,D,0
77.13278815725499,1446.109656208872,27,Antihistamine,B,1
96.93733920060839,2761.300349405156,7,Antibiotic,B,0
46.77534621825131,461.9276285633487,16,Painkiller,B,1
31.445005757952377,4580.496825952254,16,Antihistamine,B,0
80.83785373487274,2051.1004395725076,8,Vaccine,B,0
35.994122213908945,1998.6971102506557,4,Antihistamine,B,0
33.441420502008086,1548.6390845588685,15,Vitamin,A,0
27.088069259743964,2330.2855363179838,10,Vitamin,C,0
17.31950293130236,1296.2089633999678,4,Vaccine,A,0
29.363990796592766,1905.5187503441825,7,Vaccine,A,0
38.75537610501933,4009.737890495165,21,Vaccine,D,0
69.02944977384439,4179.564742746601,10,Vitamin,C,0
10.9436600108479,1555.7032642611548,2,Antihistamine,C,0
24.99815926820758,2371.6214312363,10,Antibiotic,C,0
81.85724582770926,4375.407892586259,13,Antibiotic,B,0
18.95758274045822,310.73299255700084,5,Painkiller,B,0
37.551288919639546,4451.267561879138,27,Vitamin,B,0
87.14259757652331,1134.9625109790418,17,Vaccine,A,1
19.717904558627055,3408.7692588611603,6,Antihistamine,C,0
12.85999938372804,2933.630897103771,28,Vitamin,C,0
51.03110953260103,2787.056703536798,18,Painkiller,A,0
33.72985357146096,4303.833112526466,18,Antibiotic,B,0
58.52379462596614,552.7821110410732,7,Antihistamine,D,0
81.36146459593014,1767.7887253618983,27,Antibiotic,C,1
18.0291063745106,2714.3510944065897,16,Antihistamine,A,0
60.166413032657076,4065.879827032897,2,Vaccine,B,0
53.023332237037074,1121.393262887774,14,Antihistamine,A,0
18.68748467125396,4024.5027148026675,17,Vaccine,D,0
64.27985612525333,2028.210488344982,3,Vitamin,D,0
30.995839696773306,985.1235893467923,20,Antibiotic,B,0
51.344260261681185,3806.982880195239,24,Antihistamine,A,0
12.815870806320879,499.94956229901175,3,Antihistamine,B,0
48.66048543529419,2598.0985016734426,22,Painkiller,A,0
34.114029464067926,366.18513011634764,26,Antibiotic,A,1
83.12621506260867,1814.2683830310484,13,Vitamin,D,1
10.412979064749987,3025.3301550816436,13,Vaccine,A,0
44.76769111724134,2802.771930361705,27,Vitamin,A,0
48.55098529248661,2053.044318628099,9,Painkiller,D,0
73.87557724841628,2173.787570161973,13,Vitamin,C,0
59.557319633570046,1172.5092890862943,25,Vaccine,C,1
68.38517203344719,2306.6188126993093,12,Antibiotic,C,0
78.81968213691684,4768.61153581813,3,Painkiller,C,0
86.90928249752793,4259.741943029762,2,Antihistamine,A,0
34.8181721886347,768.9027019279018,26,Antihistamine,C,1
56.11215700957078,197.4148972385586,27,Antibiotic,C,1
84.81026745172399,4670.945347947321,29,Vitamin,A,0
98.99785744168037,2657.411261909701,5,Antihistamine,C,0
89.5043345491575,2712.2972245890733,10,Painkiller,C,0
40.2893899493158,3914.5540787472855,28,Vaccine,B,0
23.54081913577179,1607.7104206630663,29,Vitamin,C,0
51.49229105362593,2435.4424657382106,28,Vaccine,B,0
75.455937924424,4844.881420076351,8,Vitamin,C,0
51.794061721563274,3377.1360003154155,29,Painkiller,A,0
50.902182014798505,811.0379083791404,23,Vaccine,C,1
84.63189000277106,709.4724025225488,27,Painkiller,D,1
39.333359011382704,1061.1105537483768,26,Vaccine,A,0
86.68049410710634,3845.2227883825517,11,Vitamin,C,1
43.646456090413736,1512.1161690110494,21,Painkiller,C,0
36.18214503944225,155.87479104164493,15,Vitamin,A,1
48.129041563971406,4723.663099353026,2,Vitamin,D,0
77.4324610741125,890.0814111548078,6,Vaccine,A,0
16.970192647079458,97.31302143293948,14,Vaccine,D,1
23.659825507841653,1223.8014317974487,7,Painkiller,A,0
95.38725843799374,1213.3924962347617,23,Antihistamine,A,1
21.67170460122895,2138.925991686329,29,Antibiotic,B,0
58.934095203450184,4605.929665925182,18,Vaccine,B,0
60.034874332884094,4401.965343006535,16,Vitamin,A,0
51.514323894773256,2311.6280471630184,8,Antibiotic,B,0
66.25079861479776,2083.954529709442,9,Painkiller,C,0
26.83353895077375,2797.2949780505137,29,Antibiotic,C,0
57.50291543879108,1255.0973592602404,22,Antibiotic,C,1
40.35645924845523,308.315710233496,3,Antihistamine,B,0
67.85838966477296,4699.159474047473,19,Antihistamine,B,0
18.416236620449197,974.159975142005,28,Antibiotic,C,0
59.23335459975024,1032.0836097662961,22,Antihistamine,A,1
22.600683761415752,2388.6786278270406,24,Antihistamine,C,0
31.471090995928456,2483.486056959637,8,Antibiotic,B,0
25.777431030740406,141.24933801867263,21,Vaccine,D,1
22.369589087537626,782.375956931155,28,Antihistamine,C,0
83.44254039826336,1921.8663518756716,17,Antibiotic,C,0
32.14221892778458,3434.4669328771683,20,Vaccine,B,0
93.07675927712269,1180.6713613180825,10,Antihistamine,B,0
97.14301990779313,2143.9215088967253,13,Antibiotic,B,0
59.26974464402425,2808.858070346511,15,Antihistamine,B,0
18.585106653244008,4448.532848385295,8,Vaccine,C,1
40.58208312106022,1664.0489865192603,3,Antibiotic,B,0
80.78456501808033,711.1134160242434,18,Vaccine,D,1
39.90211922622169,2471.8975181931605,12,Vitamin,A,0
13.266635738764931,3746.2719283361075,19,Painkiller,B,0
57.894566538177855,593.8057974110305,13,Vitamin,B,1
85.28648089212331,2152.183283899954,4,Antihistamine,C,0
80.61300677863272,138.03644924929296,22,Vaccine,A,1
21.636698312383558,216.1179491538931,15,Antibiotic,A,1
68.91263836918434,2440.619147922495,16,Vaccine,A,0
25.947905026386476,1526.0766258471008,20,Antihistamine,B,0
25.729715782456363,4233.28113007679,11,Antibiotic,C,0
88.03681846399259,3030.6638153259487,10,Vitamin,C,0
28.718550510321865,2296.9681606278023,11,Vaccine,B,0
30.008497919211063,2069.280086718767,21,Painkiller,A,0
5.062072122323458,2511.365126938338,24,Antihistamine,A,0
87.71355824192418,250.17221450267363,5,Antihistamine,C,1
80.2965072548678,4469.327114282267,20,Vaccine,D,0
64.59624883361441,4991.600620883094,11,Vitamin,B,0
76.27524757419002,948.3612680505584,18,Vitamin,D,1
19.44461390532672,645.8956756343676,13,Painkiller,D,0
48.540741485819666,760.7084440705464,26,Painkiller,A,1
38.365841798134184,3322.0839382601175,28,Vaccine,D,0
13.908769994416566,3324.1321503313347,2,Antibiotic,B,0
51.182396095417786,4247.224603278134,12,Vitamin,C,0
92.47026678255037,3771.540622709954,14,Antibiotic,B,0
8.805616309815976,2275.9638831782318,2,Antibiotic,B,0
32.68878678191042,3083.634039748328,2,Vaccine,B,0
24.71638893954183,3457.009118321639,22,Painkiller,B,0
27.62393209824115,2588.0455279118646,17,Antibiotic,D,0
91.30128242854065,2404.4723730356013,8,Vaccine,A,0
49.466560152257564,3243.2323559311335,24,Painkiller,C,0
49.29844422928279,2809.4990174294862,11,Antibiotic,A,0
77.25468603325182,3237.514411412756,17,Antibiotic,D,1
19.67675938046795,3083.631131118651,2,Painkiller,A,0
51.290208639504826,3610.0229745425904,23,Painkiller,A,0
45.848595341500676,3231.8773684752364,10,Antihistamine,D,0
61.70651560193233,2622.725307864473,7,Antihistamine,A,0
99.95798180879166,3424.8942158577133,16,Vaccine,C,0
78.09764493779447,2274.935727667869,5,Vaccine,D,0
42.79724178665558,1246.2725685643752,16,Vitamin,C,0
83.61753996603446,57.02018966288153,11,Antihistamine,A,1
21.217294514685616,2821.822528371924,26,Painkiller,B,0
7.894050199351212,2973.743371712773,17,Antihistamine,B,0
24.42259538410594,4861.642375639786,14,Vaccine,D,0
37.33909783085467,1839.317753766664,20,Vaccine,B,0
53.50517195865819,2000.959552000143,27,Vaccine,B,0
63.437268351413984,1048.9079276438415,21,Painkiller,B,1
91.50754313537007,399.1447614247434,5,Antibiotic,D,1
53.43613090729348,3875.382239665616,21,Vaccine,C,0
52.62118623944429,1285.921268479659,23,Antihistamine,B,0
9.773085933183303,3064.0790620986877,17,Antibiotic,D,0
8.316597502341262,3454.4765259501337,12,Antihistamine,C,0
57.36019638205535,2382.6216020936563,16,Vaccine,D,0
46.626968258592726,4387.942959484599,12,Painkiller,B,0
84.72213752312837,2246.7844628496573,24,Antibiotic,B,0
20.264560547625294,1460.2976840567374,26,Antibiotic,A,0
7.3723079011197115,4485.276838660031,12,Vaccine,A,0
47.65868295336196,4314.743207037284,4,Vaccine,A,0
27.56046289146446,861.9977380282444,25,Vaccine,C,0
9.713365467189558,178.5070408519087,25,Vitamin,D,1
73.83683725052475,495.4285039306224,18,Painkiller,C,1
15.60133499593851,1468.4096228413944,6,Painkiller,A,0
62.79035250073831,4862.686018621468,14,Vaccine,A,0
31.69972626585447,2814.654958146084,11,Vitamin,B,0
21.48212478372709,1897.6455735448806,6,Vaccine,C,0
41.07639467733516,4449.144668333094,13,Vaccine,B,0
81.1373487411806,2293.024840818573,9,Painkiller,B,0
42.248889805934404,1610.4312105850545,25,Vitamin,D,0
76.32311667505029,4709.036667291004,13,Painkiller,A,0
16.921198195919317,4255.112447653756,17,Vaccine,B,0
78.41328486818252,4226.158458326233,3,Antihistamine,B,0
27.508665866131622,2585.809478098555,4,Antibiotic,A,0
69.35234733944291,3957.7200741365023,19,Vaccine,A,0
58.749247709894654,937.7991283595318,18,Vitamin,D,1
93.2687481351103,2887.453639903406,3,Antihistamine,D,0
41.79563920765483,4920.037318095351,27,Vitamin,B,0
11.285692939271843,1490.2442310639103,23,Vaccine,B,0
6.819771127369026,3982.044029775992,13,Vaccine,B,0
83.55156329241154,2477.868115679933,18,Antibiotic,C,0
54.849885577836055,247.03813194933227,7,Vitamin,D,1
78.64818492432018,3826.9460191875537,18,Antihistamine,B,0
27.270432001093894,884.4172647409583,3,Antibiotic,A,0
37.782955823757206,3175.7941573071134,9,Vitamin,D,0
7.859867860075299,474.03776053251585,15,Vaccine,D,0
96.34177083454065,4736.993617605026,7,Antibiotic,B,0
68.44745113657727,1494.0332415427865,10,Vaccine,C,0
93.6544833371341,1171.0002238031047,2,Painkiller,B,0
30.22215870576187,689.2252001283548,6,Painkiller,C,0
63.08904306643778,4732.710857028286,8,Antibiotic,C,0
69.4574969878006,3573.9235250844604,10,Antibiotic,A,0
35.167221524470904,3721.221399154539,15,Vitamin,B,0
85.57037732648486,2522.0525788322107,28,Antihistamine,C,1
94.98033897552354,2399.902537088893,10,Antihistamine,D,0
89.0612361811204,594.6051528078094,5,Painkiller,B,0
75.2113627142404,2821.213423140759,21,Painkiller,C,0
31.359144573870633,1272.2366507885126,16,Painkiller,D,0
31.753524000035014,4886.869397362009,5,Vaccine,A,0
96.5192304423736,3993.0756530749795,4,Antihistamine,A,0
5.977027113890743,2094.310697954794,25,Antibiotic,B,0
73.02474745800373,799.1392305230885,22,Painkiller,B,1
72.0933854427499,3937.3918711369806,24,Vitamin,B,0
64.15550639023076,654.1661470525141,27,Antibiotic,B,1
99.06034037825225,987.202079810499,23,Antibiotic,B,1
34.6285463975539,1097.0265628339257,15,Antibiotic,C,0
37.297327060358576,2806.608659451817,10,Antihistamine,D,0
12.499243279922776,3945.930437252313,20,Painkiller,B,0
47.06582297165506,1605.8586496872265,7,Vitamin,D,0
29.799609992310568,469.1155806626826,4,Vaccine,C,0
37.6217367068762,2349.465394445875,19,Vitamin,C,0
84.28432007428462,3753.145693741681,17,Vitamin,C,0
93.87102878511209,1147.236023282572,4,Vitamin,B,0
22.644641840492636,1138.6265127949025,3,Vaccine,A,0
40.38834849757926,4738.773785366218,3,Vitamin,A,0
93.21990340096244,4773.060949239931,27,Vitamin,B,0
10.87180376547615,4952.805373704803,28,Painkiller,B,0
13.77425017058096,4047.9150277951617,24,Painkiller,B,0
20.46514397459179,981.5116373813305,11,Painkiller,C,0
61.5452192420531,1099.3085279563438,16,Antibiotic,A,0
19.29486574556976,1734.1149455358402,4,Vitamin,A,0
96.96725623781968,1624.7560301007798,9,Antihistamine,D,0
47.437880089559435,4784.8123579361445,19,Antihistamine,D,0
52.644206233265805,3955.9162152643835,28,Antihistamine,A,0
28.432568501513618,3633.8435211996916,12,Vaccine,A,0
49.74122398129968,970.5179590877525,8,Painkiller,C,0
67.88179510051609,4552.151518843531,20,Painkiller,D,0
76.36182801063406,4147.958378555561,26,Painkiller,B,0
76.61746785744174,860.0271145732223,8,Vaccine,C,0
59.89965570593839,4362.2931432068135,26,Vitamin,D,0
90.91417862441644,1397.6253050338328,3,Antibiotic,B,0
82.6537454940804,450.3052418689249,7,Painkiller,B,1
76.91957089636942,3301.2704172453396,6,Vitamin,A,0
10.28252455964376,3286.3330639524365,15,Antihistamine,A,0
5.653406410866685,519.9134473498095,19,Antibiotic,B,0
25.18249133356993,1628.3164542360828,5,Antihistamine,B,0
68.03474142177797,4964.431588164916,5,Vitamin,A,0
44.063761443841855,3408.2120016932477,25,Vitamin,A,0
43.22859463343462,3663.872074686479,14,Antihistamine,A,0
89.0357543818133,1103.940563741313,24,Antibiotic,A,1
90.07847057252468,439.9712514693759,22,Antihistamine,D,1
91.37165008509065,1420.6633642176414,26,Antihistamine,A,1
34.81841726892759,1282.0470067063002,2,Antihistamine,C,0
70.65030221022987,1210.9932987028628,21,Antibiotic,C,1
30.805152221065114,1004.1338933408458,6,Vaccine,C,0
23.10793414207273,2895.0406687442514,25,Antibiotic,A,0
22.540083448000075,1674.1122054170178,4,Antihistamine,B,0
37.50022398204143,4110.7078244852755,29,Painkiller,B,0
45.84597387908306,960.5397183445508,22,Painkiller,D,1
83.9401712502315,2349.9040007992953,20,Vitamin,A,0
16.389653879907648,117.60629030909591,14,Vaccine,C,1
74.81795550251495,2434.3274961532006,8,Vitamin,B,0
55.488216847984006,326.39919333854823,11,Vitamin,A,1
32.354807554219285,4889.731383769586,4,Painkiller,C,0
51.81786053061834,3963.4310368195434,24,Antibiotic,C,0
33.49449662881715,2476.0518093504543,3,Vitamin,C,0
61.62778574763907,478.60742298778376,8,Vitamin,C,1
46.2151726712482,2982.604931912551,10,Vaccine,C,1
20.618525262493478,3805.880565974294,29,Painkiller,D,0
16.07539208279119,994.0504023734892,22,Antibiotic,C,0
56.936089796852364,2862.6312868980795,13,Vaccine,D,0
90.72923816217983,4080.3439469951963,23,Antibiotic,C,0
37.67598022298013,3852.8264993492658,11,Antibiotic,C,0
74.6350101861492,4024.810488442407,28,Vitamin,C,0
67.57282871927785,4402.650953105113,20,Vaccine,C,0
93.4977168594007,4691.5264056893775,14,Vitamin,D,0
82.99319664341839,2057.329718257503,11,Antihistamine,A,0
58.82749959601898,2865.4070574882426,6,Antibiotic,B,0
67.41789733224019,3963.764653925774,16,Vaccine,D,0
90.34671432548332,3500.842079031627,22,Painkiller,D,1
42.9542845357588,4977.825129908675,4,Vitamin,D,0
36.04549705648885,117.70437296798849,9,Antihistamine,A,1
6.027052945343652,1807.9094158131638,7,Antihistamine,B,0
83.5223520481891,1441.088235037502,20,Antihistamine,A,1
81.09316653831966,1348.4634583193963,18,Vitamin,B,1
14.923179219514381,1151.5224233694846,11,Painkiller,B,0
59.801451207606526,3560.163012035384,2,Vaccine,B,0
49.0782613258543,469.55939271284313,14,Antibiotic,A,1
16.27736407336559,3720.9637280195248,28,Painkiller,B,0
98.15398157076874,3482.4579179805537,11,Vitamin,C,0
25.396109309018765,1291.4804558794372,13,Vaccine,D,0
11.387247108603308,1301.5272266675481,3,Antibiotic,B,0
61.51050105268141,3162.8598974552856,11,Vaccine,D,0
75.19233432763811,3822.7469721442053,22,Antibiotic,A,0
8.082127374482761,4388.603784782459,24,Antibiotic,A,0
67.5781756790671,4268.090841079655,2,Antihistamine,C,0
55.56772821538817,4826.170821111073,2,Vitamin,B,0
14.8101758431296,2927.85523191573,21,Painkiller,D,0
21.389768309904397,4547.84502863478,27,Antihistamine,D,0
58.95755824502765,4052.1407026390334,16,Antihistamine,D,0
33.1539732837624,4478.604740354367,23,Vaccine,A,0
94.13999422187503,107.55167636256483,26,Antibiotic,B,1
82.78032180098482,4831.219809735764,2,Antibiotic,C,0
98.43888461879799,2393.974306090068,28,Vaccine,C,1
29.66872970028933,4001.0057983954725,27,Vitamin,A,0
97.12374511580782,679.6603907220152,22,Antibiotic,B,1
45.967217630198,2009.9084242791716,10,Antihistamine,C,0
38.01428555480669,1393.730281953905,25,Antihistamine,C,0
9.783205062088559,1493.7109139796382,8,Antibiotic,A,0
10.012699496662249,660.1153187568647,17,Antibiotic,D,0
70.74106931493219,4038.5309710878846,17,Vitamin,C,0
48.50325447123265,95.74945717633689,14,Antibiotic,A,1
26.51955447343004,1596.9020120767523,11,Vitamin,C,0
63.3271791008971,913.3321889212543,19,Antihistamine,C,1
29.021521233760563,2965.7427560112856,10,Vitamin,A,0
59.87501666272015,1308.549392941992,13,Antibiotic,A,0
39.124830963355585,1332.0423499140934,25,Painkiller,B,0
83.23746152812281,2467.2738127768275,14,Antibiotic,C,0
82.96613527284404,3280.8107447375824,12,Painkiller,D,0
50.348287821628126,650.4582875975599,16,Antihistamine,D,1
38.32781538682648,918.781689704206,11,Vaccine,B,0
39.44318067311398,1273.514985742862,11,Antihistamine,B,0
81.5428799384807,4870.053659883904,10,Antihistamine,A,0
36.17705086577314,2015.9048747174556,26,Antihistamine,D,0
24.86064050215037,3015.0009486235813,26,Vitamin,C,0
13.045392478154149,1245.6369229440904,4,Antihistamine,A,0
49.335846484018795,2477.774649529565,24,Vaccine,C,0
50.80254939738498,416.88991321049235,17,Antibiotic,D,1
84.88632748827618,221.97362231551836,13,Painkiller,A,1
26.017676162376077,2370.230957766228,18,Antihistamine,C,0
41.19417099849799,2023.3634732161397,26,Painkiller,B,0
81.79854519490064,727.557582474547,16,Antihistamine,C,1
83.24424302115249,3453.627073157632,26,Vitamin,C,0
41.53805221798298,4964.872279951359,4,Painkiller,A,0
48.61678221223468,2008.4517649237266,6,Antihistamine,D,0
33.812159630681876,3141.5652477911026,29,Antihistamine,C,0
93.59271344983465,4816.730914704204,14,Vaccine,C,0
16.27115774545013,4166.098113612033,25,Vaccine,C,0
93.70619518513965,2344.5835053482947,7,Vaccine,C,1
69.9673129243576,3700.572948076601,27,Vitamin,B,0
55.49935450523947,684.2684492400939,27,Painkiller,D,1
8.102610774527108,2584.914084545806,10,Vitamin,D,0
50.181638223090786,1431.348372040686,20,Antibiotic,A,0
43.73606997525957,847.7602550859974,29,Antihistamine,C,1
20.315787137636644,2160.0904859599477,8,Antihistamine,A,0
67.3589123325624,698.5220444463914,14,Antihistamine,B,1
97.25933619998715,3509.9762854637033,23,Vaccine,B,0
58.407937051129885,2308.3882180640107,6,Antihistamine,C,0
72.90156126217485,2679.1659311950857,17,Vaccine,A,0
11.502792993771594,774.5608964073772,5,Antibiotic,A,0
44.6783646026145,741.8697224127977,6,Vitamin,D,0
16.054056090627107,2937.906404537614,21,Vitamin,A,0
63.21560437596849,4925.798251755759,20,Vitamin,B,0
94.15580503034468,526.4403870267417,24,Vaccine,B,1
67.86888458480566,1464.3705714006173,7,Painkiller,C,0
12.296289589870046,4353.822626862543,5,Painkiller,A,0
38.69328947358287,407.74646066342285,26,Antibiotic,A,1
57.3130210468809,4385.634320766409,2,Painkiller,B,0
43.30473683265896,2645.2156177050183,18,Antibiotic,C,0
84.19618099514138,2070.920530935808,10,Antihistamine,D,0
82.39374544744898,1582.9187935397065,17,Vitamin,D,0
63.12394690980604,1520.7299327328174,24,Vaccine,C,0
40.478504787607,1563.72278312492,3,Antibiotic,C,1
29.256955507508195,4429.775250752969,12,Vaccine,D,0
15.058060230247285,3632.7863893651884,27,Vaccine,B,0
38.71527993122263,3365.1288887641954,6,Vitamin,A,0
44.25138913473336,4003.808287312404,14,Antihistamine,D,0
69.203177884887,1322.7175818705177,21,Antihistamine,C,1
67.52518330826948,3109.3119198046907,18,Painkiller,C,0
11.660273265919411,2327.3278828418574,29,Antihistamine,A,0
42.54963496595999,3923.086094240957,26,Vitamin,C,0
22.268992385649383,1580.8177468427632,16,Vaccine,B,0
19.89720700509654,3233.734153505984,23,Antibiotic,C,0
83.59370422503837,4416.951438495702,28,Antibiotic,A,0
8.981945588044464,2040.644857164897,13,Antihistamine,D,0
44.82237321070153,379.7793324689342,7,Painkiller,B,0
20.979347297819228,2604.4515705918743,21,Antibiotic,C,0
88.53637048945504,1762.5638146447784,14,Painkiller,A,0
57.91884876112834,3377.515633708516,19,Antibiotic,D,0
26.981160455800563,4757.612977505601,25,Painkiller,D,0
52.73059228080576,2453.7611740843927,16,Painkiller,A,0
74.491204171796,2357.6416392698925,16,Vaccine,D,0
96.02121084734621,3290.1947609477284,9,Vitamin,D,1
25.9423704033148,562.31264278816,20,Antibiotic,D,0
89.18726835228779,1304.8556351788225,24,Antihistamine,D,1
93.75889084591158,4598.947661226973,15,Vitamin,A,0
92.05995173054629,3366.215936150643,8,Vaccine,A,0
65.36436390188143,116.54801771791045,15,Vaccine,C,1
64.83296217129723,1062.8960891671481,6,Vaccine,C,0
43.30501015246316,3430.0444668430505,16,Antihistamine,B,0
76.47779881885985,3833.7760526847424,22,Antibiotic,D,0
55.472931743338535,4207.304884736507,16,Antibiotic,D,0
69.35661676668798,1496.275176741122,25,Painkiller,B,1
45.70350086563557,4658.591551573935,5,Painkiller,A,0
74.4921640840982,2787.0871232105674,2,Painkiller,A,0
83.32479417243216,3497.86816082007,18,Antihistamine,B,0
18.91144437726753,3003.857370760544,26,Vitamin,C,0
84.12832297955165,657.5632706393712,21,Antibiotic,C,1
56.32817052007919,4817.417563955155,2,Painkiller,D,1
85.2432613635713,658.2341204760556,17,Antihistamine,C,1
45.97366210239639,1311.6656842353589,14,Antihistamine,A,0
41.00884611138833,4077.4580071037517,19,Painkiller,B,0
91.93076958913613,3112.054959430452,11,Vaccine,B,0
28.861080417098123,4198.838368612967,24,Vaccine,B,0
85.2001709021836,2602.894132451522,19,Vaccine,C,0
50.98195438839339,1916.1165150648426,18,Painkiller,B,0
53.83906704236967,4613.135222761535,27,Antihistamine,B,0
34.30448674150098,229.44897169823452,10,Antihistamine,C,1
59.43900905880649,4287.844590747577,15,Antibiotic,A,0
35.895063646240075,1192.548036679519,22,Vaccine,D,0
8.73059435295697,4251.24482238214,14,Painkiller,A,0
30.839867507713823,739.0232364135837,21,Antibiotic,C,0
5.606009123626114,2922.0838702681754,21,Antihistamine,B,0
97.94370477040138,4446.134199106787,15,Antibiotic,D,1
96.74598493287601,2394.0212521495077,12,Vaccine,A,0
42.53975325986898,3745.5050353267948,14,Vitamin,D,0
74.19523116226637,4033.124508385014,18,Vaccine,A,0
37.85157934899037,3695.646333148057,4,Vaccine,A,0
68.75384992316773,4630.382197529261,2,Painkiller,C,0
81.51585408936802,2261.8294410736466,22,Vitamin,A,0
94.94184324576287,906.970923867521,6,Vitamin,B,0
43.02016620571884,286.66476532727495,26,Vitamin,C,1
79.41330838082453,1269.9763547056502,14,Antihistamine,D,0
30.263202810051286,758.8276442071984,25,Antibiotic,C,0
99.08156886039659,2811.8462701006783,6,Antihistamine,A,0
7.448111882613358,965.4794191980734,6,Vitamin,D,0
62.33523661760649,242.72185108238733,24,Painkiller,B,1
67.65306825687608,228.1496528999059,13,Vaccine,C,1
70.36432792204224,4166.269016906065,3,Vaccine,A,0
16.436819984963456,2977.677160642973,24,Antihistamine,D,0
94.1603294299474,1822.5222443722218,17,Antihistamine,B,0
22.212411509757867,4476.428811564222,18,Painkiller,B,0
64.16157330778489,397.47322646818236,6,Vaccine,C,0
26.15422751669307,4902.594260002738,13,Antihistamine,D,0
34.185559617020736,3100.644361759582,16,Antibiotic,A,0
56.91356146417181,958.1480571458,29,Antihistamine,D,1
44.63337476363476,3411.3920399359945,7,Antihistamine,B,0
20.221432092768097,3828.737235928635,14,Vitamin,D,0
21.238958229980586,2175.2467776853337,12,Antibiotic,C,0
44.723754875465964,4315.081400915459,27,Antibiotic,D,0
76.94188293617258,796.1254161175281,18,Painkiller,D,1
90.30664145053991,1430.2460387091614,10,Vitamin,C,0
12.992127914641369,512.7871898407493,26,Antibiotic,D,0
42.3448712181431,1093.845311006393,17,Vitamin,C,0
14.523328553673279,1231.707618960168,18,Vitamin,C,0
6.576285660096799,4592.284295062465,21,Vaccine,C,0
67.86327485117587,436.64295931822323,25,Antibiotic,B,1
62.23269698682584,2165.704844929162,19,Vaccine,D,0
20.48681581241419,2685.3735017732192,14,Antihistamine,C,0
27.21221914384109,4498.530616320696,12,Antihistamine,A,0
7.252236596229246,4988.596282373007,14,Vaccine,A,0
84.31998454096835,3779.271168853187,25,Antihistamine,B,0
97.59560662461239,4855.415403316696,27,Vaccine,C,0
17.868655995495626,3946.1506060525753,14,Painkiller,C,0
26.990145307703322,4817.8530728085125,13,Vitamin,B,0
87.49890477495873,3550.990093425053,15,Painkiller,D,0
93.01406080583756,444.8289559828018,14,Antibiotic,C,1
44.86460136664698,2039.5049256137488,26,Painkiller,C,0
9.809134865562042,3250.6565548222284,10,Painkiller,A,0
8.742224200817843,1786.0566217985424,15,Antihistamine,C,1
59.52523727655599,1403.2503946632041,2,Vaccine,B,0
42.325035344852004,2908.1263723088005,10,Antibiotic,A,0
7.721980619877179,4670.834289677053,5,Antihistamine,B,0
60.40897726969289,223.16027390496012,29,Antibiotic,B,1
6.073740975957135,3857.694457530117,13,Vitamin,C,0
79.80033602418094,3627.500026320904,25,Vaccine,D,0
34.1111181568203,4821.569455672021,15,Antihistamine,C,0
8.82451028587705,4657.020550546091,10,Painkiller,D,0
60.893460993399565,3823.0511821187547,4,Vitamin,A,0
42.7800193711402,2626.0233851788635,7,Painkiller,B,0
97.51103926892921,1061.1243885059234,4,Antibiotic,B,0
56.69887293785171,2748.916805711593,2,Vitamin,C,0
31.147722198515787,3838.4923699022866,27,Antihistamine,D,1
72.3966921402276,4483.562602557571,23,Painkiller,B,0
30.791740241557576,3959.074445592218,22,Painkiller,B,0
90.90311268371869,1016.5713291957172,4,Antibiotic,D,0
40.59858719820076,3018.447255428894,15,Antibiotic,B,0
57.237513463739496,1694.2586246802173,21,Vaccine,B,0
9.804444863301741,95.5680535836828,3,Vaccine,B,0
45.481517605461924,1041.093632153897,13,Antibiotic,D,0
84.07453626779453,610.4422171705738,27,Vaccine,D,1
81.53663650951748,4221.459661520369,11,Painkiller,A,0
26.310263091084995,1329.6059481316693,14,Antibiotic,B,0
26.477511746003454,1459.2549459933998,21,Vitamin,B,0
82.6440046602575,4801.686030404477,5,Antibiotic,A,0
93.38784991608593,1926.4792790918182,20,Antihistamine,D,1
14.059287520935337,97.44891871475306,23,Antihistamine,D,1
47.7555707454914,1455.0384343133758,2,Antibiotic,C,0
37.05815650160175,640.5329239789717,26,Vitamin,D,1
87.71540326845674,558.9023805924771,12,Antibiotic,C,1
12.934866894601782,433.56208617196006,27,Vitamin,A,0
25.056964543013553,2986.6343773681174,17,Painkiller,D,0
76.48449207071697,987.2712319678002,20,Painkiller,A,1
9.87291565321548,1838.1518305030017,20,Vitamin,C,0
51.79086116785748,4316.987694843583,13,Vaccine,B,0
47.0001682945734,2150.4737919915647,4,Painkiller,B,0
36.76811200393112,4582.672182755606,24,Antihistamine,A,0
42.48436995529776,2514.793364308251,25,Antibiotic,B,0
55.34435575837213,2024.241243456791,19,Vaccine,A,0
20.329899046896397,3764.425189098973,18,Antihistamine,C,1
59.33960843694131,412.21673890161037,6,Antibiotic,B,0
81.5160712834987,492.9179957629661,17,Antihistamine,C,1
77.2152883300651,3277.269883918655,25,Vaccine,D,0
19.6204909459085,2460.356530534279,15,Vitamin,B,0
19.17869962544002,3962.5554890800904,20,Antibiotic,B,0
30.476564935766767,4585.540644850481,7,Antihistamine,B,0
39.302099002398535,1972.4160444741603,4,Antihistamine,A,0
43.80328023380584,3002.229631593999,7,Vaccine,D,0
69.5712355991678,2528.448307586784,13,Vaccine,D,0
10.384641055754363,4908.972745430043,21,Vaccine,D,0
8.293906901476307,4163.867816415146,12,Vitamin,C,0
42.23150347967136,4563.1016559729005,8,Painkiller,D,0
71.23055075310815,1308.9834335091407,28,Antihistamine,A,1
23.376357580865843,3874.005794654842,27,Vitamin,A,0
65.94292571934392,1364.092463738362,2,Antihistamine,C,0
29.68367310432845,1083.27554047053,17,Vitamin,C,0
89.17818033728405,4724.117490294977,17,Antibiotic,D,0
90.09054470532857,145.5568627534399,18,Painkiller,D,1
33.242284406726014,4828.674083133977,16,Antihistamine,A,0
26.84940662650785,788.8463900945908,22,Vaccine,A,0
44.07387734629197,4106.218504876677,10,Painkiller,D,0
27.850500592114127,1415.8166376871104,6,Antihistamine,A,0
68.87646511271186,1785.9765207821006,21,Antibiotic,C,0
83.47614503208712,1122.9506710438257,9,Antihistamine,A,0
68.94375243656562,2948.294510281344,22,Antihistamine,D,0
83.3132924886882,1773.0729601639766,2,Antihistamine,C,0
42.71425540971004,3304.095545498583,8,Painkiller,A,0
19.85011221734178,127.45422381322658,12,Antihistamine,C,1
75.10534000277126,368.6556733994461,21,Vaccine,D,1
39.24507798844762,543.3227060196808,27,Vitamin,A,1
68.7707283967676,2124.018742285644,22,Vaccine,D,0
30.711174488267737,4083.2410546668816,14,Antibiotic,B,0
12.716815306633904,4446.480656372994,23,Painkiller,D,0
99.29527057133753,1261.8131633014586,14,Vitamin,B,1
19.83914325340693,2893.130134983119,8,Painkiller,C,1
98.8999944265307,3853.4067138283726,12,Painkiller,C,0
97.84159359381249,1479.705678102063,19,Antihistamine,B,1
80.41271987126376,2074.588296844552,2,Vaccine,C,0
67.64518139778977,2643.672303294284,13,Vitamin,C,0
59.891669773853046,717.6304897198361,4,Antihistamine,D,0
87.27964681089429,178.61235394261254,27,Vitamin,B,1
32.49675455385135,806.388756125502,29,Vaccine,A,1
49.42971518606332,3152.9254252049905,2,Antihistamine,C,0
63.84204708981768,414.4103945917243,5,Vitamin,C,0
44.063095207601656,988.9970060081351,7,Antihistamine,A,0
45.61121313857546,1722.3767341917535,6,Painkiller,D,0
36.377043412698015,435.45681831651336,12,Antibiotic,D,1
58.60202258503092,998.9113922500904,21,Vitamin,D,1
85.80458016143602,4560.78545546838,24,Vaccine,A,0
24.14519591059972,145.53070452357457,14,Vitamin,D,1
93.77113868157693,3284.4880246630923,12,Antibiotic,C,0
70.46332710608182,1952.8242080301652,28,Vitamin,D,1
83.21095520460287,3379.6112601902373,7,Vitamin,C,0
57.8381157998511,2964.0240157988524,20,Vitamin,A,0
79.05408663528603,1156.318834055489,26,Vaccine,D,1
6.539037747249385,4243.686963488273,16,Antibiotic,D,0
82.74614035405584,2485.1048939163156,22,Antibiotic,C,0
8.813191613109819,4121.553293621685,14,Vaccine,A,0
89.54177075447194,2059.762054131685,11,Vitamin,D,0
99.23646098767111,4924.193491880434,2,Vitamin,A,0
32.93640890679389,3863.922324581417,14,Antibiotic,C,0
24.980262847150396,4831.453515307238,7,Vitamin,C,1
77.70951956651386,2595.916070603801,22,Painkiller,D,0
29.037502387424055,2394.7711048389674,27,Vitamin,A,0
87.22842640135933,3789.496356160026,25,Vitamin,C,0
14.770046254960288,4407.441751916479,21,Antihistamine,A,0
16.965743656039034,4822.521689534512,13,Antibiotic,B,0
98.01939773455848,1656.5319348608737,18,Antibiotic,B,1
69.01469533565044,4003.587640521063,28,Painkiller,D,0
85.45428632075051,1092.6957082959066,19,Painkiller,A,1
35.81129084839421,2750.593016389954,25,Painkiller,A,0
69.26595620445742,940.2483346255358,27,Antibiotic,C,1
61.45297359431673,1769.6169406641773,9,Antihistamine,A,0
62.299261411679964,4660.223917671973,15,Antihistamine,A,0
69.84058365608355,773.1489638767762,6,Vaccine,C,0
59.65912144726436,3180.3844309192227,23,Antibiotic,D,0
45.760925083753264,2985.1236509906466,3,Vaccine,C,0
31.21265596615195,647.654845909483,28,Vitamin,B,1
78.01522643675419,1663.5962666556202,29,Painkiller,A,1
26.49588085030269,2836.7584473505653,26,Vaccine,A,0
70.77365908466935,976.5341144930268,23,Vaccine,D,1
27.16661815168603,4013.087099243436,29,Antibiotic,B,0
64.40636614567312,4862.174722197012,26,Painkiller,A,0
75.97243537725775,1113.0590298142367,12,Painkiller,C,0
25.777819446121224,975.2142257133509,27,Antihistamine,A,0
10.694613581824287,2301.928605397351,4,Vaccine,D,0
17.442505584446536,3751.438121843159,23,Antihistamine,C,0
62.56971189074742,1443.9230206644945,27,Vaccine,A,1
85.69740859144487,148.405548051538,17,Antibiotic,D,1
9.274698017365315,2729.042108762825,22,Antibiotic,B,0
74.74436960895639,4785.172810448173,17,Vitamin,C,0
37.42527136525495,1986.8204342643805,10,Vaccine,C,0
50.46019514235464,2129.6660432063472,14,Vaccine,B,0
93.24165723532873,4846.063499714488,11,Painkiller,C,0
36.53729294990532,3488.3076775523054,18,Painkiller,D,1
49.207008724251175,3609.9010180685195,26,Antihistamine,B,0
6.299829402264705,2835.3749265867846,22,Vitamin,A,0
12.751878400459645,4874.315593773046,18,Antibiotic,D,1
29.566201157804482,3459.8890979065027,11,Vaccine,B,0
7.645962878002068,4480.412120445589,9,Antihistamine,A,0
64.98065597458384,3511.925385379445,8,Vitamin,D,0
45.50784389615414,3688.8233329599598,15,Painkiller,D,0
57.07379425916209,1487.5340646041202,23,Vitamin,C,0
21.591482660151307,1552.219555168404,19,Antihistamine,C,0
33.11354279647853,3925.7740154013445,22,Antibiotic,B,0
68.06332511100888,1518.696131391003,20,Painkiller,A,0
96.70375874488798,2835.7118504675814,19,Painkiller,D,0
9.789593492209875,1284.2939389881747,15,Antibiotic,D,0
89.58651048125027,4094.0677350048936,11,Painkiller,B,0
59.803714124564806,596.9816885770655,2,Antihistamine,C,0
58.57235884178425,4155.760866820239,10,Painkiller,D,1
52.52646084473723,3033.512512512629,19,Vaccine,D,0
11.592438160897423,975.2021973940325,14,Vitamin,C,0
13.538300914935263,2733.075158255285,28,Antihistamine,A,0
62.08664053761318,1448.3692423943353,18,Antibiotic,A,0
37.39106428637804,1651.1633069159582,24,Antihistamine,C,0
92.14046632487967,1790.0638059045577,26,Vaccine,D,1
43.62610104914987,363.43027251298867,23,Painkiller,C,1
18.611738576750902,4930.510337787016,17,Painkiller,A,0
72.89828918269342,206.0964092495593,25,Antihistamine,B,1
32.86857503689593,3329.359522262178,12,Painkiller,B,0
54.91967919880985,1887.5768563992813,24,Painkiller,A,0
71.29411462299116,3247.75094018616,10,Vaccine,A,0
90.52509056419669,1813.4288527835397,8,Antibiotic,A,0
80.25816350615924,3385.0656989813506,23,Vitamin,C,0
69.25430144790879,3659.715771868386,2,Antihistamine,B,0
69.56515232753864,3468.235569978242,10,Antibiotic,A,0
94.86284118304822,614.1118077228538,11,Vitamin,D,1
33.103289262170925,3301.621511540689,17,Antibiotic,B,0
5.105648948637803,1435.9383697977817,22,Antihistamine,C,0
30.835683142828874,192.56678431820092,19,Vaccine,D,1
25.69968106454068,2103.411825850322,15,Vaccine,C,0
67.87428558582982,2196.038358878815,29,Vaccine,A,0
65.20260197772527,2362.51196009461,12,Antibiotic,A,0
61.378831356948766,3538.8796186840455,25,Antihistamine,A,0
6.543127104898101,1578.7768552551727,5,Painkiller,D,0
74.2339151728115,1610.6385398644168,20,Painkiller,A,0
35.735389186121694,349.73366839423994,14,Vaccine,B,1
68.18031895562996,3449.765019161865,2,Antibiotic,A,0
57.87495070770456,2860.7391524279406,22,Painkiller,B,0
37.55943791565118,1779.6543078342509,20,Antibiotic,D,0
17.784745374890235,3540.6854456409055,16,Antihistamine,C,0
13.96979527774569,2709.920858673042,21,Vaccine,C,0
83.99424164566123,2372.7624820591714,16,Vitamin,B,0
92.247766497748,2581.056491122576,26,Vaccine,D,0
66.72986444260846,3199.92322007193,12,Vitamin,B,0
14.82624091174592,3317.0128926442676,24,Painkiller,A,0
43.19258560438287,1480.34120474655,28,Vitamin,A,0
74.24922400998993,746.6796487862085,6,Antibiotic,A,0
79.08298398095647,825.3391968930678,25,Vitamin,C,1
16.230769117653416,3214.984885219858,23,Painkiller,B,0
5.00291829031133,4370.722764547274,11,Painkiller,D,0
72.65301935865747,2077.0065778104813,19,Vaccine,B,0
38.87663671868953,889.1247936308388,8,Painkiller,B,0
29.175726503734722,3795.1823665545803,2,Antibiotic,B,0
6.225259630004917,4170.82289837627,4,Vitamin,A,0
56.32844364234247,4408.883093448784,29,Antihistamine,A,0
85.85931986546827,3053.8155731229795,2,Painkiller,B,0
95.97500639589585,4310.606368971019,18,Vitamin,A,0
58.74577030826248,126.30404431961801,16,Vaccine,C,1
53.873826135289946,580.8172187591414,6,Antihistamine,A,0
13.080356621477906,508.2515319078888,23,Vaccine,C,0
57.14291614654698,3577.3931870609285,17,Antibiotic,C,0
41.09801250171249,394.4298285407162,13,Vaccine,B,1
62.67785168393981,2507.00364370822,20,Vitamin,B,0
41.92900304827194,2389.8991482496313,15,Antihistamine,A,0
27.82841672778484,1587.9824416132926,4,Vaccine,D,0
14.021701146695767,4358.505591213394,20,Vaccine,B,0
34.9172522359451,893.6443493059802,2,Antibiotic,C,0
14.181259257336466,1794.6907827762373,22,Vitamin,C,0
21.805210328278473,3882.148925113499,2,Vaccine,A,0
98.79693506505686,200.59045624675701,27,Vitamin,C,1
47.18983790612877,3381.104481219525,11,Painkiller,B,0
55.52781781797657,4091.1687454897747,4,Antibiotic,A,0
87.99376023003546,4664.725802248928,14,Antibiotic,A,0
99.57904554661535,4387.668370432851,7,Antibiotic,D,0
60.357872687744745,1630.9513783267416,12,Vitamin,A,0
82.1850129991963,2952.502499548615,7,Vaccine,D,0
36.05939731198415,432.602791094806,4,Vaccine,B,0
34.045675957492655,1326.4565175626426,17,Vitamin,C,0
43.25685349448322,516.4007748001616,10,Vitamin,B,0
68.88818995399666,1610.177086262121,9,Painkiller,A,0
69.80821047923439,4382.1767066207085,28,Antihistamine,D,0
34.947746291697825,1768.4758563877485,4,Antihistamine,C,1
17.654942792979725,2831.3956098570607,6,Antibiotic,A,0
65.07764436422332,2195.235198168957,22,Vaccine,B,0
17.19095690793263,2321.6367952787396,15,Antibiotic,A,0
59.95678828178636,4849.381656590964,6,Vaccine,D,0
70.87510216534935,1515.9646179060967,20,Vaccine,B,0
71.5580921574729,3155.256124139698,6,Painkiller,A,0
76.5798505126617,2129.310214418263,22,Vitamin,D,0
87.92164504873813,352.6735961860467,21,Vitamin,A,1
52.4961042366549,2472.187616539968,21,Vitamin,D,1
74.37367300530926,4076.049478773286,3,Antihistamine,A,0
63.82140985975449,538.8271949743574,26,Vitamin,B,1
22.730794280779843,394.4796446117294,8,Antihistamine,B,0
7.440516262593776,810.47602594667,2,Antibiotic,B,0
32.03143163930871,3833.780551377065,22,Antihistamine,B,0
47.08820210207384,3633.7771515164527,19,Vaccine,B,0
63.62506472072235,2846.8379560852472,11,Painkiller,C,0
85.7461363978045,2367.72070025853,7,Painkiller,A,0
23.643343087085736,4447.21278277798,8,Vaccine,B,0
16.927230040355326,3845.154227975738,13,Antibiotic,C,1
96.53059501006112,4069.1141439439357,19,Painkiller,C,0
15.264233140758675,4075.6483916857387,12,Vaccine,A,0
50.45665166018297,3231.449915990512,23,Painkiller,D,0
60.62855423536368,2317.172390363932,20,Antihistamine,A,0
56.430569986206635,4330.154875298969,26,Painkiller,A,0
13.173054918129605,4633.736717136091,5,Antihistamine,D,1
10.417556830343841,167.83991412879791,20,Antihistamine,D,1
15.02092560879839,305.1966226679439,14,Painkiller,B,0
60.63082996789819,4795.779319696765,28,Painkiller,D,0
56.7127643252605,1421.9450385287641,20,Antihistamine,D,0
27.205375243490703,4373.178726264623,3,Painkiller,A,0
65.58854347533119,1974.535838858943,29,Antibiotic,A,0
82.90641269528669,639.5452851663102,10,Vitamin,A,1
8.950001185426409,448.1938410362046,9,Vitamin,D,0
52.32234463706403,824.7141004482596,22,Vaccine,C,1
70.48448914975557,1286.9713145934554,15,Vitamin,B,0
28.969633071620272,2468.16585195759,10,Antibiotic,A,0
34.23823600284916,3522.4146078006283,14,Vitamin,C,0
63.29560078399146,4932.672953602235,19,Vitamin,B,0
90.30385287715501,2235.458379281397,7,Antibiotic,A,0
81.94281992877544,2615.015464598394,24,Antihistamine,C,0
60.39737081446043,2632.987721847115,23,Vitamin,B,0
74.37106318693867,2720.2000596652833,4,Vaccine,A,0
39.658134669740875,2612.816252667088,11,Vitamin,A,0
65.89172516938198,93.43503755649324,11,Vitamin,C,1
49.287251157117915,58.5378694437115,11,Antibiotic,D,1
23.043932963468286,533.4482747243085,10,Antibiotic,D,0
71.66513601833944,552.7051869744353,13,Vaccine,A,1
57.86414054813809,3539.2396993262405,25,Painkiller,C,0
39.06905028559118,1064.334360954199,9,Antibiotic,D,0
91.57722305746992,4478.834818540284,25,Painkiller,D,0
6.98874119353966,4646.601331406247,10,Vaccine,D,1
34.998449368702126,4880.672022584698,18,Vitamin,C,0
10.403732788876423,4698.452459190749,9,Vitamin,C,0
77.82009504105459,1395.847193496697,19,Painkiller,B,1
71.7002081408103,2573.3953812823866,21,Vaccine,D,0
36.47846077995012,918.502102474858,18,Vaccine,C,0
69.18797570967193,4040.737793103544,29,Antibiotic,B,0
42.614036488615234,4447.7369404632755,7,Painkiller,A,0
76.84411018513126,4263.879754522699,11,Antibiotic,B,0
48.147447959987076,2195.166396049333,2,Painkiller,D,1
44.16657414400823,3805.4357291995657,29,Antibiotic,C,0
93.7993419713886,533.0168894025337,22,Antibiotic,D,1
28.833514489616523,249.21161456529092,26,Vaccine,D,1
16.442497299673718,3778.5202508283664,2,Vaccine,A,0
60.531595759648525,2155.5086079269845,10,Vitamin,C,0
97.085572166997,4977.968860460867,21,Vitamin,C,0
40.89472530408273,531.4083684848854,4,Vaccine,A,0
10.893492544734244,4285.357023599407,25,Vaccine,C,0
37.23400039440891,2425.916174368509,7,Antibiotic,B,0
53.06350716035805,4144.393467744191,8,Vitamin,D,1
20.3826856300603,4094.780046742217,10,Vaccine,A,0
67.51971071536674,4584.160406742283,6,Painkiller,A,0
99.78619195596906,1524.3575558662087,17,Painkiller,D,1
47.91525021823716,4751.506799636915,3,Vitamin,A,0
38.6992128893702,800.7514537702205,4,Painkiller,C,0
43.06689584927433,455.7454490877781,4,Antibiotic,C,0
15.938886947544107,2186.4968109931283,21,Vitamin,D,0
88.91099213549126,4150.198694777121,27,Vaccine,A,0
44.40843727452844,2393.434596635556,24,Painkiller,B,0
41.79106908535992,4154.969053776045,29,Antibiotic,D,0
67.67057592839507,3661.949688681811,11,Vaccine,C,0
46.99317498845674,1086.670511387721,23,Antihistamine,C,0
66.58217953674537,4746.964043252346,4,Antibiotic,C,0
10.837397562424814,350.8667847155469,16,Painkiller,B,0
82.3037176536116,4496.484552341785,15,Antibiotic,C,0
94.34787552354325,1556.9950725023514,24,Antihistamine,D,1
66.63271168514166,2525.7330116637763,5,Antihistamine,D,0
95.68376324158702,2140.6417698686355,11,Antibiotic,D,0
19.386069865146514,900.5810567387351,12,Vaccine,C,0
50.3545380006336,1822.826988688381,12,Vaccine,B,0
62.17163972481749,1005.0254596493367,9,Antihistamine,B,0
60.264981505012734,1059.2380535295931,24,Vitamin,C,1
43.13886901345911,975.9313383305827,24,Vitamin,A,1
37.11801888979483,2470.6360327156417,10,Vaccine,A,0
17.048282142289786,3999.760269181012,9,Vitamin,D,0
42.21553280341643,2866.401667118143,13,Vaccine,B,0
20.452777435021087,4471.372613326667,18,Painkiller,C,0
74.76473926676074,3200.8952184547848,24,Vaccine,B,0
24.83893887198605,3462.233572381392,16,Painkiller,B,0
10.563704002030716,3354.6557871486657,20,Antihistamine,A,0
57.47478309263726,2274.823006259519,29,Vitamin,B,0
61.54682460834315,3462.2271698904096,21,Antihistamine,B,0
87.83174082164803,395.05334502135776,7,Antibiotic,C,1
59.813253179679776,4306.264785982533,6,Antibiotic,C,1
37.820681103727345,3900.170110047391,9,Antihistamine,B,0
81.28612874500045,1263.8882932468102,19,Vaccine,B,1
56.326494852805,3851.760648557708,22,Vaccine,C,0
12.531627039963215,112.58087693009153,22,Vitamin,A,1
58.755803229758435,1125.370533780358,16,Antihistamine,C,1
91.26176181505792,372.4293314209349,4,Antibiotic,C,0
42.649699422330954,3912.1232372585787,15,Antihistamine,C,0
33.150951180481,3791.5770483330166,27,Antihistamine,C,0
18.629598416711907,4077.498317819062,16,Vitamin,C,0
19.387324583858945,72.18438196136773,14,Vaccine,A,1
46.11329101247279,2531.1019970581197,22,Antibiotic,D,0
61.58958329534531,3538.939177710816,21,Vitamin,C,0
12.658463491112165,819.2355872581265,28,Antibiotic,C,0
94.25901595739074,3266.4641011874924,22,Antibiotic,A,0
76.73769365729362,466.3449915829443,27,Vaccine,D,1
60.729272236947956,947.5629877163502,10,Vaccine,B,0
83.70167373920413,2405.194234223275,24,Vitamin,A,0
12.617741897150763,3285.147505771455,18,Painkiller,C,1
50.299693384646815,772.0521784217856,20,Vitamin,B,1
64.85884705185802,966.8554876131426,26,Vitamin,A,1
83.72202608123747,1062.0095169750318,5,Painkiller,B,0
79.42960820468043,1231.5689832599435,21,Antibiotic,A,1
31.321578722772966,1171.4415502051415,11,Antihistamine,A,0
94.3836161081244,2005.988087063302,23,Painkiller,B,1
16.812854935932684,3286.2587716417784,4,Antihistamine,D,1
88.13769376900946,2218.2573265156248,20,Antibiotic,B,0
97.23932371243876,3891.0708483119465,10,Painkiller,B,0
21.82958470614943,3610.3791044456434,6,Vaccine,D,0
73.5962760993596,676.3082245429246,15,Vitamin,B,1
8.827124283909853,291.7660354376825,8,Painkiller,D,0
43.51516838821972,4395.81074179805,22,Painkiller,D,1
54.04691342377903,445.1637794862234,7,Antibiotic,D,0
60.16129646141524,784.2789445625798,25,Vaccine,C,1
93.91403858361315,159.5597140126844,9,Painkiller,A,1
68.86381529294849,3160.2650082283362,3,Vaccine,C,0
50.721405365827515,2932.7342876338253,28,Antihistamine,A,0
81.91912844525949,4935.173148854516,26,Painkiller,C,1
95.30061799066885,4440.315361770002,27,Vaccine,D,0
7.09628412481763,2083.673728530503,29,Vitamin,C,0
98.33952086432367,1889.3499125170483,29,Antibiotic,A,1
13.182553211049632,1519.417569685926,29,Vaccine,C,0
82.36674403053233,804.4142541875127,15,Antibiotic,B,1
31.631801492384188,733.5141001799448,23,Painkiller,B,0
17.557067486617818,704.8043546475469,8,Painkiller,D,0
46.78628577281432,614.8680480745538,4,Antihistamine,C,1
66.17587504752328,1240.5346099074077,21,Antibiotic,C,1
41.190425277230126,1568.0097200499263,23,Vitamin,A,0
10.183713786856401,4809.815906642633,24,Vitamin,A,0
61.94880826757808,2913.4425924593343,7,Vaccine,C,0
90.7283112305141,4938.599083840741,22,Vitamin,A,0
41.40545976498891,1893.7113917370825,15,Antibiotic,B,0
25.551613874928567,2315.251831317733,13,Painkiller,B,0
47.04484786361746,1656.664362868132,19,Antibiotic,D,0
9.594457549634182,955.2938719379357,13,Antibiotic,B,0
82.9463205256261,758.6653034990169,8,Painkiller,A,0
83.50237704026775,4728.1420291487675,6,Antibiotic,A,0
60.8600440258147,4934.712874903841,13,Vitamin,A,0
38.544774449147,272.30200771822115,10,Vaccine,A,1
80.97941962234943,794.2120799222444,12,Vaccine,C,1
57.69526735489488,2146.4442568900618,5,Antibiotic,C,0
83.46356931225154,972.3507079048163,15,Painkiller,C,1
64.98858529538697,1851.2079484530723,27,Antihistamine,C,0
79.51851995521574,689.0269318051852,13,Antibiotic,B,1
61.8634843556872,2309.7331957728616,19,Antibiotic,A,0
44.34340148048829,1394.8883500378333,8,Antihistamine,B,0
96.00485669298307,1791.930026005371,24,Vaccine,A,1
56.40581336349025,516.8476247406006,2,Vaccine,C,0
62.48350426135114,2169.2338510152013,28,Antihistamine,B,0
25.94632574440118,4917.125174259771,14,Painkiller,A,0
64.43682499559127,1677.723582061892,17,Antibiotic,C,0
59.30272670087967,4388.3249104700535,6,Vitamin,D,0
22.55964780496737,4223.835751037242,20,Vaccine,A,0
10.660774248548652,4762.689170571192,26,Vaccine,D,0
62.41413537290325,3961.0420857221175,10,Vaccine,A,0
77.55076558828046,3315.004293941134,24,Painkiller,C,1
54.72313023759078,4290.092998925915,29,Antihistamine,B,0
26.54339940536634,424.44116925388073,10,Painkiller,A,0
68.31958778583831,2341.0117531340984,13,Vaccine,D,0
12.610044027912213,4946.8183811445415,19,Antibiotic,C,0
46.97420195618569,3859.520748908925,28,Vaccine,A,0
20.51984204784992,4812.273121284255,27,Antibiotic,D,0
22.52360985068892,3909.1900628607214,25,Antibiotic,A,0
24.217925170029346,4380.665738838614,27,Vaccine,D,0
41.7371704191779,3547.3216799007955,11,Vaccine,A,0
9.859269533937773,3814.484921865337,27,Antibiotic,B,0
42.790376888264326,2639.7311487055285,18,Painkiller,B,0
53.61220747589658,4624.976619029958,20,Painkiller,B,0
50.912957071800896,4133.94260758564,25,Painkiller,B,0
41.36448953828885,4227.230580044879,12,Vitamin,C,0
84.71892776672148,3381.395049767109,17,Antibiotic,B,0
18.80603577994789,1557.6707380818825,9,Vitamin,A,0
53.04119065923053,226.3674871811897,27,Vitamin,C,1
10.893934610872659,4681.492890577246,25,Antibiotic,A,0
11.759789493401426,2951.2957265872096,28,Vitamin,D,0
59.51725571932415,1525.8077071832943,16,Antibiotic,B,0
58.77175036434299,788.2187838453121,29,Antihistamine,A,1
88.41318372022342,4156.139669228735,12,Antihistamine,A,0
57.99799918770695,4190.774962515516,8,Antibiotic,A,0
96.18014693846077,4081.814442246131,3,Antibiotic,D,0
9.626010597993329,3243.159325235592,20,Antibiotic,D,0
14.310730054170401,1861.7761685797857,10,Painkiller,D,0
9.186256849186233,1555.147909662272,19,Antibiotic,A,0
22.6013007816863,92.34611208494242,14,Vaccine,D,1
56.42066053945942,4176.35741550679,24,Antihistamine,B,0
66.32935723560567,482.7918525935302,2,Antihistamine,D,0
9.330590005123536,3172.2372403018,20,Antibiotic,D,0
94.86723453533193,2545.1709868584376,14,Antihistamine,A,0
85.0057107817862,2657.1123266854383,15,Antibiotic,A,0
33.17818580492384,4637.228584273478,18,Antibiotic,A,0
12.332815371514457,206.49430579264845,23,Antihistamine,A,1
21.13927195581044,3878.291511912423,21,Antihistamine,B,0
17.059719306722403,307.6593719181703,2,Vaccine,A,0
16.71195903339995,238.86034938011713,6,Vitamin,C,0
54.26336042324473,2177.5976057998405,21,Vaccine,C,0
28.35550703687303,362.22211299768526,15,Vaccine,A,1
39.02327307026872,3956.2625588999144,28,Antihistamine,A,0
99.00300667151063,2671.337313559269,27,Vaccine,B,1
70.00985364790775,193.74197416588348,28,Antihistamine,C,1
95.15316336946513,250.4783980855016,27,Painkiller,D,1
18.54287272814598,3082.709222210423,19,Antibiotic,B,0
41.30325010909408,4040.253497409104,14,Vitamin,D,0
57.69952131182366,2217.107679810129,24,Painkiller,A,0
12.292015879430112,2795.174324101341,13,Antibiotic,C,0
5.397807144655998,4009.1557975470128,16,Antibiotic,D,0
68.69126171070717,3072.005561507005,25,Vitamin,C,0
65.97285409613636,1162.5631764111563,5,Vaccine,D,0
44.02493694996312,3084.607528053919,10,Antibiotic,B,0
51.5161872230431,3159.983322372807,4,Vitamin,A,0
44.467085056248514,3683.829555361577,23,Antihistamine,C,0
7.280479260264441,3123.3272284061663,12,Antibiotic,B,0
36.86030259065893,4847.748545767288,16,Antibiotic,C,0
21.822814262742533,1026.577128149489,17,Vaccine,D,0
14.35029796463003,4757.898863857027,8,Vaccine,D,0
95.88844121948823,2714.7804772325803,8,Antihistamine,A,0
61.939173879005736,3376.1828954498146,23,Antibiotic,D,0
74.22234700247725,542.3349073883398,10,Vaccine,A,1
34.95955561028116,1933.8509098216298,18,Vitamin,A,0
42.34897730193144,3858.4267749927044,14,Antibiotic,B,0
27.50777942018873,3549.209524740002,10,Vitamin,A,0
14.211738741715351,248.6899714187804,10,Painkiller,B,0
22.00800555695046,2755.641604311361,21,Antihistamine,C,0
80.76383430316615,486.9770551936267,29,Vaccine,D,1
69.36685149245871,4979.489324431904,13,Painkiller,D,0
56.958243218620304,4491.618113239809,22,Vaccine,D,0
50.13353792234297,154.34926912125792,20,Painkiller,A,1
92.63125694733182,4300.315415568022,24,Vaccine,B,0
11.909820038973498,4601.176522764118,16,Antihistamine,B,0
31.657077257602015,1800.0637016891026,19,Antibiotic,B,0
38.244096089217834,3611.533192486441,9,Vitamin,A,0
79.33045216021485,2238.413543728506,26,Painkiller,D,0
99.28888891538728,3293.400798652903,7,Vitamin,D,0
27.863698901929542,1734.5711512760477,26,Vitamin,B,0
88.05919674302265,1646.6682213346783,7,Vaccine,A,0
83.90916224102017,2150.9477498450165,4,Antibiotic,D,0
26.34245277596783,770.5604053298807,27,Vaccine,A,0
42.93659511892614,4164.137873955144,4,Vitamin,C,0
43.918922582789314,1776.0545820401014,3,Antihistamine,C,0
97.93096351002303,2030.7402918339335,6,Antibiotic,A,0
22.18473063099534,4475.570332875615,21,Antibiotic,C,0
80.9200072549543,2508.2878796126984,13,Vitamin,D,0
36.74830784644544,2744.0568512867717,7,Vaccine,B,0
74.43268284873524,4784.665717646638,17,Antihistamine,A,0
44.901045408087974,4439.2955965676965,6,Painkiller,C,0
59.944177496071305,888.8602089977755,7,Vaccine,B,0
84.09811846598245,2392.41439809462,5,Antibiotic,D,0
81.395728673469,4857.9163257713,15,Vaccine,D,0
87.31020243627151,1893.2131762315832,4,Painkiller,A,0
10.663645907742607,1889.2868871551902,18,Antihistamine,B,0
70.74480253877576,1015.3996473563141,6,Antihistamine,D,0
18.298800788567473,615.8994148896699,23,Painkiller,A,0
44.50276396174905,3714.50871424211,22,Painkiller,C,0
57.115899430195405,3861.6508200725066,22,Vitamin,B,0
43.26025105094892,4846.6141693398495,29,Antibiotic,D,1
54.36310920128571,3878.420143981547,7,Vitamin,C,0
99.66999933586882,1254.5948454663137,21,Vaccine,B,1
17.8456448027212,248.57706252815146,29,Painkiller,B,1
69.16832430696043,4927.915052629818,5,Vitamin,B,0
42.62009180663345,1735.2309429408483,28,Antibiotic,D,0
17.635930896196236,1594.2591350404828,14,Antibiotic,B,0
20.079992520559408,4534.478288259444,9,Painkiller,C,0
95.1809450933336,2946.244497797681,12,Vitamin,D,0
88.5621421876174,1113.612310553216,25,Antihistamine,B,1
91.16898623942707,4451.026401445386,29,Painkiller,C,0
99.19561370360172,4967.136232520979,20,Vaccine,D,0
24.789962050809205,479.05887769661206,24,Vitamin,B,1
38.76673704958586,4318.145560097312,6,Vitamin,A,0
68.57580784286233,1983.0527035377502,6,Painkiller,A,0
50.96124128676149,2644.1586102081865,29,Vitamin,B,0
44.74700567094168,4578.339080036655,4,Vitamin,A,0
38.99206868688134,4868.22701908683,3,Vaccine,D,0
61.40916003462796,1347.711356523557,4,Vaccine,B,0
59.68137572080779,1103.6113162515733,16,Antihistamine,C,0
20.338494236102807,448.55696502798367,8,Vaccine,A,0
49.81528456425171,2830.899370677583,4,Antihistamine,B,0
57.57981873993574,117.34175748080794,16,Vaccine,D,1
59.17725917948209,2088.896573169186,12,Antihistamine,B,0
24.96018332667342,413.2508824274423,17,Vaccine,C,1
75.51578226396724,2055.867625500203,14,Vaccine,C,1
7.393914008001615,247.66433686476586,3,Painkiller,B,0
38.709026276600454,4184.325440013406,21,Vaccine,B,0
79.12020161088519,1088.2080199959012,13,Antihistamine,B,0
58.56982750026322,1675.1281162716643,22,Painkiller,B,0
29.810431088531722,4356.73758320164,8,Antihistamine,D,0
71.02054633758954,3744.017003594415,2,Vaccine,B,0
58.90213969482697,1134.2398901281895,15,Vaccine,D,0
80.64314289835679,405.90212235460547,25,Antihistamine,B,1
74.82739268803321,3592.5851954339305,11,Vitamin,D,1
62.96025259344229,1983.9776259061412,4,Painkiller,C,0
51.37687915452733,3842.095995635195,12,Painkiller,A,0
17.652301938414723,2254.2091232572916,23,Vaccine,B,0
29.826636699111457,1762.7119442127682,21,Painkiller,B,0
44.8144499271231,2283.466770651363,22,Antihistamine,C,0
61.933432265606925,3755.3669790698495,27,Vaccine,A,0
53.80224624545396,4515.990418374852,29,Painkiller,C,0
32.3775299661553,296.3476231134489,16,Antibiotic,C,1
5.614113990022503,2644.352129073428,7,Painkiller,B,0
52.142726080577326,212.5353739651941,19,Antihistamine,B,1
32.134468913413095,2368.6272478705755,14,Painkiller,C,0
74.78778856750083,4432.150004029657,16,Vitamin,B,0
7.274895200695932,1839.871818780533,4,Vitamin,B,0
60.558642074050134,4665.629584349184,16,Vaccine,B,0
94.44005256307621,3171.5119346705164,25,Vitamin,A,0
21.568880375592453,4674.068951775382,25,Antihistamine,A,0
49.80670162130656,3797.974795791972,2,Antibiotic,B,0
13.685089222628125,562.0040749113733,11,Antibiotic,C,0
64.4397816648285,1194.1992694352514,25,Vaccine,A,1
57.30050965664143,2001.1437501883556,28,Vaccine,C,0
43.69972480021907,892.0290659597763,19,Vitamin,D,0
54.53081704000542,2499.8124436444696,27,Antihistamine,D,0
90.17459255455597,2383.2723707223786,27,Vitamin,B,1
23.64795871955137,4783.483030235537,9,Antihistamine,C,0
7.143628612007987,2196.95302033509,13,Antihistamine,C,0
86.85816404641459,3938.852681225589,27,Antibiotic,D,0
59.82612282685112,4712.457197014825,6,Antihistamine,A,0
89.61255326887503,4391.0947133212285,2,Painkiller,C,0
61.70979622425139,1082.9047413323794,9,Antihistamine,C,0
81.96530354617174,2505.347976555044,29,Antibiotic,A,0
45.81896951873905,1771.3119223648323,6,Vitamin,B,0
76.23669347238554,2029.3005409292168,18,Antihistamine,D,0
91.73893935453631,1835.9937899164686,16,Painkiller,C,0
59.351681553609595,4140.47809036627,5,Vaccine,B,0
22.174589303426057,2288.0883228561147,14,Vitamin,B,0
30.535773427868826,2642.2869446112068,18,Vaccine,B,0
23.87123480525355,4913.11441738302,14,Painkiller,A,0
28.451417621594626,346.8973973480064,26,Antibiotic,B,1
34.10946768834846,2465.3903169642067,27,Antibiotic,C,0
57.737709741552905,3881.605449383275,3,Vitamin,B,0
60.859204799064116,798.2516930317213,25,Antihistamine,B,1
45.51747598797681,3077.081393343131,5,Antihistamine,B,0
63.46497408297937,1235.3506586956105,26,Vaccine,D,1
12.749617933079762,4343.650360461609,3,Antibiotic,C,0
13.339882520525197,1669.1433437303924,13,Antihistamine,D,0
21.323798733977554,1678.8609436595023,20,Antihistamine,D,0
54.21736231383275,3011.059698663573,19,Antibiotic,B,0
25.32949447633979,958.6363951935482,11,Antibiotic,B,0
31.912018331794847,1460.1987625701522,6,Painkiller,B,0
43.02971943643443,2112.327658091087,12,Vaccine,A,0
82.12728178098608,1800.5074225435462,2,Antibiotic,C,0
6.316902911721711,2648.142229127633,29,Painkiller,A,0
66.69098792247914,3018.218713141383,4,Antibiotic,C,0
68.54327044886512,2855.0038960633146,18,Vitamin,B,0
80.87229913388047,3288.1331443600648,27,Vitamin,C,0
93.61152921072976,1573.3601072087101,16,Vitamin,C,0
6.913095650182534,675.8098244173889,15,Antibiotic,D,0
19.609452023755537,3815.9973300838315,25,Antihistamine,C,0
89.18627293531934,4261.362894021876,16,Antihistamine,C,0
48.55926340776646,1322.1808495010396,17,Vitamin,D,0
58.63611069867903,2065.1051829821977,29,Vaccine,A,0
67.98758435369899,2517.9176239695985,5,Painkiller,C,0
69.51132742708555,2689.967871627035,20,Vitamin,A,0
93.51533831506828,3314.4763468838764,25,Painkiller,A,0
99.71019465410862,255.93600510884065,26,Painkiller,B,1
73.41495878843932,3621.3115595333843,9,Vitamin,C,1
32.286014874489325,356.75648454808083,7,Antihistamine,D,0
88.57647821796265,2368.028409980696,17,Vaccine,D,0
9.675986881372353,4146.972121067511,4,Vitamin,B,0
26.95268102307714,2283.5158007280615,9,Painkiller,D,0
90.25164315905292,787.9942564028264,6,Antibiotic,C,0
29.33819387173872,4925.9175327795,6,Antibiotic,A,0
25.961850664066105,4451.963037267603,13,Painkiller,A,0
18.121902848323487,3868.002484463819,26,Vitamin,D,1
86.61561697645706,2086.982434351092,2,Antihistamine,D,0
52.50553462315324,960.036348102024,8,Vitamin,D,0
69.1148542901447,4709.985348021581,25,Vaccine,A,0
27.711306487127818,2685.1380762598383,12,Antibiotic,C,0
77.01383999606557,4269.159528918051,11,Painkiller,C,0
77.20052677139935,1743.3702785091575,4,Antihistamine,C,0
34.69681236628851,1709.6771695433795,9,Vitamin,C,0
44.01485013597687,4928.425379336493,2,Vaccine,C,0
24.92057635586908,2633.0735900495065,9,Vitamin,B,0
97.77329721567591,746.4423481106942,24,Vaccine,D,1
66.3322448205491,1137.3896560738017,21,Vitamin,C,1
93.78166866797397,2435.6241829939677,12,Antihistamine,B,0
33.82162664476765,260.23100691763614,8,Antihistamine,C,1
79.27963673470452,2339.5432276225874,27,Painkiller,D,1
77.75657116905049,2123.757168296632,28,Antihistamine,C,1
70.70728692732145,3907.7145133314607,17,Vaccine,C,0
96.73570265034604,1806.9627242217466,8,Painkiller,C,0
42.387756930099975,4913.616369621017,14,Antihistamine,D,0
17.418145741026944,944.8111005394705,11,Antibiotic,A,0
68.81234162818578,2975.3840905922675,29,Vaccine,D,0
74.28443104533459,494.01152019086044,18,Painkiller,A,1
59.63075447858739,3682.626720770211,4,Vaccine,B,0
24.647699847672644,4974.030755906759,8,Painkiller,B,0
52.92331445858876,4104.736256870579,12,Vaccine,C,0
34.65802497406729,2800.7325265654913,14,Antibiotic,C,1
45.609320175835464,2449.4697191284754,6,Antihistamine,C,1
66.29576470524307,4183.398308270892,26,Vitamin,D,0
75.79540055562929,4683.071719318085,24,Vitamin,C,1
27.061345635627596,4946.572302700561,20,Vitamin,A,0
43.505909261460566,2012.8691764441965,16,Painkiller,B,0
30.570349244204774,4955.041500232836,2,Antihistamine,B,0
23.870003316877565,821.8349482604659,6,Painkiller,B,0
79.42178589960464,1305.0713908629505,14,Painkiller,A,0
91.37900597151427,490.6298174327862,11,Painkiller,C,1
40.17205764003479,1395.1056565981842,6,Painkiller,A,0
76.37149781550785,3851.290880509155,24,Antihistamine,A,0
90.21455248961905,4271.975572983326,2,Vitamin,D,0
85.381800000372,3905.51859325773,11,Vaccine,D,0
22.36727191122646,3173.7756019300964,19,Painkiller,B,0
95.84772874376932,2594.134236987096,28,Antihistamine,A,1
40.78426184079893,3558.08623160755,23,Antibiotic,B,0
37.22786281151445,1984.626068872748,9,Vaccine,A,0
10.930976091389132,4214.476339923524,21,Painkiller,B,0
51.18649713996388,3402.090965185088,4,Painkiller,B,0
15.356293485888227,3504.133257547322,20,Vaccine,C,0
28.61128298810547,2702.883165988903,20,Vaccine,B,0
35.109549067891734,4431.8834718453045,3,Painkiller,D,0
81.83850073170998,1297.4729317113097,18,Antihistamine,A,1
88.17142178761017,1936.680884137201,17,Antibiotic,B,0
33.734300158839616,3899.3307199045607,22,Antihistamine,A,0
86.57632151823452,2489.1070358402217,11,Vitamin,B,0
86.43693905013015,4451.609366449745,22,Vitamin,D,0
77.64184028656298,1764.676632826119,17,Vitamin,C,0
18.936035831442247,1878.1843356572415,6,Painkiller,C,0
70.58067045556925,4449.242157463796,21,Antibiotic,A,0
94.77728613515403,2348.6330849011033,4,Antibiotic,B,0
69.84134548287992,2604.8166918023094,29,Painkiller,D,0
36.50360066524422,1697.180390911613,4,Painkiller,A,0
52.55503515592897,1419.5162137864554,3,Painkiller,C,0
66.34387911835009,3296.9461186500403,22,Antibiotic,A,0
53.50418882920784,643.2112746289591,5,Painkiller,A,0
16.395529464442134,4402.399573855401,23,Vaccine,B,0
34.64608424194196,3907.055526987284,19,Vaccine,D,0
81.22762290259509,994.2039053437237,3,Vaccine,C,0
86.83471437907416,3485.3987318315985,25,Painkiller,C,0
18.04350310797917,3033.0329603638925,7,Vaccine,D,0
95.47674147787883,963.4485011463884,4,Painkiller,B,0
36.23814869561789,1402.3573549486507,22,Vaccine,D,0
67.9198051794184,2074.48319348248,4,Painkiller,D,0
76.4233888658847,3511.2515394650954,28,Antihistamine,B,0
82.13489229059893,3211.6808736441794,3,Vitamin,B,0
94.84622171146336,2684.562495999655,4,Antihistamine,C,0
34.72735706273815,3853.6321884144695,18,Vitamin,C,0
86.55811318239768,3801.7918110505216,15,Vitamin,B,0
17.510255826439668,3108.4028126081666,8,Vaccine,A,0
71.97888610359131,3945.600912754885,23,Vitamin,C,0
75.48788430382866,1704.6037051570856,22,Vitamin,B,0
69.38370791412544,4412.185165196898,7,Antihistamine,B,0
28.96989993283953,3093.804924719607,9,Vitamin,A,0
87.93909896644432,4120.699393371531,20,Painkiller,D,0
21.041554020187526,2754.0815687119057,20,Painkiller,B,0
10.095305194478929,1131.2693126939678,13,Vaccine,A,0
73.15917410813165,2734.930136957628,6,Antihistamine,A,0
50.1701929471097,1887.0027356941112,6,Antibiotic,C,0
85.66431189607422,3502.620228383618,15,Antihistamine,B,0
41.4227284005346,2405.179269086942,28,Antibiotic,C,0
20.986465908232717,4188.758384392054,18,Vitamin,D,0
84.46200828463762,3406.4589359934876,17,Antibiotic,D,0
57.14641500580681,3438.4949435050535,5,Vitamin,C,0
22.973600277083715,1124.9189007807715,26,Antihistamine,C,0
73.43647986571234,4922.036344131888,9,Antihistamine,B,0
53.55579565650255,4216.292285893869,4,Vaccine,B,0
62.40973331283038,3955.5741785754385,22,Vaccine,B,0
48.78534212962528,1684.5653645421357,6,Vitamin,D,0
83.72735346271061,2701.376681593798,24,Vitamin,C,0
83.80845798988973,728.6607809679268,25,Painkiller,A,1
72.3919380733167,2715.4560844803946,26,Painkiller,C,0
15.013130852663915,772.151770092272,8,Painkiller,A,0
84.69111688088654,2787.537327748526,19,Antihistamine,B,0
68.74623315062644,3261.173306766783,25,Antibiotic,B,0
71.21729577040846,1981.4700378870166,9,Vitamin,C,1
39.48336983836781,2517.7971477399014,12,Vaccine,A,0
88.53155783491563,4384.4842689892,15,Vitamin,D,0
73.91030202231146,587.3875662789063,19,Antibiotic,B,1
15.696094320273474,3969.077820348282,14,Vitamin,B,0
43.738913268585456,895.2350274311722,7,Vaccine,C,1
89.20613438621346,231.70451488291053,14,Vaccine,C,1
9.483686661251005,968.5942835879865,27,Antibiotic,D,0
96.3345788659947,3836.963790353924,2,Vaccine,C,0
69.52044399035846,2055.374063017457,12,Antihistamine,D,0
64.98071787612078,4368.9765583886,8,Vaccine,A,0
30.70312936635918,2647.302328852216,11,Antibiotic,D,0
28.635219930221822,160.13924203533824,3,Antibiotic,A,0
94.49553085141658,3597.7323675295374,17,Vitamin,B,0
33.335883152241664,595.6528981701019,6,Vaccine,C,0
78.67300318830495,3957.4291856365257,17,Vaccine,B,0
42.34657082967252,882.1076215356411,24,Antibiotic,D,1
18.229136724546876,1759.9596097372917,27,Vitamin,D,1
6.0179532810591,3818.2935766455334,17,Vitamin,D,0
56.704447016448825,4773.445219508287,28,Antihistamine,A,0
97.6989877621486,1888.5980557013252,16,Antihistamine,B,0
40.06793841187442,4155.531089984732,10,Antibiotic,B,0
38.93327172933926,994.4217141054016,2,Vitamin,D,0
37.688703695697,4045.539862502331,10,Vitamin,C,0
54.45166454396155,3304.5955933184428,12,Antihistamine,B,0
46.86316392530789,1004.0803607012238,6,Antihistamine,C,0
88.59188953906637,1547.3946037394874,7,Antibiotic,B,0
53.02447521373158,702.2658985553282,9,Vitamin,D,0
53.23699462791404,1945.6867047683509,16,Antibiotic,D,0
18.145301498452877,1058.0607735602232,28,Antihistamine,B,0
98.36025638648667,3237.789870470844,17,Vaccine,A,0
28.74742463253882,4972.800265891766,19,Antihistamine,A,0
11.969586408662252,109.4453572671075,13,Vitamin,B,1
67.99889365264484,2727.5530757721285,24,Antibiotic,D,0
61.559805164902905,2889.6496578675983,29,Vitamin,B,0
44.43883712931084,4575.333508920019,5,Antihistamine,C,1
45.108262218664414,2554.7264070963406,26,Antihistamine,D,0
79.58107249941096,2741.3220272423414,23,Painkiller,A,0
23.59270080946666,2384.6813665755235,17,Antihistamine,A,0
82.92406529976452,1381.076307579333,24,Vitamin,B,1
66.63097582002672,327.3442095821227,12,Antibiotic,C,1
44.80212850905482,2072.855526938689,23,Antibiotic,D,0
48.51271857546752,310.32778264135874,28,Painkiller,A,1
29.3814846826791,2774.937723856293,25,Vitamin,B,0
76.45086160621261,1571.103534049351,23,Antihistamine,B,1
53.72310051900044,2691.3318875508676,8,Vaccine,D,0
35.48118156123515,714.7699737561741,25,Antibiotic,B,1
61.624760997290274,4666.51833040983,16,Vitamin,B,0
99.59477294487569,4477.8801555721775,18,Painkiller,B,0
46.34991656737262,990.4827205513083,16,Vaccine,A,0
92.46568307396886,1750.049202305349,11,Vitamin,A,0
37.77659979283378,3086.789220667299,29,Antihistamine,C,0
10.19960715787366,523.646726164236,5,Antibiotic,D,0
24.403000105000743,1805.1107145249466,23,Antihistamine,D,0
44.77603861613,1293.0058197540802,18,Painkiller,D,0
25.865318216484056,4581.807807147648,5,Antibiotic,D,0
5.021568630734276,4269.927649631566,23,Vaccine,B,0
91.92514608601509,2920.172069270976,24,Antibiotic,D,0
85.16854406693825,2625.714367514292,23,Antihistamine,C,0
75.51776199125997,4657.092682999716,12,Vitamin,D,0
20.94238658637272,4665.517525745136,5,Vitamin,D,0
16.434539739948676,4848.184120490719,13,Vitamin,B,0
11.422451199876399,670.6254763355289,24,Painkiller,B,0
73.78277293342751,844.7611632776926,11,Painkiller,B,0
93.2367562653491,3399.846658465439,15,Vitamin,C,0
45.900902986738515,2730.1006592187323,19,Vaccine,B,0
16.318363839624574,141.406229221518,7,Antihistamine,D,0
53.677317969550124,356.7764281481209,6,Vaccine,C,0
38.13903120856986,4445.997892181085,3,Vitamin,A,0
40.608367813249785,4350.9104379199625,26,Antihistamine,B,0
64.02640929479219,1818.4910638804236,14,Painkiller,C,1
73.27822075990922,4460.700553806147,24,Antibiotic,A,0
15.507341892950281,2988.691618269614,15,Antibiotic,B,0
8.381071926615256,4039.2329527435645,4,Antihistamine,A,0
99.46137875514292,2165.7838022430606,24,Vaccine,B,1
27.109193146977425,611.3217203572982,12,Antihistamine,C,0
10.113899866303612,2196.9489600977804,28,Vaccine,B,0
23.0381562641124,2313.6340000846444,23,Vaccine,B,0
8.700995403104102,2777.173759510985,24,Antibiotic,C,0
42.22203498863131,572.6344288769186,5,Painkiller,C,0
81.2281695228758,4957.439222095577,14,Vitamin,D,1
37.41822272698346,1258.4772629941865,27,Painkiller,D,0
47.19742365344482,1032.83439750861,9,Vitamin,C,0
69.18074348890669,2657.674448336886,9,Antibiotic,B,0
53.344936656638616,2709.180488004699,24,Vitamin,A,0
86.8373401720258,2227.112652274559,14,Vaccine,C,0
87.27338912934687,3870.8661243100096,24,Antihistamine,A,0
5.941516071659596,2607.439283606583,11,Vitamin,D,0
78.91439911590392,3067.9925029676715,14,Painkiller,D,0
48.76969202295902,3632.5446077685388,14,Antibiotic,C,0
98.93985142384798,173.87425274113974,25,Antibiotic,C,1
50.90704720816634,2874.6887035979717,18,Antihistamine,B,0
98.75511481188826,4426.762632580428,7,Vaccine,D,0
76.68408931454498,136.07427748089785,3,Vaccine,D,1
28.6174640382641,2055.6514138147577,18,Antibiotic,C,0
56.14752303226098,4634.825878518858,13,Vaccine,A,0
99.25288575046537,1798.1142912985622,27,Antihistamine,B,1
86.46540773643275,2320.7076797911923,24,Antibiotic,C,1
14.249854910166004,4908.629895569348,7,Vaccine,A,0
72.10533969694963,1036.6531018053404,6,Vitamin,B,0
37.83006065772724,373.0131861687794,6,Vitamin,A,0
5.663314878633071,4304.1418247634565,26,Vaccine,B,0
43.33069205756496,4348.903439001224,10,Vitamin,B,0
27.301670063872272,2386.785281666065,29,Antihistamine,B,0
82.7925806994448,2595.325513662567,29,Painkiller,D,0
37.04640784034772,4187.241529608288,23,Antihistamine,C,0
83.61475092561263,3705.869515673186,4,Antihistamine,D,0
5.056804189305554,1362.4875609742028,24,Vaccine,D,1
34.24281925248132,133.62210760401638,21,Antihistamine,B,1
27.910695359237383,2424.5158045410512,6,Vaccine,C,0
27.188899301518042,4301.616014173424,8,Antibiotic,C,0
11.477728877718956,4484.381649616303,13,Vaccine,C,0
22.776805688997666,4783.319675526962,8,Vaccine,C,0
57.77720913913389,4403.838026183267,11,Antibiotic,B,0
32.679301919585725,2921.215598725587,9,Painkiller,C,1
44.652504321269056,2250.7977162186994,18,Antibiotic,A,0
40.80235363298291,3885.50674034379,6,Vaccine,A,0
88.21096787498999,3712.1170901097025,16,Vitamin,D,0
91.00340490599896,2713.809978903199,29,Vaccine,B,0
51.830912307306704,482.27049416442213,10,Antibiotic,D,1
36.36481527998242,4634.102666595248,24,Vaccine,D,0
15.146066880224545,2305.2325606332274,12,Antibiotic,C,0
95.57327354129903,1848.5022204855084,29,Antihistamine,A,1
10.721559765528259,3166.35860608542,14,Painkiller,A,0
33.276776368986646,3385.4979077765356,19,Painkiller,C,0
33.3162891111504,1092.9051892999921,18,Antibiotic,C,0
35.43812218332042,4192.847281809283,25,Painkiller,B,0
20.60725011087888,1485.1886136287703,10,Vitamin,A,0
79.40033593775124,974.0854332758677,11,Vitamin,D,0
16.637296886768976,2061.6792716297623,6,Painkiller,D,0
65.31613261955047,3666.272400442453,12,Antibiotic,B,0
16.76537253705266,4829.017983277027,23,Vitamin,A,0
11.700885571330872,4055.9422586385945,16,Painkiller,C,0
91.39580285015826,4704.724469467449,3,Vaccine,D,0
23.06223280027704,745.9987301788076,28,Vitamin,A,0
83.01876468317191,402.3251543752001,22,Antihistamine,A,1
56.739932755177904,2810.638571438022,29,Vitamin,A,0
12.396369362833113,1486.97254106797,21,Painkiller,C,0
95.7675781866164,4148.872116197901,25,Painkiller,D,0
28.46131086422979,3376.339963441514,25,Painkiller,C,0
86.66630780849762,4855.104411729682,15,Antibiotic,A,0
21.036950549533596,1311.2221608699558,6,Antibiotic,A,0
86.12457380347603,2454.6313660584005,28,Vaccine,D,0
6.256737226002929,2531.140363255499,25,Vaccine,D,0
53.619143374100666,1233.9251345440123,7,Vitamin,C,0
78.09704504504789,2970.9623274656383,27,Painkiller,C,1
93.80557416181442,2244.2656310922357,23,Vaccine,C,0
91.37420293961627,2261.2717021498743,16,Painkiller,A,0
82.86436260702627,1845.546407463794,5,Vitamin,D,0
89.37817821782389,133.80029450639853,11,Antibiotic,B,1
23.92587015452227,2634.3714227282053,29,Vaccine,D,0
31.997508092614233,1709.476786716639,28,Antihistamine,D,0
32.45200986750056,56.53335147243189,20,Antihistamine,D,1
40.820123445161386,1574.3213529265636,10,Antihistamine,B,0
42.365463686592925,1429.210248794297,22,Antihistamine,C,0
56.73275584219417,1997.5683584569972,27,Antihistamine,B,0
20.18857751981193,702.6673487348149,11,Antihistamine,D,0
70.66843305966898,2563.0349319436677,5,Antihistamine,D,0
20.918821233928117,3477.5797449647434,23,Vaccine,A,0
34.479305799932014,3169.4185668201335,5,Antihistamine,D,0
52.81778740758463,4028.5869904674937,7,Antihistamine,B,0
80.66185334473035,2287.4410255360517,27,Vitamin,B,0
75.24957715767908,2619.504065181655,9,Vaccine,B,0
66.32576385899961,4061.4896072519673,17,Vitamin,C,0
19.798459755116163,2167.120795555231,9,Painkiller,A,0
56.96930783347988,3522.9167820030048,29,Antihistamine,C,0
13.307417670989118,2201.2817251540596,17,Antibiotic,B,0
40.849501795681824,2117.794162832235,7,Antihistamine,C,0
44.28407037754612,3813.0178414193433,18,Antihistamine,A,0
8.782086747346614,915.4427315577452,2,Vitamin,A,0
31.028869449647324,1726.0005611107892,20,Painkiller,A,0
95.78669939031649,1159.6527698971638,19,Vitamin,A,1
95.5950977438205,1827.5942176896058,18,Vaccine,B,0
38.471070153991235,1190.355370711819,18,Painkiller,D,0
9.094510350090786,2918.0578738789404,29,Painkiller,B,0
22.014019236177248,4000.945472958334,13,Painkiller,B,0
42.26069037618631,3943.734653028614,13,Vitamin,B,0
95.03907130707682,1854.2797745165226,7,Antihistamine,B,0
18.413911036032566,4944.364009176596,8,Antihistamine,C,0
77.53400514848016,2989.579105293714,9,Antihistamine,A,0
15.324841240595747,2027.0314938025592,4,Antihistamine,D,0
98.2194698521713,4185.919432245056,18,Antihistamine,D,0
41.253567415367826,3662.876362581072,22,Vaccine,D,0
78.64728119541033,3758.912917279317,9,Antibiotic,B,0
37.54615286705752,1020.8897811826644,29,Painkiller,A,1
64.62854333008683,2368.205321474348,28,Antibiotic,A,0
23.24152805030349,4316.049247581784,12,Vaccine,D,0
18.87199683321144,2544.9881377623487,21,Antihistamine,D,0
94.11609325897247,3433.091079934199,19,Vaccine,B,0
92.17649140092118,2960.2719785196095,17,Vaccine,D,1
89.30954932022382,4219.6660992059915,26,Antibiotic,B,0
64.41617776582638,1458.576156819933,29,Painkiller,D,1
81.78548006554644,2898.6026255375064,14,Vitamin,A,0
11.558509006580618,660.0116066485297,10,Vitamin,A,0
36.80495897961452,3466.5433446623656,20,Painkiller,A,0
34.801796851929836,3673.240799845925,8,Antihistamine,C,0
65.38630558549826,262.0447398855421,18,Vaccine,D,1
38.815988479710846,3395.165269958526,9,Antihistamine,C,0
19.10814425614968,2102.7162631206425,9,Vaccine,A,0
61.664372164286654,664.2795367429276,4,Vitamin,D,0
82.36647246356274,2128.5423611074148,17,Painkiller,C,0
41.30173197369745,1011.4530019931294,13,Antibiotic,A,0
17.565527934355764,2107.0196840104168,16,Antibiotic,A,0
23.68537874471819,1952.478188394712,22,Painkiller,D,0
27.56091399109148,3705.0386028334847,5,Vitamin,D,0
33.49027133448094,3882.367012923476,24,Vaccine,B,0
66.06553169809936,3054.7918392035062,28,Antibiotic,D,0
62.089821031083304,162.29986880311532,8,Vitamin,A,1
71.12758684886872,4658.56028140142,12,Painkiller,B,0
39.43768853049375,3446.854736477416,25,Antihistamine,B,0
83.27977692859794,219.26747710988474,6,Vitamin,D,1
24.388327809797225,4103.222851109884,14,Vitamin,A,0
49.55887101422462,1041.3174658540809,12,Antihistamine,C,0
81.08917854643587,2917.1448883769785,6,Vitamin,A,0
22.11507153459883,2359.8401312534265,9,Antibiotic,A,0
15.43699580537438,2128.2019726576295,22,Antibiotic,D,0
88.94997693035903,4454.082914615768,18,Antibiotic,C,0
37.57831796212361,2214.938393234943,12,Vitamin,B,0
69.96766186635804,422.9533819870961,20,Vitamin,C,1
7.408117405074155,4735.861699714015,19,Vitamin,D,0
70.55445439889772,4606.649394636156,29,Painkiller,A,0
35.0296245969622,3437.941813428914,11,Antihistamine,A,0
10.295381090806966,2366.0680142535234,6,Vitamin,C,0
62.932212347071115,509.6543910704302,25,Antihistamine,C,1
27.876362526951457,3964.203186958507,26,Vaccine,D,1
41.7466879949286,423.6156763989433,26,Antibiotic,C,1
12.655177167218792,389.574875230971,2,Painkiller,D,0
18.980508854019806,2710.050020074872,18,Antihistamine,B,0
33.307837372105155,842.6347889139691,18,Antibiotic,C,0
13.527152553214927,88.26482333472748,2,Painkiller,A,0
91.52849514519994,2144.4114834291418,26,Antibiotic,C,1
5.574469102477949,729.2252964698264,2,Vitamin,A,0
50.966720792109584,844.5513056394217,24,Vitamin,B,1
16.70850852259239,430.70766173990654,23,Antibiotic,B,0
34.22951350040511,1065.2140809318691,10,Painkiller,C,0
92.97565818273522,3591.6466898832273,28,Antibiotic,D,0
20.36098256102875,4054.190170728067,26,Vaccine,A,0
96.7540703732416,2290.0415379450383,5,Painkiller,B,0
24.550465813995064,2557.4413886130174,10,Painkiller,C,0
75.44878030434882,211.64242124130288,15,Antibiotic,B,1
56.93434016524461,393.11549378801845,16,Antihistamine,C,1
89.02547912169211,1324.9602419651087,17,Antibiotic,A,1
57.62935927279744,2742.29718253008,17,Antihistamine,C,1
55.783125819849325,3710.7781862382153,14,Painkiller,A,0
23.56851003499799,3044.765153623264,15,Vitamin,B,0
20.79178939490758,1991.032882184602,23,Vitamin,A,0
92.06646935597385,635.704161365534,22,Antibiotic,A,1
36.14462889075324,3914.827512691588,10,Antihistamine,D,0
40.34781422147511,1850.7409554153326,24,Antibiotic,B,0
77.18324755069689,3693.4673716898087,10,Vaccine,A,0
37.188230830166695,2589.245267475992,22,Antibiotic,D,0
95.44593243070526,3706.377165131035,5,Antibiotic,D,0
75.10313805488603,4541.083329190231,11,Antibiotic,A,0
61.7557780444749,4609.09610446632,4,Antibiotic,C,0
88.68504025175149,2698.778561002987,22,Antihistamine,A,0
9.712561293200862,2581.966405589912,10,Antihistamine,C,0
29.42095575797483,1365.1084042390444,20,Antihistamine,A,0
49.17845175098645,4682.2091660699925,17,Vaccine,B,0
26.562961249794498,2316.6998776381233,17,Vaccine,D,0
75.67099279370443,681.5766344725168,18,Antibiotic,A,1
92.32476295010389,2191.889327401422,19,Antihistamine,A,0
45.258161393437724,678.9135886781196,11,Vaccine,A,0
37.50259701063002,2537.5318370725217,22,Vitamin,C,0
96.3473195530688,2828.3137985382505,20,Antibiotic,B,0
47.26098111861638,1721.8910193932475,23,Painkiller,B,0
51.459598042681904,404.6705404458491,16,Antihistamine,A,1
38.40673787248101,4720.3425013845335,16,Antibiotic,D,0
91.40710493615315,3878.0979117429765,12,Antibiotic,D,0
59.05077091177582,4202.461348500349,9,Painkiller,A,0
77.40658578225624,1865.9985517168357,23,Vitamin,C,0
82.1216382433342,3816.11359859628,17,Vaccine,D,0
37.47565898213953,2452.5958310875117,11,Vaccine,B,0
46.2009614754361,1045.3632676099273,10,Painkiller,D,0
85.60481856859514,665.8957156907057,16,Painkiller,D,1
39.509258409201976,1758.0018031441814,23,Vaccine,A,0
80.42383767792587,730.8829518019414,6,Vitamin,D,0
94.39427064457152,4991.43143221014,21,Vitamin,A,0
64.20498544146066,293.48550164850917,3,Antibiotic,B,0
75.45459230792945,2233.660816876929,23,Painkiller,D,0
81.48424464390781,2287.8629358324015,17,Painkiller,A,0
85.27876664518104,1538.128046479294,19,Painkiller,A,1
42.53006709639562,2878.1902502493795,17,Vaccine,B,0
9.870028621719825,792.3862695501462,6,Vaccine,D,0
43.17824576749025,3930.3662839068065,2,Vaccine,C,0
69.00684182948852,1695.6162053258097,20,Vitamin,D,0
47.78328664917532,2977.1458195032765,11,Vaccine,A,0
76.15149933173787,3592.4142185314486,22,Antibiotic,A,0
38.91333079952307,4450.758482566298,14,Vaccine,B,0
65.30069340488281,4187.1478104383905,24,Vitamin,B,0
22.709881461127583,3061.12968911262,25,Painkiller,C,0
76.19009648127091,1972.5462429002403,24,Antibiotic,C,0
56.84111703723745,2540.8631168710717,24,Vitamin,A,0
24.386116911927054,3855.2372272250727,12,Antihistamine,C,0
32.73156148229169,4393.850435669391,16,Painkiller,C,0
76.11782731527407,563.7205444745257,3,Vaccine,C,0
50.84711738784446,1955.0384993406149,7,Vitamin,D,1
25.52298683734186,3891.777162146828,22,Antihistamine,D,0
96.89076308517828,2186.676224840107,12,Vitamin,A,0
72.93687688260435,1694.5274321281051,16,Vaccine,D,1
95.92780909128064,2086.0473492751844,10,Vitamin,C,0
45.5749793092326,3034.0814965924365,13,Antihistamine,C,0
50.13453236571345,4999.035463462317,27,Vitamin,C,0
90.30574553757683,2490.312524067432,28,Antibiotic,D,1
54.87968732331154,1082.0476510235897,5,Antibiotic,B,0
72.19149663103838,856.0905476315189,29,Vaccine,C,1
28.95642336207535,259.63125000825073,24,Antihistamine,C,1
47.43901452675085,2816.1453128456915,28,Antihistamine,B,0
16.727737251983733,2745.6318528697293,25,Antihistamine,B,0
24.56810340831136,1065.9079375625304,15,Antihistamine,A,0
5.089624450424953,3491.880561940207,23,Antihistamine,A,0
8.730179906622721,3718.4798560669196,4,Painkiller,D,0
97.84196320180828,1332.5361166414507,28,Vitamin,B,1
28.023601037992417,1753.2938319471957,22,Antihistamine,A,0
68.01451740288019,4952.83477811892,18,Antibiotic,C,0
84.7144713859631,1902.6091158611343,14,Vitamin,A,0
57.3127436274736,3815.968275192704,9,Vaccine,C,0
19.54872750797584,2290.990861818203,13,Vaccine,C,0
74.1710615469358,3977.0568979118307,13,Antihistamine,C,0
62.02388395946039,3856.665031974107,13,Painkiller,D,0
74.46880598800064,3355.392324732751,28,Painkiller,B,0
78.12592917142328,4281.152814163117,3,Vitamin,D,0
97.66398493005079,4699.131549644541,11,Painkiller,A,0
59.48851160253745,2920.9174362378153,24,Vaccine,A,0
37.45590570560717,1225.4710907525914,10,Antihistamine,B,0
66.60413290552252,2023.2133601381713,2,Antibiotic,B,0
11.501867378049482,3803.6132818908013,5,Vaccine,A,0
90.2527452405507,3271.873251363154,24,Vaccine,B,0
16.341196077128693,930.1017758979813,15,Vitamin,B,0
36.145069599152734,303.6357286748023,17,Painkiller,C,1
82.49581115948149,3430.6598880332213,26,Antibiotic,D,0
61.744675941417626,1292.8411689452594,19,Antibiotic,D,0
42.395374426357,2523.3677064588146,3,Painkiller,D,0
49.97638764062703,3746.3965239373415,7,Antihistamine,C,0
86.18200235420713,2835.200564248849,4,Painkiller,C,0
37.30041667568975,462.34778640339215,21,Antihistamine,B,1
87.61672005715627,968.6221720785992,20,Antibiotic,B,1
13.372770942785692,1135.6745109530498,14,Vitamin,C,0
78.79585153481992,1326.4280555419823,18,Vaccine,C,1
85.51702514019995,2848.7467901549962,15,Antibiotic,A,0
22.27267701954718,2544.6306101356977,23,Antibiotic,C,0
45.882920575359044,1055.6421899028342,12,Antibiotic,C,0
20.722478593047285,384.396475105651,17,Vaccine,D,1
72.12739225445068,898.5894121498545,12,Antihistamine,A,0
55.85803796585739,4922.687497462086,19,Vitamin,D,0
65.3557179372905,2369.3074014677877,3,Vitamin,D,0
23.66626186084006,4343.360248275457,24,Vitamin,A,0
25.115856894979853,4251.324710010775,22,Antihistamine,A,0
8.942245923441105,2582.021809441225,9,Painkiller,A,0
35.59641584359433,3548.1041568796904,15,Painkiller,B,0
58.17574282669912,1004.1224515429258,3,Vitamin,A,0
86.50381682974624,3457.563689388196,14,Antibiotic,D,0
68.35810750857468,1398.3036673532831,11,Antibiotic,A,0
46.36265072297638,4168.707378933046,9,Vaccine,B,0
95.54641086744309,464.43445888910406,8,Painkiller,D,1
73.32829405470403,3877.0364307821237,14,Antibiotic,A,0
93.36569427194225,544.6876875146667,27,Vitamin,A,1
55.12085746085574,4411.886722626829,25,Vaccine,D,0
29.595906105348263,1555.8123647682683,28,Painkiller,D,0
10.01853520464859,3289.247155911345,20,Vaccine,A,0
73.97806089096579,2463.136279170385,25,Antibiotic,B,0
16.52378481052574,1863.200569048578,16,Vitamin,D,0
33.763637185836885,3244.9370742583073,23,Vitamin,C,0
55.58473624897025,4740.238753728628,3,Vitamin,A,0
58.61957583907603,254.28524950437819,23,Antibiotic,D,1
62.05540371377792,4598.321636621366,6,Antihistamine,D,0
20.79425638322156,3064.954192354017,20,Vitamin,A,0
41.07505345805663,4046.205788806809,2,Antihistamine,A,0
63.63345157611184,1950.181019499674,8,Vitamin,A,0
97.13279214020955,2385.622725446188,19,Antihistamine,B,0
74.12495808147042,4350.811221415762,2,Painkiller,C,0
92.647356923926,2103.497450558624,2,Painkiller,D,0
77.41014553984682,2696.5648554079708,8,Vitamin,A,0
61.21311204477804,149.96486926744788,29,Vaccine,A,1
23.242220067952733,835.0601288983094,18,Vaccine,B,0
68.33513692978875,3226.348214475259,26,Antibiotic,C,0
64.22105876619116,3599.035660266192,7,Painkiller,D,0
62.23457119344031,2933.8746370832723,21,Painkiller,C,0
51.52965745888287,759.3846795642728,13,Vaccine,C,0
55.222377378981186,2254.7568714602826,21,Vitamin,A,0
36.77204007621989,1807.7190934977896,16,Antibiotic,A,0
54.3347058010188,2503.523652973687,14,Painkiller,A,0
23.767811039455434,4358.128721042766,13,Antibiotic,B,0
81.4915677492358,3890.514121360327,22,Painkiller,B,0
22.648810696377243,465.7480318763368,3,Antihistamine,B,0
13.07179753949931,4457.0305289840935,22,Antihistamine,A,0
46.44337250392995,2385.247398191627,19,Antibiotic,A,0
67.53920675307587,3732.1176171856923,29,Vaccine,A,0
46.58309836868643,743.1941947585431,5,Vaccine,C,0
31.29164253537432,3370.061652249888,11,Painkiller,B,0
58.02626246959187,1219.8137871668168,12,Antihistamine,B,0
37.96522186415899,2219.9854408476112,22,Antihistamine,C,0
93.62243056203015,133.47120690641682,7,Antibiotic,D,1
92.65128826233935,800.4726577558563,7,Antibiotic,C,0
52.725322897349066,505.79844096191783,10,Vaccine,C,1
36.14897943173456,1236.7336560443794,21,Vaccine,A,0
75.02757932588071,545.0895456203953,14,Vaccine,D,1
8.48772963089133,3474.9546317668314,6,Vitamin,C,0
50.103055574146865,193.74751593563587,7,Antihistamine,D,1
36.950722455681685,3107.81547809374,5,Antihistamine,D,0
92.45090908474269,746.5037625865925,7,Antibiotic,A,0
6.140287590904841,4728.549213030589,19,Antihistamine,D,0
57.517413193243165,4668.815661893778,29,Antibiotic,A,0
75.36304020132947,1166.240357478765,14,Vitamin,B,0
51.07670881478392,3091.385426203996,24,Vaccine,C,0
13.113287865458558,188.62633138866926,4,Vitamin,A,0
97.38383205265072,4662.353288103312,11,Vaccine,A,0
54.2109909807293,2638.7871755489628,5,Vaccine,C,0
63.347693210306076,263.95459951800603,26,Antibiotic,A,1
27.477929357213196,1745.37496539028,16,Vaccine,D,0
50.93231808514636,430.4048362131093,13,Vitamin,A,1
45.76920173604058,1995.0749748981314,16,Painkiller,A,0
12.115104990188456,3366.1353936985493,22,Antibiotic,D,1
15.085233587009386,2375.955044805126,26,Vaccine,C,0
84.55988936378358,1949.4247648612995,27,Vaccine,A,1
27.782895459626072,639.8273754253007,27,Antihistamine,B,1
23.5210357923699,1262.4482761835989,11,Antibiotic,C,0
52.96658786876323,545.7092743048381,13,Antibiotic,B,1
78.03097747943873,4047.118721700471,27,Vitamin,B,0
10.884919265003852,719.4371485243767,23,Painkiller,B,0
59.796752365634305,2997.098164417023,9,Vitamin,A,0
16.324992069854467,1746.5650472647872,22,Vitamin,D,0
8.463799828433753,1168.5930040431583,22,Vitamin,A,0
10.010675455410652,3215.3687754859134,4,Painkiller,B,0
84.24559027980193,2312.161431415856,8,Vitamin,B,0
16.207385944665848,2030.7200630585678,19,Antibiotic,D,0
9.289379619167736,2984.6174242164966,28,Painkiller,C,0
46.60048927857667,2481.7747610255037,29,Vaccine,B,0
85.17937983449235,1552.2468323302257,4,Antihistamine,A,0
29.928795766483685,2817.3533744379956,16,Antihistamine,B,0
45.062698664962056,3364.017953925938,3,Antibiotic,B,0
8.792640593556367,182.1311350049287,16,Antihistamine,C,0
47.66245884281321,2356.0650580929932,14,Antihistamine,D,0
59.8732426605277,335.5322586885417,25,Antihistamine,B,1
59.236170106453756,972.7067996371497,21,Vaccine,C,1
36.580535756564686,2824.5182336859666,11,Antihistamine,C,1
34.975652162997875,4337.635130564625,25,Vitamin,B,0
15.129243798976798,4419.888111983,25,Antibiotic,B,0
39.8458404613955,396.22285018622483,25,Antibiotic,D,1
14.451993542931643,2124.570177119198,25,Antibiotic,A,0
77.8266147476449,2935.882090872529,9,Vaccine,A,0
96.79605828607765,777.9960275241999,17,Vaccine,D,1
97.15707338333715,3838.88947288662,29,Antihistamine,C,1
87.18175444066242,3733.964529264332,26,Vitamin,C,0
62.075254187263816,4521.538017848634,17,Antihistamine,D,0
71.58224123816859,92.00575981304294,3,Antibiotic,A,1
32.094551254639335,1122.5870077455631,10,Vitamin,C,1
64.92318991639897,4144.574235514343,9,Antibiotic,A,0
48.286707196788356,3369.3712515933303,12,Vitamin,C,0
50.79164727880859,4477.229775807529,27,Painkiller,A,0
76.98877323564001,333.0392899248193,2,Vaccine,D,0
31.782243781738906,3004.971630296392,22,Vaccine,A,0
35.213763110979386,2866.7805457236873,12,Antibiotic,C,0
92.84097015722048,226.58836098463522,19,Antibiotic,C,1
10.341308010842363,2591.9342807167936,27,Painkiller,C,1
51.13525834926734,3067.125540984125,22,Antihistamine,B,0
91.71607603874686,996.9012123004308,16,Vitamin,B,1
62.984485742724914,1402.9814364670815,25,Painkiller,C,1
56.908672050152546,3219.7193641737986,10,Painkiller,D,0
28.725697026788744,2368.0896906197936,10,Antibiotic,C,0
37.61117146112259,4297.167604963218,2,Antibiotic,D,0
85.94459950144582,1744.7897417454824,8,Antihistamine,C,0
58.12572251800352,1369.9653090215957,13,Antihistamine,C,0
53.90050840689409,4925.086404706972,28,Antibiotic,D,1
14.460072786302748,4560.122062143912,25,Vaccine,A,0
6.522674863236697,193.5140877449503,11,Antihistamine,B,0
96.55009292526967,3865.106645767501,20,Painkiller,C,0
40.81368589224996,596.1571304347547,17,Antibiotic,D,1
62.30524089945291,186.0517144053862,7,Vitamin,D,1
12.572931952792075,1404.792804033427,12,Vitamin,B,0
69.89585714368943,1383.2621013524663,20,Vaccine,B,1
93.59383732706628,4105.627873617475,26,Antibiotic,A,0
59.68819903475487,3567.802867417034,20,Painkiller,C,0
16.980955625664002,4908.966665293471,19,Vaccine,B,0
60.263545109980285,3571.9888565435012,26,Painkiller,A,0
77.80298524494198,2120.364988617437,16,Vitamin,C,0
43.60957097453177,3509.6919216788233,28,Painkiller,C,0
88.58458605443944,4997.32238257269,17,Vitamin,D,0
66.62488056894964,3565.202318684514,15,Antihistamine,B,0
90.42864723747424,3820.3227121025757,9,Vitamin,A,0
64.23300456849704,4694.906825191784,9,Vitamin,A,0
17.472357340458302,612.5737434928326,3,Vaccine,D,0
34.42071255499297,3538.682252566248,7,Vaccine,A,0
24.17052008398341,4261.489491938873,14,Antibiotic,A,0
91.33851728310192,4774.174071093421,14,Antibiotic,C,0
77.23800639231085,1094.297984072912,22,Vitamin,B,1
69.25784504645057,2544.4485882350086,13,Antihistamine,D,0
33.59180036500406,3418.746495840185,3,Antibiotic,B,0
22.484253344770284,1274.9652610316202,22,Vitamin,A,0
76.86285335894662,3022.3406730888564,21,Vaccine,A,0
50.04500485851257,1325.014973365097,26,Antibiotic,A,0
26.450007454309766,1700.612251631654,13,Antibiotic,B,0
63.57908792570113,2235.517547728782,18,Vitamin,D,1
8.831715953152937,2669.4909887955064,7,Vitamin,D,0
35.98617414218408,2274.3610645444955,8,Painkiller,C,0
49.51291448615779,2491.3178229502496,29,Painkiller,D,1
19.056041740393553,1528.0143436270484,7,Antihistamine,C,0
98.54217537112976,836.8772154120214,22,Antibiotic,A,1
24.864249636013355,284.3823877678552,29,Painkiller,D,1
17.383547354110227,1020.0946763337552,5,Vitamin,C,0
24.33581301925516,2930.621025453626,22,Antibiotic,C,1
78.0608076501738,3941.271466625505,10,Painkiller,B,0
45.423037630825064,887.7756073423279,6,Antihistamine,A,0
58.71451427649111,587.3490209746099,11,Antihistamine,D,1
6.99586991370427,3758.9872847187885,16,Antihistamine,D,0
8.270974314464883,1560.533736159584,9,Antihistamine,D,0
47.353427233566535,4759.922224175395,24,Vitamin,C,0
82.58224810415423,3585.8739545213466,5,Antihistamine,D,0
89.0976934772187,1667.4424338530027,27,Vaccine,D,1
13.23712392158582,1483.2366015788393,6,Antihistamine,D,0
56.14449469959717,2642.3070120429797,8,Painkiller,A,0
91.7568201965307,441.7661079771367,7,Antibiotic,A,1
41.857411667799205,632.49873759423,14,Painkiller,C,0
83.80875398569502,920.496512515153,20,Antibiotic,B,1
17.70108716794644,3884.881786857573,11,Vitamin,D,0
93.86247651844087,2593.5939283821563,16,Antibiotic,D,0
76.38521516547375,102.30725773349255,4,Vaccine,C,1
94.42676731475566,3383.9068109869395,19,Antihistamine,D,0
69.27863718748812,2147.2663843694604,15,Painkiller,B,0
39.52337353994557,2578.7192065708,4,Antibiotic,C,0
94.12721138984863,1109.875404894031,12,Painkiller,A,1
31.178843749371953,2781.322030550813,11,Antihistamine,B,0
36.55638959586459,4896.808536769869,18,Vitamin,D,0
71.57679971016533,413.5512204785192,14,Antihistamine,B,1
77.70504845491169,1455.3911283389316,26,Vitamin,A,1
93.29333096566961,1252.8380846611074,3,Painkiller,C,1
24.456228860339902,1280.319088218339,29,Vitamin,B,0
80.80981334582627,1924.5964699486176,14,Vitamin,C,0
75.16187507271152,4099.643434483629,20,Vitamin,C,0
11.060482844091798,4568.650515323718,6,Vitamin,D,1
41.78619841496966,1050.964682921918,17,Vitamin,D,0
31.862718420709367,2737.6021928431583,11,Antibiotic,C,0
33.926590313632886,3202.6499122191276,13,Vitamin,A,0
98.37995355769658,2633.045998101032,21,Vitamin,C,0
66.06385428059315,2198.678151274752,14,Antihistamine,A,0
73.17923499038245,1000.2787540032273,22,Antihistamine,B,1
97.77867554492587,2466.6858280362308,17,Antihistamine,C,0
40.83416933347568,2036.013397171078,23,Vitamin,B,0
81.17481600301656,3988.038644386235,22,Antihistamine,C,0
46.28044151392706,3829.841577856826,27,Antibiotic,B,0
87.60569882242308,713.29347196807,2,Painkiller,A,0
22.162466424573804,488.1693101871845,23,Antihistamine,B,1
95.03018682110657,4545.36201897614,10,Antihistamine,B,0
25.783312299033568,2700.7665253742634,17,Antibiotic,D,0
35.99094816318849,4296.114639548824,20,Vaccine,C,0
76.83826224014415,337.8480468036857,16,Vaccine,C,1
42.40673844871364,2656.25230178207,19,Antibiotic,C,0
62.780080792812434,2720.16124715237,23,Antihistamine,C,0
47.23448260159571,4310.475061083642,13,Painkiller,D,0
75.52514402352928,533.1694912370522,15,Antihistamine,A,1
26.69146897501803,1240.2055401957512,4,Antibiotic,B,0
10.553508787503315,2062.364653740715,5,Antibiotic,B,0
33.4932927599413,4335.915303328714,7,Vitamin,A,0
50.059323162500874,4697.472409599307,17,Antibiotic,B,0
20.961904958304466,4963.986866988458,29,Vitamin,D,0
38.705742517356924,4798.007757969682,14,Antibiotic,C,0
42.99838673788901,79.41169142955434,13,Vitamin,C,1
10.452225150385987,286.1562901966666,23,Vitamin,D,0
60.41418857749943,780.6537548300639,13,Antihistamine,C,1
89.01262565727231,1776.867379012852,3,Vitamin,B,0
19.415576730539982,4158.094253385446,14,Vaccine,A,0
61.791761273143834,4468.648166910628,4,Antibiotic,A,0
68.1502244665304,974.830311158186,14,Painkiller,B,0
44.83679463983239,3117.3375505175577,26,Antibiotic,A,0
71.60427079960564,4590.941826073119,3,Antihistamine,A,0
44.01949663164614,2345.4720928600377,20,Antihistamine,C,0
52.940542357856316,562.5406811662806,10,Vitamin,B,0
5.698539232670563,2316.1775679188936,21,Antihistamine,D,0
70.71341084279544,1910.1847663258834,2,Antihistamine,A,0
67.82755449974883,2909.4070805267347,28,Antibiotic,B,0
8.648083346002734,2221.360487815163,14,Vaccine,D,1
39.983760202537646,135.8623379259038,3,Vaccine,D,0
98.0080248752084,4970.288780397672,16,Vitamin,C,0
44.9699734440186,2740.524176766326,20,Antihistamine,C,0
52.68481348752496,2394.4722396488173,26,Antihistamine,A,0
91.44336502517326,4775.355988945067,26,Vaccine,B,0
73.13987820724685,821.5088195560317,17,Vitamin,B,1
60.296662456801236,986.7261325989788,12,Antihistamine,C,1
80.7914447274019,4049.6730078607784,16,Vitamin,C,0
87.11479531331746,1341.1138461237933,7,Antibiotic,C,0
48.404366815040355,4006.1741761430585,15,Antihistamine,A,0
50.13529466852436,1394.0907403970875,28,Antihistamine,B,1
41.6748388869244,214.27876961375736,7,Antihistamine,A,1
96.83708330175375,2609.2228832392443,20,Vaccine,B,0
71.23079415758329,1023.5978489279638,6,Vaccine,C,0
12.906191289766868,3801.339150015732,12,Antihistamine,A,0
86.98116421473675,3223.938184499133,5,Antihistamine,D,0
50.653194379445466,4621.833206490693,27,Antibiotic,A,0
11.53162111013631,3925.792368465393,27,Antibiotic,A,0
57.22313924051455,944.8409764615978,29,Vitamin,D,1
44.6306065026917,4010.7832714907418,10,Vitamin,D,0
88.38619346194936,3226.598371829415,10,Vaccine,C,0
24.3794873428918,3361.3106267150933,18,Painkiller,D,0
83.51413790175738,4169.701285552236,9,Antibiotic,D,0
57.98042566261801,2890.429142485254,16,Vitamin,A,0
10.18797880527956,2356.717396047414,10,Antibiotic,A,0
97.32530362592104,3201.3731250257033,6,Antibiotic,C,0
53.69844818980399,1524.8892733438774,5,Painkiller,D,1
32.633301152000335,953.8557988811415,27,Antibiotic,B,0
49.59364998897952,3102.1097984526696,21,Painkiller,A,0
86.49648943416145,1207.5494269731146,19,Painkiller,C,1
33.96579681658103,445.5797912657033,10,Antibiotic,A,0
23.30425766623653,52.74321369700687,22,Antibiotic,A,1
17.26176845843374,3061.181036930332,28,Vitamin,B,0
33.29664284707007,1842.6364782271723,4,Antibiotic,C,0
79.10456826880413,3773.939304833607,23,Antibiotic,B,0
49.80450469354986,1907.123171649857,10,Antibiotic,B,0
26.610752350886298,2455.7170687792222,10,Vitamin,C,0
20.787574962926172,2065.070615436155,29,Painkiller,D,1
36.60930026848601,3270.3452159912636,22,Vitamin,B,0
94.29281542414235,1812.8888519740926,25,Antibiotic,D,1
37.587537696052316,4820.649867214429,5,Antihistamine,A,0
98.87178721569036,4683.927583662724,22,Antibiotic,C,0
51.09689329770884,4247.738118153543,8,Vitamin,C,0
22.020572237564334,4605.486339335103,8,Vitamin,A,0
89.65830872038339,2273.2414578739854,24,Vaccine,A,0
48.73376044780856,2705.330464107986,9,Antihistamine,A,0
72.41877763292982,3723.35833316331,28,Vitamin,B,0
98.45260040486941,3495.9223284457785,22,Painkiller,B,0
9.766658280397529,4458.859048247081,2,Antibiotic,B,0
14.185983179818878,3595.8385849206416,28,Painkiller,B,0
73.44339043896184,4989.52930573088,10,Vitamin,B,0
31.773375313069838,1775.1037091663757,26,Vitamin,D,0
22.508632710259413,4173.338824085119,24,Painkiller,D,0
8.739378582874302,3503.2923730216876,13,Painkiller,B,0
7.075437638689172,3472.3629038143417,7,Vaccine,C,0
78.57613229638014,1662.8861944827447,14,Antibiotic,C,0
17.77117560010725,3938.7288724939617,6,Painkiller,D,0
49.43345851725933,4506.861310620616,22,Antibiotic,D,0
62.560197442050885,1131.8148845267867,20,Antihistamine,C,1
45.69342105404039,3146.2093437276853,27,Vitamin,C,0
7.575131971942145,1991.067404058737,2,Painkiller,C,0
79.43264274585134,4948.263190509641,23,Antihistamine,D,0
5.9987563314570815,2420.222438366824,25,Vitamin,D,0
77.37953996586099,1180.1848602948664,19,Vaccine,C,1
89.86392690987165,1940.195244848071,9,Vitamin,D,0
46.119792500431366,3286.5000295923,25,Painkiller,B,0
55.87653494429083,426.6423881804026,27,Antihistamine,C,1
50.31342229867711,3037.829505095126,9,Antihistamine,A,0
41.97481876922669,4659.562557935546,27,Antihistamine,C,1
89.30533086018423,4259.29579890636,16,Vitamin,D,0
89.9236835136491,384.9840064570177,20,Antibiotic,A,1
36.90255464094578,4967.279899758388,11,Antibiotic,A,0
63.431626631396306,3508.6982723342016,25,Vitamin,C,0
93.05621840385709,853.2900803544172,17,Painkiller,B,1
96.3955573994284,111.4596413886463,12,Vitamin,B,1
53.35110884009452,897.8490496461492,13,Antibiotic,D,0
48.018356502011045,4198.970807394406,17,Vitamin,A,0
31.47596001320995,157.1146584785605,17,Antihistamine,B,1
96.09282795308896,1204.0791529095284,29,Painkiller,D,1
18.5673589249224,3798.6626969076333,21,Painkiller,A,0
60.08380972453388,2951.247152695769,4,Vaccine,D,0
31.842275414270695,3924.5417662829495,28,Vitamin,B,0
31.50578758304068,3743.4449939426004,10,Antihistamine,D,0
43.47201580073791,300.4768662529334,9,Vitamin,D,1
99.88532890248717,4467.931524516051,11,Vaccine,B,0
10.221799149783095,1173.80757969723,14,Vaccine,B,0
59.96147272933549,2789.2925791373304,19,Vitamin,D,0
12.844355013351333,3239.226374812505,14,Vitamin,B,0
19.679478849099304,884.7096438812222,14,Vitamin,C,0
46.75847946842537,4882.344720669824,16,Antibiotic,C,0
53.49371247791193,2466.3719826321794,14,Vaccine,C,0
29.58527879462978,335.3313432070975,17,Painkiller,A,1
35.063427433069535,4689.44712165031,9,Antibiotic,C,0
13.26186692431364,2952.025823806677,28,Antihistamine,C,0
33.8058794652038,3511.006330007813,28,Painkiller,C,0
96.82305174115169,2649.620160174409,20,Painkiller,B,0
94.74720125888577,4181.95287614599,11,Painkiller,B,0
36.81343756301358,214.0106378563939,13,Vaccine,B,1
59.23112394648235,1378.4729081218813,15,Antihistamine,B,0
91.41156215553971,2374.7593641933263,7,Antibiotic,B,0
5.587463150885184,429.1879007528647,22,Antihistamine,C,0
82.01493918207123,3544.2380131669584,25,Antibiotic,C,1
95.0951075149473,1998.6338995754218,10,Vaccine,B,0
13.675944761687921,1399.706551827313,28,Antihistamine,D,0
20.337530173127497,66.72529170164074,8,Painkiller,B,1
96.27089876327877,3613.160043162271,7,Antihistamine,C,0
56.0663136458329,4177.356078920666,23,Vaccine,C,1
6.348680274813752,2005.4506516234173,2,Vaccine,B,0
29.47503988253527,2842.878986315159,22,Vaccine,A,0
47.744649055541664,1177.0487983515122,15,Antibiotic,D,0
70.82634654735293,3129.8783490866585,25,Antihistamine,B,0
74.65023592299596,110.08041866024259,7,Painkiller,C,1
99.56504372791834,2468.7872906388543,13,Painkiller,D,0
32.313563941457105,3238.8171351114265,18,Vitamin,A,0
56.13090967750515,4595.049277487184,6,Vaccine,D,0
55.66573704666248,1937.6122947553072,12,Painkiller,B,0
43.53629964748756,3837.6915047560974,29,Vaccine,C,0
21.070379915029918,3008.550798220329,6,Painkiller,C,0
97.85837350246504,4638.709958979149,13,Antihistamine,C,0
86.06513273332568,2021.9694945141814,4,Vitamin,D,0
52.341637687952534,1629.5219323712906,25,Vaccine,B,0
62.30831515498283,4441.352893536012,10,Antibiotic,B,0
26.58980008816792,293.75978697103113,7,Antibiotic,D,0
56.65977168721596,725.1076950217001,23,Painkiller,D,1
71.02216264654021,457.90195119102003,3,Antihistamine,A,0
53.94086769672594,4223.394285053193,27,Vaccine,C,0
99.07709120556942,102.506745683081,3,Vitamin,D,1
63.077457343533986,4315.202919710388,23,Antihistamine,C,0
40.24250269625606,2283.775587087771,13,Painkiller,A,0
78.35444262350462,69.9251303271552,9,Antihistamine,B,1
21.193938600255994,2038.1436271996072,3,Vitamin,C,0
41.52900230209532,974.6641631729261,10,Antihistamine,D,0
37.96110028587066,3140.782412987207,17,Vaccine,D,0
46.02167403523884,3412.8260101121505,29,Painkiller,A,0
79.269083463229,2463.261473504749,26,Vitamin,C,1
50.99643805552371,250.57165092636635,16,Painkiller,B,1
80.43137277526645,3297.8375816176494,15,Vaccine,B,0
59.76644579828726,4218.09197884733,21,Vitamin,D,0
37.49659629246776,3615.6051727656873,5,Vitamin,A,0
81.94798064992989,4158.291698828827,5,Painkiller,D,0
27.6375187025437,1042.5221415768929,12,Antihistamine,D,0
26.31638308098057,4449.995301299589,22,Antihistamine,D,1
52.9277777852094,1644.8575807074158,25,Antibiotic,D,0
29.780678366398448,116.35383054735559,19,Antibiotic,A,1
5.863268320365551,4224.7886493289,28,Vitamin,D,1
66.58826509338614,4712.0152813753975,6,Painkiller,C,1
53.55391303987781,3295.0130772158764,3,Vitamin,D,0
47.32419237685031,1195.611320793952,16,Painkiller,D,0
96.86200888873996,1296.1350981985254,12,Vaccine,B,0
59.2639224764768,2359.6347235063167,28,Antibiotic,B,0
87.02599988999152,4494.263844027027,25,Vitamin,A,0
18.247772439490216,790.5083979304139,18,Vaccine,A,0
59.07461399729563,4138.569664438261,17,Antihistamine,C,1
87.45806453943578,1491.9489030904942,16,Antibiotic,D,0
60.39504694159031,4052.5015386740347,24,Painkiller,B,0
73.21134692206515,4605.342428127617,4,Antihistamine,C,0
40.3441389421597,2166.094666371885,21,Antihistamine,C,0
13.782704118521329,1857.0007378223777,16,Vaccine,A,0
48.50052803707179,4020.995528907944,25,Vitamin,B,0
42.47554212969146,2670.9402677780004,20,Vitamin,D,0
87.37071732599999,3438.0227898928256,29,Vaccine,A,0
28.17955372348486,3133.0047229578386,14,Antihistamine,C,0
96.83975161583527,806.7997859417418,17,Antibiotic,C,1
96.02312138142713,4231.71228343333,24,Antihistamine,B,0
28.525006091786675,1019.0868014950241,13,Vaccine,B,0
38.06493577034544,4664.796613150365,18,Antihistamine,D,0
90.07779538301908,1290.3278925396319,17,Antihistamine,B,1
96.82911098513021,3682.7108177050222,10,Antihistamine,B,0
47.12671476942418,1459.0441977932805,7,Antihistamine,A,0
35.49471933588529,1623.0377725049761,20,Antibiotic,A,0
54.978931258896495,1584.5091712724113,24,Painkiller,D,0
70.3380746047448,3752.066657429112,14,Painkiller,A,0
30.980078960623082,2806.2348339484956,22,Vitamin,D,0
74.96495158881191,4420.614656445111,25,Painkiller,A,0
9.907448925890899,1571.494960060022,9,Painkiller,C,0
9.682976812619561,3475.3629841808843,13,Painkiller,A,0
41.6973319888268,3777.0955683323978,10,Antihistamine,D,0
38.57995324576846,799.8364594982929,23,Antihistamine,A,1
34.985155459879465,2032.9173187330653,5,Antibiotic,B,0
51.64687745354645,2439.946597034535,14,Antihistamine,C,0
35.469690319599266,1810.652579977153,3,Antihistamine,A,0
23.264502254468734,1644.4573500472336,4,Painkiller,C,0
34.39960716341709,3447.7784752883276,6,Antibiotic,C,0
97.61590591697232,1118.5386684144685,25,Antibiotic,C,1
44.05577461451062,3561.4841889930876,29,Painkiller,C,0
47.2477138015419,4678.468772134116,27,Painkiller,B,0
59.7717740453583,2847.727729829868,19,Antibiotic,B,0
98.41737299935153,3076.5994718603965,22,Vaccine,D,0
27.952121261397487,391.216875514241,15,Painkiller,D,1
69.72180050058121,4329.16067290825,26,Painkiller,D,0
73.0185458864638,1462.9665466393344,3,Antibiotic,D,0
62.69581959534126,3094.503269366396,16,Vaccine,C,0
13.414942265481187,4896.605240236771,9,Vaccine,C,0
69.30286620361977,2997.737872835399,17,Vitamin,C,0
11.08899754843667,3637.311962948669,4,Vaccine,B,0
61.63355170724021,2254.332110207572,25,Painkiller,B,0
75.26021183606555,348.8109253995339,21,Antihistamine,C,1
25.04213960889529,3998.116779974453,21,Antibiotic,C,0
84.95409071656354,223.24426425672905,29,Painkiller,C,1
7.883611525635406,3518.2562529948777,24,Antibiotic,C,0
85.16222204753907,163.46178709070287,6,Vaccine,B,1
48.731259811062685,4318.410921054519,5,Antibiotic,A,0
25.670854293506228,830.2983773732539,24,Painkiller,D,1
17.70892377442696,2595.643902440628,13,Antihistamine,D,0
95.5641809203254,3005.8959871915795,20,Painkiller,A,0
11.903230820209888,2314.8497664983897,16,Vitamin,B,0
23.913874893912936,1736.7792722769918,26,Antibiotic,B,0
38.04312300613937,2365.6807660958098,14,Painkiller,A,0
63.92231065130645,1591.5079817117357,6,Vaccine,D,0
56.75610310122935,2218.7056180502727,13,Vaccine,D,0
16.936131779169827,1826.6193054402518,20,Painkiller,A,0
32.52415845513039,2852.7138763603693,3,Vitamin,A,0
27.68141825317229,1227.724603112668,8,Antibiotic,C,0
25.28657117658243,4943.849946824362,29,Vitamin,A,0
44.05871196559877,2529.3062692417193,24,Antihistamine,A,0
71.8829879962074,1011.1022832018227,29,Painkiller,D,1
25.658028560637415,2411.4804103579986,6,Vitamin,C,0
39.834493571783234,4338.75489114788,21,Antihistamine,C,0
42.13715554991042,157.9436259657582,12,Vitamin,D,1
97.76337029636396,3413.7928895810796,19,Antihistamine,D,0
95.69330390351155,2762.4405941299437,19,Vaccine,B,0
81.0130703614472,889.3120721321708,8,Vaccine,C,0
27.957597477822592,4096.5083745593565,11,Painkiller,A,0
11.463544838708621,1875.978880751328,24,Vitamin,C,0
35.10589308345935,1504.3200426367619,21,Vaccine,B,0
30.34548219621393,4149.21969969166,15,Antibiotic,A,0
53.062951013907416,3210.6989786487397,21,Vaccine,B,0
78.88415145644034,4496.382464190381,21,Vaccine,D,0
86.54067919349151,3167.924333172437,12,Vitamin,B,0
85.2620881139983,3717.0474067639707,3,Antihistamine,D,0
39.169178316191434,4190.407186485084,14,Antibiotic,B,0
70.28726262876488,320.9611977541877,14,Antibiotic,D,1
34.7192487648009,3891.4423464034326,10,Antihistamine,C,0
10.786026607342357,3087.847085155405,18,Vitamin,D,0
71.64870023227952,394.0635927502065,16,Vaccine,C,1
5.933617494129845,2567.4607132501396,25,Antihistamine,D,0
43.87234580855641,458.1674860205717,23,Antibiotic,B,1
36.29103058369719,3692.9386485299506,27,Antibiotic,B,0
70.87086615929098,2755.183483794521,24,Vaccine,B,0
77.793319912236,4770.189010190872,29,Vaccine,D,0
33.88899041727196,956.5200892802608,22,Painkiller,D,0
82.10456637226109,3049.8655899758733,23,Antihistamine,B,0
32.922092247968706,1097.3315661239321,23,Vaccine,C,0
47.401004198723314,3089.621674400622,17,Painkiller,D,1
74.06676006634272,3627.1160266862394,26,Vitamin,C,0
70.82742177635491,3625.406430181216,11,Antibiotic,D,0
98.800004869659,4084.616253878919,21,Antihistamine,B,0
26.390297300513527,4275.073628393668,29,Vitamin,C,0
67.92020178626032,432.49504502252637,28,Antihistamine,A,1
62.919781286198855,1749.1724275084002,13,Antihistamine,D,0
91.93435317655285,3451.2564757810383,6,Vaccine,C,0
19.854403456263128,2518.0021225865003,21,Painkiller,B,0
76.42082554075863,993.8459364362179,18,Antihistamine,C,1
58.98551854553299,2785.912372325155,11,Vitamin,A,0
31.093257629851013,2066.806481192412,7,Antihistamine,A,0
50.07131684398154,1980.6894743888101,22,Painkiller,C,0
36.70877672163079,4058.2809013065357,21,Antibiotic,A,0
60.034773264903784,2067.6117524692972,7,Antihistamine,D,1
89.45505802739325,180.9498021280996,13,Vitamin,A,1
59.083973519159194,337.4135275109018,22,Antibiotic,C,1
65.01362974102548,4288.40800637352,20,Antibiotic,C,0
54.2810454758974,4804.97400956198,3,Vaccine,D,0
9.860723112320212,3457.6262154557526,14,Vaccine,D,0
27.121562903228952,1853.623055795397,23,Antihistamine,C,0
51.740164296047865,4696.071563183901,21,Vitamin,B,0
34.47235195574695,3330.8752775598923,12,Vaccine,D,0
22.26754178731345,4229.451068536721,16,Painkiller,B,0
52.89261998225164,3840.9689049831964,14,Painkiller,A,0
35.66693037754578,1926.7396130743325,27,Antibiotic,A,0
29.5202261014744,2419.5758942113885,4,Antibiotic,D,0
49.07861465683617,971.3541641220925,15,Antibiotic,D,1
17.662004517806448,1495.4697971816336,9,Painkiller,C,0
93.13584464216369,3901.7220233682824,29,Vaccine,A,0
87.4316993023277,4475.193039821385,10,Vaccine,D,0
72.22395564535086,3636.0790950944884,16,Antihistamine,C,0
15.09031362090334,2352.60979845036,24,Vitamin,B,0
78.70833917462083,478.22088125175026,19,Painkiller,C,1
81.75594617035681,331.89234605731866,9,Antibiotic,A,1
77.93763868286209,1902.9115448336265,12,Vitamin,C,0
15.82675927632791,2345.9175078999324,28,Antibiotic,C,0
66.17125592143765,3065.1470799558197,6,Vitamin,D,0
84.26085559619287,82.1231308656362,16,Vitamin,C,1
59.84857311586843,4949.128307808216,16,Vaccine,A,0
66.40870064666845,1851.4974728500124,28,Antihistamine,C,1
48.544530545499086,4248.068585815551,27,Antihistamine,C,0
55.227195388984995,2698.0851930437516,8,Antibiotic,A,0
8.265801543413895,695.6752999400651,22,Painkiller,B,0
65.70148708746203,3997.949485045883,19,Antihistamine,B,0
12.737485224660123,3563.6440208533863,29,Painkiller,A,0
46.326386462321224,2660.8086203996786,13,Antibiotic,B,0
32.802234278403745,2597.037802102211,13,Painkiller,C,0
56.81565527011274,483.0240484670939,5,Vitamin,D,0
17.674551874704672,3296.4522954406766,12,Vitamin,A,0
70.70612318746522,4560.663520983784,22,Antibiotic,C,0
80.52609600820469,511.5623501457239,7,Painkiller,D,1
20.518672725599867,1354.3816807120793,22,Painkiller,C,0
14.909743298428806,4516.424468538389,11,Antibiotic,A,0
18.82397086479912,1457.5023536079768,28,Antihistamine,C,0
88.32711838035766,3287.0211772906355,16,Vaccine,A,0
55.17797986685384,2697.3499164685636,2,Antihistamine,C,0
49.38979462071275,3001.821644769117,18,Vaccine,D,0
15.137622814723656,2108.155062807403,4,Painkiller,D,0
66.70782064191137,1534.95777924087,26,Vaccine,D,1
87.45996123003354,290.2405811118614,12,Vaccine,B,1
83.67765758572803,3734.1906495061125,19,Painkiller,C,0
64.47519735317613,3743.162637861423,11,Vitamin,C,1
12.151478081908994,3370.0924133896797,22,Vaccine,D,0
15.677717581721232,3235.9872511921217,10,Antibiotic,A,0
9.684353775433344,1256.3998042292549,8,Antihistamine,B,0
29.460525566784582,160.6074221431415,12,Painkiller,C,1
17.887839380235885,4053.1412145829263,9,Painkiller,C,0
29.704563823981218,2481.135751694343,3,Vaccine,B,0
41.58051529330136,1568.8487469779607,6,Vitamin,B,0
94.58336448675789,554.5629385638218,10,Vitamin,D,1
62.985725679260746,360.4718749618726,2,Antihistamine,B,0
84.32250963988142,1776.8902728861276,18,Antihistamine,D,0
72.48339256767156,4033.4484705963555,11,Vitamin,B,0
15.687797400030016,4597.682559202461,9,Vitamin,B,0
74.91243860552514,4488.91925483467,19,Vitamin,C,0
31.13439374811682,4604.004132010792,26,Vaccine,D,0
65.7152454644971,4543.240448490246,11,Antibiotic,B,0
37.39138749608391,2659.7625204219594,10,Antihistamine,B,0
99.77886501014262,1136.1074108566738,5,Painkiller,C,1
30.037390552193894,4000.3305850422607,3,Vitamin,A,0
31.51739472355562,1107.8792255202661,20,Vitamin,C,0
93.41386427842784,1372.6760199450168,11,Antibiotic,D,0
7.341218440450653,1204.608893021615,18,Vitamin,A,0
71.18545384795371,2599.162898294239,4,Antihistamine,B,0
73.90600711990842,1643.0461654369456,22,Vitamin,D,0
84.45596485398794,813.0724456454402,20,Antibiotic,A,1
97.57173451065516,2293.208388874718,20,Vaccine,D,0
97.68218231988197,4375.840831986577,27,Antihistamine,C,0
11.20129196881407,2874.2366320023625,23,Vaccine,A,0
83.07473566152574,4397.761249143556,20,Painkiller,A,0
66.39944369745123,1019.5673161417301,20,Antibiotic,A,1
66.49750276544367,876.5206746791423,16,Painkiller,B,1
17.193243028396004,2899.1067722071803,26,Painkiller,C,0
66.76778081233707,2343.4780626540514,19,Painkiller,A,0
98.33584515711854,3317.8545761524365,18,Painkiller,D,0
91.62276410624746,3983.4026155825686,11,Antibiotic,B,0
46.7174127764608,3768.9711134782733,25,Vaccine,C,1
8.795057462178963,4714.192809609877,15,Vitamin,C,0
39.41788155001946,2021.3692253272072,20,Painkiller,C,0
83.50707960205274,1071.6143741284948,24,Vitamin,C,1
71.64241463919078,2777.0175677420343,19,Vitamin,B,0
48.637647281425856,598.1784449463687,12,Painkiller,C,0
10.234645840088954,1479.8130604915757,12,Antihistamine,D,0
45.55499914321375,1079.0458735525651,13,Vitamin,D,0
49.55736927319893,2012.9903981455504,9,Antihistamine,D,0
93.21277562494292,600.5220462609661,17,Vaccine,A,1
65.90317984030514,207.61663551308436,26,Vitamin,C,1
34.60702708219165,3301.1303229186574,25,Antibiotic,D,0
54.90523512281853,3070.732442534534,9,Vaccine,C,0
11.275254243105206,3556.376733391373,25,Vaccine,B,0
97.393982386725,3318.912879343153,15,Antihistamine,D,0
39.20569068341897,615.7586716547984,24,Painkiller,A,1
50.3973987167479,1490.8404628094493,19,Antibiotic,A,0
38.75197755250765,691.1567190067442,25,Antibiotic,B,1
69.83861436103902,4222.713390140388,22,Antihistamine,D,0
67.91205504131133,3747.17309400984,23,Antihistamine,B,0
72.95561950026789,1047.5586644453,5,Vaccine,A,0
30.473606813132477,1739.4807404249725,18,Antihistamine,A,0
34.98850571058627,4834.74421170786,14,Painkiller,C,1
16.898866954139756,2991.0888215042746,6,Vaccine,B,0
67.27344732538069,4015.7202066407285,4,Vaccine,A,0
8.780727096886991,1359.7256221052091,10,Vaccine,D,0
61.77982187472861,1089.7619548875607,21,Antibiotic,D,1
87.62110906090521,3930.3887977904146,27,Antibiotic,A,0
89.62905408751519,3445.0686533956286,19,Vaccine,B,0
47.658587235146356,3420.84074959823,21,Painkiller,B,0
48.63385038024201,2785.54118005451,20,Vitamin,D,1
12.312072385761649,2839.712796743917,20,Vaccine,A,0
68.72267741708839,3691.7026512659563,22,Antihistamine,D,0
83.01964493542032,1386.5122815499167,17,Vitamin,B,1
28.24223018744774,1796.203905991931,2,Antibiotic,A,0
45.02358375516964,4364.602014074272,6,Antibiotic,D,0
84.68973699270069,1578.8827450101808,25,Vitamin,A,1
88.32644442791737,2754.23237832753,16,Antihistamine,C,0
28.102098125101463,3528.065346833086,27,Antibiotic,D,0
57.304210281429604,4999.627892824224,13,Antibiotic,D,0
23.28684931040357,2204.692090901893,26,Vaccine,C,0
14.678482593257872,2169.0597392934715,29,Painkiller,B,0
91.55644763223597,4220.812478196654,2,Antihistamine,D,0
82.94821290205037,4037.2404007363234,15,Vaccine,D,0
77.20331567130152,3668.825614586015,19,Painkiller,B,0
9.63280028724834,2342.986705174693,19,Antibiotic,A,0
85.15423530747447,1653.4986447955432,7,Painkiller,C,0
46.614187211011455,3063.215888795001,2,Antibiotic,B,0
37.52753671310666,4387.305301001623,28,Vaccine,A,0
56.91525429741076,4424.698418132503,18,Antibiotic,C,0
13.678558058737803,587.0668080986702,19,Painkiller,A,0
76.88142218847788,2170.333904875096,16,Vaccine,D,1
60.331332304388106,2350.3736831838096,13,Painkiller,C,0
22.726059202950914,4889.196069242578,14,Painkiller,A,0
22.88205897805933,3406.090175450793,21,Vitamin,C,0
22.503621899404052,2065.869765447249,3,Antibiotic,A,0
10.415226817433728,178.98653562868535,5,Antibiotic,A,0
60.84085269031006,2848.65654249102,4,Painkiller,D,0
84.83307687090827,525.5760794098628,20,Antibiotic,B,1
6.662330328801917,4180.527288871427,26,Antihistamine,C,0
9.655441272270988,3774.9673698232923,9,Antibiotic,D,0
59.41317628525985,2329.520341545485,13,Vaccine,C,1
82.85209011167497,2174.5933587314134,13,Antibiotic,B,0
36.040194604020186,4491.827879565405,11,Antihistamine,D,0
38.21336788673361,1477.8688345697356,26,Painkiller,B,0
61.65291726219371,1282.6488124285154,2,Antibiotic,D,0
31.050224466793964,4699.027292487523,29,Vaccine,D,0
7.5277947773799925,4055.766891929739,6,Antihistamine,D,0
74.84670921965163,4112.0966856826135,29,Vitamin,D,0
64.43674172943804,1016.2093806658313,29,Painkiller,A,1
60.17181991028762,759.3151575831254,21,Painkiller,C,1
75.4599922542232,178.84627159481775,12,Painkiller,A,1
69.14692956839356,1223.3554691474662,10,Antihistamine,A,0
24.55878887694051,3882.2429339859077,15,Antibiotic,A,0
38.48569945961836,1238.1901728825414,4,Antibiotic,D,0
16.980463459469377,3659.061253794637,6,Antibiotic,D,0
17.3364162746987,1296.9459135687364,25,Antibiotic,B,0
69.23859590387123,2006.6978648558247,27,Painkiller,C,0
86.56701016333733,4916.653335061472,22,Vitamin,B,0
96.45959546680821,1261.818069856471,10,Painkiller,B,0
64.69297616719722,1913.0346051264248,19,Vitamin,C,0
22.489625719290913,1540.3815433028076,7,Vitamin,C,0
15.036782817648417,592.6436823335113,22,Antibiotic,B,0
82.22084229599199,2474.9760035475833,26,Vaccine,B,0
59.98186525419993,1924.5187834983612,8,Antihistamine,B,0
63.73707699630339,3489.6910747460365,17,Vaccine,D,0
79.23889843169738,4097.093007410154,9,Vitamin,C,0
71.8113366345829,2744.036086753411,24,Vaccine,C,1
84.27353402132918,209.37228933231748,11,Vitamin,A,1
10.340321018688456,3113.665663361872,27,Painkiller,D,0
76.01446049091795,324.184113603649,6,Painkiller,D,1
85.83101194559906,3100.963801815173,12,Antibiotic,C,1
32.18282903353986,3440.898248882483,22,Antihistamine,D,0
65.84249102935902,1028.9497567067162,14,Painkiller,B,0
34.84539606451235,4105.763436172767,28,Antihistamine,C,0
96.00725131583313,4559.871401291541,21,Antibiotic,C,1
8.175239381372856,4074.780472363407,3,Antihistamine,D,0
60.080320164130725,1560.2904915498068,15,Painkiller,C,0
20.817836969703933,2953.8829116058905,10,Painkiller,D,0
72.66091949183007,4578.334988496577,11,Vaccine,D,0
21.709576924772897,1637.2903948031071,11,Vaccine,D,0
27.36140988034397,4109.137720213854,29,Vaccine,B,0
51.96522704934702,96.9018997453978,11,Antihistamine,D,1
91.90932024970341,68.05117878414754,27,Painkiller,D,1
25.11286535405723,3810.5727186778886,20,Antibiotic,A,0
18.702802006219834,3819.1655315292496,12,Vitamin,A,0
77.10279902613291,3955.437079868854,12,Painkiller,B,0
52.55885557172344,4653.632847546403,4,Vaccine,B,0
91.61958567626829,633.6362435104069,20,Vaccine,D,1
18.928382930185016,1198.3256756692574,25,Antihistamine,A,0
66.36314983718873,4523.438355850348,23,Vaccine,B,0
27.123518884422428,927.3191789731495,2,Antihistamine,C,0
19.892240721905736,3427.0348745040906,13,Antibiotic,C,0
69.9257944399407,2675.791850202036,16,Vaccine,D,0
61.40003889132966,461.80870041496087,15,Antihistamine,A,1
76.70860854442147,1462.0551266105876,4,Vaccine,C,0
34.39894476238732,2625.842471382791,21,Antihistamine,A,0
47.557307356308044,4269.133077584978,14,Painkiller,B,0
43.51980925138975,3552.3155235926347,19,Antihistamine,A,0
98.48849907681885,3128.3216492019187,17,Vitamin,D,0
32.76365089024185,2505.3628052100034,7,Antibiotic,A,0
33.00763764294285,1528.4857198799648,11,Painkiller,C,1
38.6820798387177,640.2623110303429,29,Antibiotic,A,1
58.636437722580546,2074.926371102173,18,Painkiller,A,0
28.9706607050558,191.16654486089826,18,Vaccine,A,1
91.95254433603102,1094.7266518709105,9,Antihistamine,B,0
30.24012866229503,2190.7927105696663,5,Vaccine,D,0
90.10249449821849,2122.0956690759795,16,Antibiotic,C,0
14.830131046425542,269.2623834351124,2,Antibiotic,C,0
67.37345672796697,2965.847759950192,8,Painkiller,A,0
91.16362425163315,2770.9370664735193,26,Antibiotic,A,0
21.031196647831806,436.61630490351854,11,Antihistamine,B,0
96.99106120942922,4718.657109679175,8,Antibiotic,D,0
48.023919239473614,541.9447558067576,2,Vaccine,C,0
94.84293530189733,4281.429048624814,18,Antihistamine,D,0
69.29790414485447,51.5331729792794,13,Antibiotic,C,1
33.650752637987395,4417.291420474647,18,Vitamin,A,0
22.88873986712511,147.61267441134714,16,Vitamin,B,1
33.85482939138444,3801.169557865974,25,Vaccine,B,0
13.836653879954124,1840.3695159362521,17,Painkiller,A,0
18.66745680261633,3704.173160674783,24,Painkiller,A,0
14.942741832915708,2038.6387668536436,15,Antibiotic,A,0
45.179636655447986,400.9942155426166,4,Antihistamine,D,0
80.5799457444707,3849.158142207052,20,Painkiller,A,0
18.43143765055232,402.7007923407566,13,Vitamin,D,0
17.380441151371908,4614.496158008029,20,Painkiller,A,0
66.12575020414641,302.32147716872385,19,Vitamin,B,1
23.732383286966297,2422.6601249690016,15,Painkiller,D,0
14.272953620354203,3629.0204327114384,21,Vaccine,B,0
20.850614929529875,1996.5700007205867,24,Antihistamine,A,0
92.75448260829373,1125.3056992325517,10,Antibiotic,A,0
83.03976901373812,3807.5002589103337,4,Vitamin,C,0
38.63613342373394,3932.258788704196,27,Painkiller,D,0
67.30297289610232,4617.340170574118,24,Antibiotic,D,0
56.04118899846362,1912.0172966338346,13,Vitamin,D,0
69.32680503084357,2555.946085761768,21,Vitamin,D,0
69.85375948396214,1847.4857920880565,18,Vaccine,B,0
64.72973143069933,1322.5550181642725,6,Painkiller,D,0
30.279630011044315,3767.6131596111622,9,Antibiotic,B,0
8.705609972467723,1731.2766328339294,20,Painkiller,A,0
48.27884428906034,2169.3397378621426,27,Painkiller,B,0
89.64251904561687,2048.184605238938,5,Antihistamine,D,0
59.10223955926471,3577.673066951392,16,Vitamin,B,0
84.07714896168125,4593.088349247865,20,Vitamin,D,0
99.20431258131667,3350.4425034715177,16,Antihistamine,B,0
20.543539393136246,2384.3338506664513,27,Antihistamine,C,0
70.71887571848832,3907.065317957473,15,Painkiller,D,0
69.05788950150234,3222.8080544045806,17,Vitamin,B,0
98.09576749903646,350.0212677331767,25,Antibiotic,D,1
98.63206972551603,523.5347527732662,11,Vaccine,A,1
70.2344681137923,237.688873164485,25,Antihistamine,B,1
28.143405238308457,2311.240814721283,15,Antibiotic,B,0
80.86280462240691,4137.974499977876,21,Antibiotic,C,0
15.16776775004862,1599.7616882891928,12,Painkiller,D,0
79.16643389630472,1951.5929063077842,3,Antihistamine,B,0
91.46863179374616,4551.911686421058,29,Antibiotic,C,0
41.36917250300135,4192.6720543174415,20,Vaccine,C,0
64.91035302339264,3341.988156293672,4,Antibiotic,C,0
45.8635595491985,1370.678721356644,5,Vaccine,D,0
46.587680223872205,629.3553393077954,12,Vaccine,D,0
34.485234465271404,129.4911722665629,14,Vaccine,B,1
77.40231394278084,579.7028293918834,19,Antihistamine,D,1
93.936773595818,1498.3523959385168,19,Vaccine,D,1
94.3713316272738,2781.3608147185037,20,Antihistamine,A,0
21.604222063118712,366.8004096243151,13,Antibiotic,D,0
88.10064671737378,724.3275026763226,2,Vaccine,A,0
75.0559869355766,946.3494764243081,25,Vitamin,B,1
29.01955306557748,3178.3113602673657,7,Antibiotic,C,0
11.392038227543882,3098.159504951616,4,Vitamin,A,0
30.459740354015906,2776.290345542157,18,Vitamin,B,0
91.65978249424494,1289.982052244901,4,Painkiller,A,0
65.15197411509837,1887.0424715327235,2,Antihistamine,D,0
73.50019278529783,528.6140958718281,4,Painkiller,B,0
29.429473355364106,1170.9799886023716,5,Antihistamine,C,0
73.34187477960792,4493.640871039273,7,Painkiller,A,0
7.6715430964027576,4899.47414485735,8,Antibiotic,D,0
40.65552784843631,3255.9149489194588,24,Vitamin,B,0
64.54156811152146,4588.275295515929,26,Antibiotic,D,0
18.87917372642542,3231.5724069870544,9,Antihistamine,B,0
83.1853395724588,214.3226062220759,14,Vitamin,A,1
27.32797338713227,4983.974795682725,5,Vitamin,B,0
66.9667057177524,539.8138933483478,7,Antihistamine,A,0
43.49372854465632,3429.0769171530505,12,Antibiotic,B,0
61.62414157037648,1301.5392052202108,2,Vitamin,D,0
15.207802499746272,1990.3065088894527,9,Antibiotic,D,1
6.6067159925526955,3247.3742147646444,23,Antibiotic,A,0
91.40862060112862,2210.61237907315,3,Antibiotic,C,0
30.614850832882365,1290.202991709085,9,Vitamin,A,0
82.86931526414361,1705.5086250477075,21,Vaccine,D,1
99.93827854485902,1740.663178769723,10,Painkiller,B,0
25.08596950989656,4798.653327315657,5,Antihistamine,C,0
30.191220412418783,4003.1344288210826,18,Antibiotic,D,0
67.97167982529325,2319.8164188230303,8,Vitamin,C,0
96.71762028705902,1039.1135556897525,11,Antihistamine,A,1
92.00236307812067,4064.529745800147,6,Vaccine,D,0
52.77317440623057,828.0532344614488,11,Vaccine,A,0
80.53547684003884,1091.787974852917,28,Vitamin,D,1
17.8958560444906,1861.7662896087481,13,Antibiotic,D,0
97.85662749938116,4407.723569467351,22,Vaccine,A,0
96.61355723341872,702.3440097388458,21,Vaccine,D,1
20.55425099852124,655.0592546299041,7,Vaccine,C,0
33.44519685629513,2495.1761921110665,2,Vitamin,C,0
14.514724763142858,1418.2321784136898,4,Antihistamine,A,0
30.813171895327073,2865.2033111583914,28,Painkiller,B,0
82.51579999444463,2285.601589181956,29,Vitamin,C,1
40.93998268069965,2203.0475764385233,8,Antibiotic,D,0
13.397711878942046,604.2662039106168,12,Vitamin,A,0
37.51142485399593,748.1959667367088,25,Vitamin,B,1
98.2314167529216,4114.338958361908,13,Painkiller,A,0
64.81994154962428,4435.119550980135,10,Painkiller,C,0
44.535289908584986,1211.6834877819886,2,Painkiller,D,0
20.82115878224065,611.6294825476068,5,Antihistamine,C,0
98.686795741951,314.4125260758275,3,Vitamin,A,0
82.98065587999723,3061.0731880223893,3,Antibiotic,D,0
31.740343732837342,3590.9984018760174,18,Painkiller,B,0
11.656526093512998,1895.4094465558674,22,Painkiller,C,0
10.379427950868013,3414.395544078666,3,Vitamin,A,0
16.435924203025714,3579.1461370196544,5,Antibiotic,D,1
60.173015443370055,4679.944292914682,26,Painkiller,A,0
93.23252501452177,371.1245072837809,12,Vitamin,B,1
52.19062566056853,1001.844029993845,20,Vaccine,B,1
85.07982083333873,389.20363860509127,25,Antihistamine,C,1
47.35922888668174,4346.5699700137475,27,Vitamin,B,0
72.3154368479434,3973.3064421661643,14,Painkiller,B,0
74.52791004221758,2894.4782495781033,23,Antibiotic,C,1
21.52655206081717,464.13387975335667,27,Vaccine,A,1
39.31552560270212,1402.8961753359122,22,Antibiotic,C,0
65.54370487111227,1523.7132478896588,19,Antibiotic,C,0
11.716177777514787,2825.6788202763146,28,Antibiotic,D,0
39.346317837480875,1327.3172754817415,20,Vitamin,B,0
55.80594929671329,411.1513263691264,25,Vitamin,B,1
99.64132683924068,3667.273394173832,16,Antihistamine,A,0
50.08068844913187,1530.447047694286,29,Vaccine,B,0
82.52539192586075,2289.252176265338,13,Antibiotic,A,0
46.04639208132868,681.9498431624115,26,Painkiller,D,1
80.65711864887234,4022.614101803169,12,Antibiotic,A,0
61.5644061539103,2849.382790774085,28,Vaccine,A,0
89.22656694272784,4512.848849738821,24,Antibiotic,D,0
44.03954247326044,2502.5842371734,2,Vitamin,C,0
62.40891988304049,4710.057075498505,17,Vitamin,D,0
64.8517746587886,4464.747611687563,29,Vaccine,B,0
44.65137947104496,2903.476289473208,29,Antihistamine,B,0
18.709644150310744,4672.7725188418235,14,Antibiotic,D,0
13.888143656671877,1649.289299108034,7,Vaccine,A,0
6.5837973069651445,1859.9287053858461,24,Painkiller,D,0
87.98575510329539,275.1158589648828,29,Painkiller,B,1
27.46511666267598,2966.5444884810727,7,Antihistamine,D,0
25.093141181767965,3623.5236511482203,11,Vitamin,A,0
74.92336304047622,3878.9199916984107,28,Vaccine,B,0
35.40153074330222,791.5906159282114,3,Antibiotic,C,0
53.074245779124475,2248.5874079468763,26,Vaccine,D,0
20.43855120325835,925.4728998648825,4,Antihistamine,D,0
96.17584353888708,3327.5303768285316,7,Vaccine,D,0
85.90023300163755,831.8345434877522,17,Antihistamine,D,1
87.06001418167531,4525.610235582571,7,Antihistamine,B,0
43.6435061143405,1191.641496023996,25,Antihistamine,A,0
77.42431530218141,1492.441218126812,14,Vaccine,C,0
18.668234762029115,4261.986294647449,5,Painkiller,D,1
5.818805246219126,2319.414670221333,16,Antibiotic,B,0
6.897428594912672,168.7799317103615,7,Antihistamine,D,1
60.72716505343324,2498.2019434530966,2,Vitamin,C,0
48.26251599855438,468.48951013160905,10,Antihistamine,D,1
54.211458146309376,4927.4563575021875,13,Vaccine,A,0
5.708998339635843,2961.152273755232,26,Antihistamine,D,0
45.15522886745544,1319.8364571743434,24,Vitamin,D,0
73.21647531408178,2840.4025137607077,12,Painkiller,D,0
47.0559016869064,430.4921617396865,14,Vaccine,A,1
74.56082459966112,4009.4619561306445,2,Vaccine,B,0
27.136801617699305,4630.37386662761,20,Vaccine,A,0
82.24849042576392,4378.49972162049,29,Vitamin,B,0
60.90096784307797,1741.7001313778858,22,Vaccine,A,0
25.02249444584109,1662.552192234674,5,Painkiller,A,0
27.48844520611413,223.68367552068497,6,Antibiotic,D,0
64.66289413410601,3274.431775569538,24,Antibiotic,A,0
83.84426135518213,2697.778681739485,26,Antihistamine,B,0
44.48463929276974,2323.7645380703398,18,Antibiotic,B,0
29.538540767121262,4542.7732190068,6,Vitamin,B,0
87.36610265650704,881.0005603600893,20,Antibiotic,B,1
68.58048771632932,97.84802011640255,4,Vitamin,A,1
47.56812129189227,412.9164379977889,12,Vitamin,D,1
51.350518551533675,1155.688617245476,3,Antihistamine,C,0
24.40436445395766,214.7634688541119,23,Antibiotic,B,1
64.54624985616017,2539.076367683521,15,Antihistamine,A,0
39.08053850157442,1604.7477534062114,7,Vaccine,D,0
99.58629178406318,943.3908899372567,20,Painkiller,A,1
50.61743394987935,3762.9161709958776,2,Antibiotic,B,0
51.15913258801325,1062.0340648510237,8,Vaccine,B,0
58.75591980401383,3453.6452499192765,3,Vaccine,D,0
92.09182029628094,1778.8612839458126,25,Antihistamine,A,1
81.07771948667627,2583.547415279645,20,Antihistamine,B,0
47.85735663079493,4672.6418472640335,2,Painkiller,B,0
73.27643026741562,234.8905923382735,27,Painkiller,C,1
60.69237238417236,2526.3093120134363,10,Painkiller,C,0
51.774869626618646,4279.39365362171,22,Painkiller,B,0
23.2699984145133,2960.472529433225,18,Antihistamine,C,0
49.07394502821464,1420.5090589775252,11,Vitamin,C,0
28.35276576714459,2018.52161896792,28,Antihistamine,B,0
91.9100042359072,3417.314862206444,7,Vitamin,A,0
36.863647282152954,4459.518876853325,27,Antihistamine,A,0
95.46508138067037,253.2785500457274,4,Antihistamine,A,1
55.64025255899757,404.11716835736325,28,Painkiller,D,1
64.99671597423523,1659.0050418674584,21,Vitamin,A,0
56.57934222648614,1202.2594379655209,25,Vaccine,D,1
17.291158611836586,1361.4078868009099,16,Vaccine,D,0
40.70301580575439,1145.2864931981105,22,Vaccine,C,1
14.418880666374273,1019.3339918330307,29,Painkiller,D,0
64.18063419742126,696.5886360029943,23,Vaccine,D,1
47.4530485440417,4673.072952386428,27,Antihistamine,D,0
78.908572299239,763.7378463354577,21,Painkiller,D,1
25.944695694940133,1061.798685089404,7,Vaccine,C,0
20.633775550786815,1269.0153337048894,4,Painkiller,B,0
43.60156194155794,4668.423621995582,11,Antihistamine,D,0
93.0256114057462,3790.7849613253693,13,Painkiller,B,0
72.49007242617911,3959.0121800617976,2,Vaccine,A,0
44.797744355327275,568.5533847155654,23,Painkiller,A,1
54.1408561266595,4189.733881327575,17,Antibiotic,B,0
13.000236061824342,2070.555754996219,18,Vaccine,B,0
98.53471015573075,1350.9739797513241,11,Antihistamine,A,0
68.3086939460173,2899.962913425537,13,Vitamin,C,0
32.11338650402514,4119.805383792833,20,Painkiller,C,0
60.651797450448214,3904.3281478208014,29,Painkiller,D,0
15.400824776554428,4455.487538776604,9,Vaccine,C,0
96.75448353672044,4644.2543207764475,24,Vaccine,C,0
21.604573848919763,1228.7042535673602,9,Antibiotic,D,0
66.56288021524534,2148.0965761378948,11,Antihistamine,D,0
28.318173941198392,122.41126906509656,11,Painkiller,C,1
73.1683313516109,4402.642213362047,19,Painkiller,B,0
78.7980298878267,815.1321498000993,11,Vitamin,D,1
68.9748742465861,4314.300321096337,8,Painkiller,B,0
63.377448724243294,1680.467243833652,5,Painkiller,A,0
89.7845639254411,1872.2612704066341,2,Antibiotic,D,0
12.469537544027014,243.7046596951039,12,Vitamin,B,0
36.436902749118545,1668.050009338332,20,Painkiller,D,0
28.587310564930366,4447.400229866257,6,Painkiller,D,0
98.86132639621505,176.4596355519405,27,Antihistamine,D,1
41.992029068352984,2061.3209915812904,9,Painkiller,D,0
74.59820642783788,205.42816757306863,3,Antibiotic,B,1
70.04889056869544,1886.0709542898715,3,Painkiller,B,0
25.147717560350884,904.5711718624414,25,Painkiller,B,0
27.704779620097376,1298.4810466784415,15,Vaccine,A,0
31.72203353753824,4394.111947149024,10,Painkiller,D,0
44.05709143464102,2208.4436420783604,11,Vitamin,D,0
27.260881236800046,1405.3000574394653,14,Vaccine,B,0
6.866890860950541,2967.2249708552113,2,Vitamin,B,0
88.54234039668357,753.4294511712827,15,Vitamin,D,1
96.73293398118399,1333.9884567332365,3,Antibiotic,D,0
37.44918676799895,2753.927439634298,5,Painkiller,A,0
37.15815354541992,1225.7390571479407,29,Vitamin,D,0
5.673722213565243,3411.6823001343228,20,Painkiller,B,0
69.62381539138553,2482.8819461846365,2,Painkiller,A,0
83.41679009611973,3871.3458977607197,5,Antibiotic,C,1
18.9277885342003,4743.81045182622,12,Antibiotic,C,0
20.16830318987932,623.2342022696683,14,Vitamin,D,0
80.05790874728659,1706.591799423497,28,Vitamin,B,1
63.54762109364374,1631.7678612481125,19,Vaccine,D,0
9.261752974633115,798.3554507194085,11,Painkiller,B,0
64.14196409391676,4061.0005298006804,6,Painkiller,B,0
34.347183670157776,3811.3995849920107,2,Antibiotic,B,0
40.02888976973036,2447.906080630275,15,Antibiotic,C,0
78.12448473820362,2711.9653500833174,17,Vitamin,D,0
82.038843303898,344.74348311235644,25,Vaccine,D,1
43.03387954978391,2799.7613940188758,27,Vaccine,C,0
94.9795289206037,3967.1405438972,19,Antibiotic,B,0
43.61395820544686,2890.446489240093,28,Antibiotic,A,0
78.32442334686044,1363.2665320960737,4,Vaccine,A,0
50.96834013360461,3354.363948054969,4,Vaccine,C,0
90.26557101959799,1839.367728327976,5,Vitamin,A,0
91.23731814676697,2747.1227572143894,8,Vaccine,B,0
13.304596747752967,2463.4485482306777,14,Painkiller,B,0
93.96686647447144,1936.8162547776415,10,Vaccine,D,0
83.4258099444395,3608.4460029509687,4,Antihistamine,B,0
80.17451785970336,4425.186754330115,18,Vaccine,B,0
24.086577270124632,75.80196646077847,16,Antibiotic,B,1
81.48632483169317,4671.401770190318,28,Antibiotic,A,0
85.76260979507849,2581.9999236119634,11,Antihistamine,A,0
32.46928177314434,3518.6228077981627,16,Painkiller,C,0
95.46470744442075,4285.341602570592,2,Vaccine,C,0
9.736713907920603,2362.1632769556363,29,Vaccine,A,0
19.241379058478266,4183.1216631562065,28,Antihistamine,D,0
56.07020811489386,929.218106303251,23,Vitamin,D,1
59.70028475661942,837.8792956750816,22,Vitamin,A,1
66.28925791358583,3304.48327583796,11,Painkiller,C,0
6.612067284969314,4357.207877481099,8,Vaccine,D,0
96.23484358910238,4467.509578803395,8,Vaccine,B,0
9.235868809743678,3236.5152689673705,4,Vaccine,D,0
18.590885508723225,2651.1716895361214,8,Antibiotic,D,0
6.331379164975413,1690.3957840977553,10,Vitamin,D,0
58.851551162938996,4901.00205721669,9,Antihistamine,C,0
93.56535397249236,1632.4936489979398,4,Antibiotic,C,0
68.2649807776441,3733.7212307963864,27,Antibiotic,A,0
83.15245950564059,2683.3099095297534,6,Vitamin,D,0
6.261714328565108,3062.136095500466,14,Vaccine,C,0
56.491453355573974,1997.7287254136995,14,Painkiller,C,0
48.65848286302458,4825.874471087626,9,Antihistamine,A,0
52.40195470097534,2879.827514191392,19,Vitamin,B,0
11.860252606842856,4692.048770771011,8,Painkiller,B,0
70.02135930158421,87.57751006087491,28,Vitamin,D,1
52.80593941157027,2884.7193867960486,11,Vitamin,B,0
77.68914073682008,3600.0751041400936,11,Vitamin,A,0
51.10261023586296,3738.146847252979,24,Vitamin,C,0
19.191255441511046,4529.635564819323,12,Vaccine,B,0
66.58441063739309,71.78796456874207,13,Antibiotic,D,1
21.376704399990793,51.63428833440836,14,Vitamin,D,1
87.87748351870742,2387.704130936316,9,Painkiller,C,0
63.24604271157794,195.00383977658473,18,Painkiller,D,1
19.934368937910655,4873.936140628754,25,Painkiller,A,0
96.42211546071465,1149.2226139798902,15,Antibiotic,B,1
54.24471901685546,2389.6904103559814,18,Antibiotic,D,0
11.925352927807225,352.63126856050684,20,Painkiller,B,0
64.54912591943139,2634.1396600477296,17,Vaccine,C,0
29.053896166216973,1930.782819479672,10,Antibiotic,B,0
81.35087792834373,271.0671429422576,21,Antibiotic,A,1
82.69309698878811,1708.8651201463124,11,Vaccine,C,0
97.99999880619288,1987.6083001031352,10,Vitamin,D,0
52.67760544732785,4950.111381810953,2,Antibiotic,C,0
48.22090357413503,1079.0350660009085,25,Painkiller,B,1
76.58018251741566,2746.6590960819935,4,Painkiller,B,0
17.584712352483024,4937.211968533212,12,Vaccine,B,0
56.956973810346796,3970.4950793036687,8,Painkiller,B,0
56.893522012430836,4967.16912936634,19,Antihistamine,C,0
13.499946666986785,4843.076657567838,14,Painkiller,C,0
44.70848812315679,2473.2207333660635,24,Vaccine,B,0
86.06205586388418,3497.0604568593008,24,Vaccine,D,0
86.33459408949273,596.6934783586979,26,Vaccine,C,1
14.427578167369695,2233.6866839816694,19,Antihistamine,A,0
13.61848386104393,4054.641784220152,17,Antibiotic,C,0
29.956070315183855,2551.4098388368598,25,Vitamin,A,0
88.10277594262938,3528.3602124452977,17,Painkiller,D,1
17.245745581982398,3741.469083422171,22,Antibiotic,A,0
73.39969624960739,1304.6722491523246,11,Vaccine,A,0
14.610733863244805,4384.711896065699,10,Antibiotic,D,0
64.19809610604341,2326.121033000436,9,Antibiotic,B,0
38.82639341631876,1090.4162629266416,20,Antihistamine,C,0
79.94682648175737,4333.808614852796,4,Vaccine,D,0
27.200592638409542,2118.2030902259557,28,Vaccine,A,0
65.72417379204619,3764.0465699796127,29,Painkiller,B,0
27.38984078470907,2762.7637074968848,27,Painkiller,C,0
72.7977268956546,1940.2651735607772,25,Painkiller,D,1
87.99941328327114,4058.888254440918,10,Painkiller,C,0
17.046170917042204,2943.1261616408347,3,Antibiotic,B,0
87.32659041657283,1983.282407013807,20,Antibiotic,C,0
61.3896491693583,592.5094581588787,9,Painkiller,B,0
17.075496632367276,4482.454303145204,19,Painkiller,D,0
45.61647625917264,225.57444744124945,9,Painkiller,B,1
20.2817278810843,4322.777374421878,6,Vitamin,D,0
71.5330494423241,1831.8095481716196,7,Painkiller,B,0
77.09247276970521,3214.726879331959,11,Vitamin,C,0
15.0506694259159,4614.888632986642,16,Painkiller,B,0
53.08328600599121,800.9477467442971,29,Vaccine,B,1
82.38938032246213,2856.4048544121106,5,Antihistamine,C,0
93.93548894734467,3833.942668732451,4,Antibiotic,A,0
53.784197340468154,3800.0399719593343,25,Vaccine,B,0
95.27652624308367,2651.877977267545,10,Antihistamine,D,0
55.89045219332283,3142.4603265369674,17,Vitamin,B,0
42.44809698699125,3799.75862095758,17,Antibiotic,A,0
85.57929721252508,4213.086806899189,16,Vitamin,D,0
51.83335749351846,3820.9748295355257,25,Vitamin,C,0
49.83073850362969,1802.324468747151,10,Antibiotic,C,1
51.579686493933686,4983.795685235779,18,Antihistamine,C,0
85.44457517762581,2200.7883339105565,22,Antibiotic,D,0
84.03444646036495,171.10027865672043,13,Painkiller,B,1
43.33439928182006,1844.953910348037,24,Vitamin,D,0
36.66348668769987,682.5256251405241,9,Painkiller,D,1
51.733162283717284,651.1409478554563,15,Antibiotic,A,1
59.41338842502536,1443.598448529127,28,Antibiotic,D,1
27.64203500965971,314.20869617744114,19,Antihistamine,C,1
80.42573304798111,3458.1353326273374,13,Vitamin,D,0
51.21586274458017,416.24497679943016,28,Vaccine,A,1
36.73432709989616,1056.2832994079831,15,Antibiotic,D,0
15.147994331579108,509.85358674589094,21,Vaccine,D,1
27.69029023834266,362.6802679700038,24,Vitamin,C,1
95.18171131681845,1375.3707444207312,6,Painkiller,D,0
33.98447024785503,2880.8998899188314,2,Vitamin,B,0
21.041632489868356,4825.193504411866,14,Antihistamine,C,0
48.76391520722435,4384.005439030551,15,Vaccine,A,0
34.17333561922362,4385.872930954358,3,Vaccine,A,0
8.340128775763445,921.5318283864052,17,Painkiller,A,0
35.698795641544635,1361.2906078142096,6,Painkiller,D,0
56.69031927424952,428.1469181367632,23,Antibiotic,B,1
57.41267534189686,3903.418282580166,2,Vitamin,C,1
38.873097511804424,395.59069235353167,13,Antihistamine,B,1
47.49376184399706,2805.6435705632234,20,Antibiotic,B,0
96.72420223230282,1276.9840830035562,23,Vitamin,A,1
40.848105336879605,1255.0558884422865,23,Painkiller,A,0
29.53154725969838,4954.089023475645,24,Antihistamine,B,0
28.12936918634221,3796.0600445437603,11,Painkiller,B,0
48.48763820689275,4192.849823540698,13,Painkiller,C,0
77.15441412810969,2881.3142924528624,20,Vaccine,A,0
24.568877497904953,4361.520722599059,17,Vitamin,A,0
72.38313207837297,3245.178168873447,18,Antibiotic,D,1
7.009233218194547,4733.5598387419095,14,Vaccine,A,0
44.79863290847487,1442.626000925902,8,Vitamin,C,0
78.70718119426475,2996.8317516253305,29,Vitamin,D,1
37.17963079857098,3466.150172287616,28,Vitamin,C,0
58.55502463731295,1995.039659887643,4,Antihistamine,A,0
24.473027118461527,4404.554512900064,6,Vaccine,A,0
75.48956215698637,4900.025657365564,5,Antibiotic,B,0
9.966514810532164,2494.158982294675,29,Vaccine,B,0
85.99155126317254,1983.6712412814784,16,Painkiller,C,0
23.828656710058475,2386.0927463544704,18,Vitamin,D,0
88.06781301229142,4271.046891373061,13,Painkiller,A,0
38.490277923549144,3245.06870631493,24,Vaccine,B,0
73.65493957507623,271.62324396457063,15,Antibiotic,B,1
35.3264032896879,2733.7410567062884,5,Painkiller,A,0
91.06160876729152,135.63560756780058,18,Painkiller,A,1
17.030526924245564,3903.750086466857,12,Antihistamine,D,0
21.959379980896877,1675.1457540351955,7,Vaccine,B,0
51.83786189008622,2386.43703648078,5,Painkiller,D,0
12.784151708623881,4003.456624242778,14,Vaccine,D,0
23.618117546667385,279.92164556451974,21,Antibiotic,A,1
94.65780631014137,834.7806011784717,16,Painkiller,D,1
97.76651780904928,2019.9038634033184,19,Antibiotic,A,0
40.74463628639008,1188.1295595505248,18,Painkiller,C,0
92.71217199632389,1722.6120575865623,20,Vitamin,D,1
56.75834418897602,4990.964952567702,11,Antihistamine,B,0
30.625534258007868,4135.801465990363,6,Antihistamine,B,0
71.72787850265686,4425.313984052537,13,Antihistamine,C,0
67.59567162461144,4688.420436150588,26,Antibiotic,C,0
98.96690531532967,1737.6326075552684,16,Vaccine,D,0
30.17949230388191,1520.53094109254,24,Antihistamine,B,0
68.84565275286486,1208.6093382317708,5,Painkiller,B,0
9.942256727797455,4159.078710975207,9,Painkiller,A,0
15.796373676188344,3413.7817183116654,29,Vitamin,A,0
5.37224562035386,1219.0513132902427,21,Antibiotic,B,0
99.94876470066895,1916.1194545917517,23,Painkiller,A,1
81.21600122901039,2558.2232314673515,29,Painkiller,A,0
79.73868639968637,2664.2932835050806,18,Vitamin,A,0
53.42397715237707,4449.202256330987,7,Vitamin,C,0
33.5063728760168,1933.8023580887207,17,Vaccine,B,0
19.370107023954212,4547.193950977536,27,Vaccine,B,0
32.04410019041405,2234.7694235829586,6,Vaccine,B,0
40.717266083268214,3744.544740222151,15,Painkiller,A,0
76.84945921312793,4654.758883926027,3,Vitamin,D,0
56.26786994579948,4542.499734618168,18,Antibiotic,D,0
12.360944522770854,331.91669311362176,7,Vaccine,A,0
6.712755851096663,1068.2362601340205,12,Antihistamine,C,0
14.721557055736,2410.681856384762,3,Painkiller,C,0
43.997377801251034,2186.193735267881,26,Antibiotic,B,0
93.65332711965674,3222.413740944175,26,Painkiller,D,1
65.55323571487605,4726.30980158579,2,Vaccine,C,0
81.17346048817393,606.4033208258467,6,Painkiller,D,0
49.30558647793211,2286.70039241449,9,Vaccine,D,0
39.358277903529064,1002.4346375413396,5,Painkiller,C,0
15.298035408079159,4475.83261206984,20,Vaccine,A,0
88.21363710768946,4824.671919718182,6,Vitamin,B,0
79.40020275765077,2419.573325357233,6,Vitamin,B,0
20.971219271783887,564.8509737542967,25,Vitamin,C,0
53.66475356824475,3937.2086002772326,17,Vitamin,A,0
51.30060675251826,3500.849684937375,23,Vitamin,C,0
64.38369750522023,1805.6205917210368,19,Antihistamine,C,1
94.88775492916982,4442.6669961463695,12,Painkiller,D,1
60.07828696743557,4880.3678544244,18,Vitamin,D,1
56.32064034396877,2811.3765531944673,4,Antihistamine,B,0
9.780678628793074,2850.353161154247,19,Antihistamine,D,0
10.976210221712273,1522.6918503132003,5,Painkiller,D,0
22.797945176044944,2943.304878117405,20,Painkiller,A,0
8.084723310716086,2226.22948659799,10,Vaccine,C,0
75.61852507915118,1545.8455832938569,6,Vaccine,C,0
73.7163788794265,382.5667227933115,5,Vitamin,A,0
17.92534227100608,1300.9039055601684,17,Antibiotic,D,0
84.42749557555169,1029.3805159044389,11,Vaccine,D,0
19.704673310380638,2733.1078235420473,10,Antibiotic,C,0
33.61168076474908,3028.2666077297895,17,Vaccine,B,0
28.652805420329674,3062.4300353147814,21,Antihistamine,C,0
40.36917436443954,1971.4959551761115,23,Antihistamine,B,0
29.193057759546377,2135.0871817432053,27,Antihistamine,D,0
51.450338011652946,4179.480226721168,18,Antibiotic,B,0
43.70374872869512,2407.352426909954,19,Vitamin,B,0
98.72410162403602,4939.477994078756,16,Vaccine,B,0
10.31300326218144,2226.105288543881,21,Vaccine,B,0
18.507230756798403,3265.425675858303,10,Antibiotic,B,0
10.018459921317236,299.29684501730924,7,Antihistamine,C,0
64.4549135233257,3284.032625873114,7,Vitamin,A,0
10.17838135430336,4264.56065235428,12,Vaccine,D,0
84.46177505073172,4715.1663007398165,26,Vitamin,C,0
53.63416991478314,4986.737027616864,29,Vitamin,A,0
55.065724335245704,1446.784295963704,21,Painkiller,C,0
58.35147823265845,2898.0818208872984,4,Vitamin,A,0
21.227302099090018,2281.0540283841297,24,Painkiller,C,0
23.780578795876316,2840.8965288470963,13,Antibiotic,D,1
35.28764567293544,829.3921380897409,16,Antihistamine,D,0
61.38215950307588,4287.94038434991,8,Painkiller,B,0
24.96118871432038,4552.366269555709,26,Vitamin,A,0
16.051514077659817,2275.8252324089667,23,Antihistamine,C,0
97.16110420975106,1438.1278147892053,19,Vitamin,B,1
7.088272406914177,747.125466882411,23,Vitamin,C,0
81.25625350692205,3434.635882650132,16,Painkiller,D,1
79.8633392096271,1595.5476061226393,9,Antibiotic,D,0
33.23534081528412,4552.215921071273,23,Vitamin,A,0
17.884528520694772,3371.5117504821064,10,Painkiller,C,0
18.834721437015226,3246.1423596124914,16,Vitamin,C,1
71.25600363753328,2819.0404736962923,17,Antihistamine,B,0
66.06662615318649,276.59288017219177,21,Antibiotic,D,1
79.36083905388175,4663.016056643655,4,Vitamin,B,0
94.06071137791494,3158.290591832327,28,Antibiotic,B,0
70.73309951032624,4970.606817746397,6,Antibiotic,A,0
19.805895972387127,2709.914203625791,4,Antihistamine,B,0
28.127048592714015,3565.048914935755,28,Antihistamine,A,0
85.00840443294588,328.23731143779975,29,Vaccine,D,1
24.884077204249813,3177.094075275884,3,Antibiotic,B,0
11.889620110675734,3835.0155773722686,3,Vitamin,B,0
71.81160513401379,3903.6457595201587,5,Antihistamine,B,0
43.240003771563494,3862.052678539913,4,Vitamin,B,0
92.40380499186084,1170.099005103655,10,Antibiotic,D,0
66.77423175389785,4878.222464145868,24,Antihistamine,A,0
13.589802890207771,4976.151497093447,23,Vaccine,D,0
95.04637388909777,424.1995820499263,27,Antibiotic,A,1
29.56294004582336,4685.409792918199,13,Vitamin,A,0
37.03518658859715,1482.7735118066282,25,Vaccine,B,0
43.2147392999365,3461.956204667276,10,Antibiotic,B,0
9.866308158409758,1723.6490576438541,20,Antihistamine,B,0
52.16896511190746,4840.383900696951,13,Antibiotic,A,0
16.715256652152764,552.4440986025006,17,Painkiller,C,0
43.092181035393416,2513.846743934061,27,Vitamin,C,0
38.31742985924801,2168.8365701132693,24,Antihistamine,C,0
78.41980792551782,1663.8160887760253,26,Antihistamine,D,1
81.30119860510946,3245.393254856736,2,Painkiller,A,0
19.57422382696336,698.725929937254,11,Vaccine,C,0
39.822362801026486,3597.4789697618,26,Antihistamine,A,0
40.46855029802401,4903.931012833697,24,Vaccine,A,0
19.38399217392808,4032.565636619719,11,Vaccine,D,0
80.8530829798631,4307.08292690225,5,Vaccine,B,0
72.18669119186521,1830.2018787360626,12,Antibiotic,B,0
23.0862696982183,1658.1887020820325,29,Painkiller,D,0
39.83858131641091,2609.3893557161596,23,Vitamin,D,0
15.051477361368852,276.3467430732498,12,Painkiller,A,0
64.67962672383918,4729.522765559836,12,Antihistamine,C,0
16.53033283211887,761.7366064301514,23,Painkiller,A,0
98.6637460193672,4519.914543882057,7,Vitamin,A,0
79.16479709534693,463.73199890176073,16,Antibiotic,C,1
42.07266221047953,4121.993392008872,3,Antihistamine,B,0
59.96357356653867,802.2145030971649,22,Antibiotic,A,1
91.57747254055883,238.75148975278987,24,Antihistamine,B,1
57.63943163760348,3611.472778784073,23,Vitamin,B,0
21.577356207805742,1437.31323586342,4,Antibiotic,B,0
40.97681878021013,3586.75595628253,28,Vitamin,A,0
85.09876217782582,2797.6719898404576,29,Vitamin,C,0
66.2002365190137,588.5965816388247,6,Painkiller,C,0
66.81881651171102,4664.04386284076,25,Antihistamine,B,0
87.34804114040647,2288.955165079214,12,Vaccine,B,0
89.92744045893794,3685.5140251035054,22,Vaccine,C,0
92.38029431904644,2530.0518314773444,13,Antibiotic,D,0
14.01067335904983,3041.5893010579634,27,Vitamin,D,0
56.691970186494586,1548.7292821656276,4,Painkiller,B,0
75.34840451574027,1041.783504817079,10,Antihistamine,C,0
76.90805028706632,2735.722506869936,28,Antibiotic,D,0
62.63803918715037,2229.08391620646,4,Vitamin,C,0
20.844796842449046,1981.0604064979689,3,Vaccine,A,0
80.75495262445811,3379.207615718384,7,Vaccine,B,0
73.41057668391984,3468.0078284551228,25,Antihistamine,D,0
13.182898297158447,277.30427765175205,7,Antihistamine,B,0
49.06193334406574,1726.7852465061771,18,Antihistamine,A,0
21.52785295457134,2088.234523620568,9,Antibiotic,C,0
37.06031934273233,529.616197762632,2,Antihistamine,B,0
6.717703759540116,1217.7092901565275,26,Antibiotic,D,0
43.03133749902203,305.62689625264534,9,Painkiller,A,1
57.23830750983999,4981.398388154252,23,Vitamin,D,0
63.86034631857325,3695.95815470073,16,Vaccine,C,0
68.03158278722745,482.87827468863065,19,Antibiotic,D,1
84.4476747447337,150.23442996095596,14,Vitamin,D,1
25.468976191194354,3610.474610753787,26,Antihistamine,D,0
16.445773131654455,2224.0012201292016,9,Vaccine,A,0
85.89603133030293,3944.643709869651,21,Antibiotic,D,0
19.87821741480174,4621.206387200999,19,Antihistamine,D,0
97.60220772693856,3016.5369256310437,14,Vitamin,A,0
85.04113179287052,976.1866934404026,15,Painkiller,A,1
52.58327755951192,3921.86047842994,16,Vitamin,A,0
98.2350353675924,4781.268128713154,7,Antibiotic,C,0
14.2507892652604,2922.1448709467822,2,Painkiller,A,0
33.791247311634656,3425.887364039631,8,Painkiller,C,0
65.63131942885809,1720.4997404315316,2,Antihistamine,A,0
38.25065250495198,1938.5620885685405,16,Vitamin,A,0
93.19539243817522,3686.5397643726665,7,Antibiotic,B,0
11.234478376892667,4642.466937113755,6,Painkiller,B,0
57.19412404579163,3163.4925167605434,13,Antihistamine,B,0
61.132295402535874,3959.74714700247,27,Painkiller,B,0
67.00917175883629,899.5933362060964,4,Vitamin,A,0
29.28829121652237,1099.197496776969,23,Vaccine,A,0
39.63381061438712,2683.5716998252806,21,Antibiotic,C,1
85.14965031817287,923.9432516020606,15,Vaccine,A,1
23.519563052165182,3193.225597593572,29,Vitamin,C,0
83.55244548146939,1493.6832677037598,7,Vaccine,D,0
58.45226517576053,3968.086462401115,5,Vitamin,D,0
77.4078135634378,4050.146215741,16,Vitamin,A,0
72.79269979502979,2345.747905988998,18,Antihistamine,D,0
24.713592061563507,945.0126434362946,6,Vaccine,A,0
59.037209961217926,3251.5360573555663,25,Painkiller,C,0
87.43369951648377,4964.295740404753,7,Vitamin,B,0
46.051042496183285,3131.82494481549,11,Vaccine,D,0
96.82612317121509,227.08471903433886,10,Painkiller,A,1
47.960434509663216,135.60518004705878,5,Antibiotic,B,1
18.564635483449045,1635.7917539369157,27,Painkiller,C,0
41.99629460737896,1019.1298439590041,10,Vaccine,A,0
95.41172860710103,4074.6034753593754,9,Vaccine,D,0
35.37348068728615,4231.788051828203,4,Painkiller,C,1
87.46932518737097,1330.162917986857,23,Painkiller,A,1
88.71881475977953,1661.9416459019687,21,Vitamin,D,1
38.2677198115363,1219.4224901898176,2,Vaccine,C,0
12.909477514810051,4546.493609487757,26,Vitamin,C,0
73.83300137008773,2538.114206380297,21,Vitamin,B,0
34.593668406328675,3297.8783682059984,28,Antibiotic,B,0
79.37774335446937,2106.6363291630364,6,Vaccine,B,0
47.05221058474115,3173.520257847429,4,Vitamin,A,0
51.10034052254905,1959.9841147725936,5,Antibiotic,C,1
78.901393641111,1731.408266759666,26,Vitamin,B,1
41.32451645085465,3190.676362208727,24,Vitamin,D,0
47.09709780567688,2975.7572863424966,25,Vaccine,A,0
40.7380945331141,1502.9633731313506,20,Painkiller,B,0
39.8973489513416,789.2748290813934,16,Painkiller,A,0
54.964924805638645,1874.4546344987812,20,Vaccine,C,0
81.83594722760932,2105.2283137524505,17,Painkiller,D,0
39.367989632643756,3161.987450451794,24,Antihistamine,C,0
54.804198451084986,4576.9173800024755,9,Painkiller,D,0
68.71909591704707,229.11474778797944,15,Vitamin,C,1
30.596747398847228,1256.1220120821324,6,Vitamin,A,0
31.364666465727293,1008.8939142838237,2,Antibiotic,C,1
93.67424706722821,2536.357323034229,20,Vaccine,D,0
73.73578446645342,2177.018994863641,6,Antibiotic,A,0
59.83273424121435,3658.7362379099327,4,Vitamin,A,0
66.53340516995814,1249.958767097076,18,Vitamin,D,0
7.783447094824744,2992.766910461305,8,Antibiotic,D,0
63.7197817283612,4425.093454819798,18,Antihistamine,A,0
53.403342956299184,4557.854812595609,27,Painkiller,D,0
56.84621957904639,4795.983793388904,14,Antihistamine,C,0
39.14526354892762,3877.6427027959435,23,Antihistamine,C,0
12.740020282729478,4534.640135981629,23,Antihistamine,C,0
23.36722719314496,1210.9278163271074,15,Antihistamine,A,0
95.32074775520381,1028.025674534861,24,Painkiller,C,1
43.82645841573873,82.11601471360595,13,Vaccine,A,1
49.334899803932096,3548.879569274037,12,Antibiotic,D,0
10.007430036076705,4690.462579678035,2,Antihistamine,C,0
8.568791806678156,975.3299579562982,28,Antihistamine,A,0
73.13223746944198,3202.8706983630505,4,Antibiotic,B,0
56.11899309150557,3744.975808147799,13,Antibiotic,C,0
53.32706850054534,4641.69046398288,10,Vaccine,C,0
28.096830390153524,3251.9581088852474,3,Vitamin,A,0
75.75131950484261,4852.953977106324,15,Vaccine,A,0
20.98247501530673,1756.1320480121115,6,Vitamin,D,0
23.043800647796903,1782.1462421684678,4,Painkiller,A,0
48.76765627808617,2737.911924571011,13,Vaccine,D,1
32.19658690063439,1948.33431152374,13,Painkiller,B,0
28.508983217148906,57.05735502328649,22,Antibiotic,D,1
66.29757623256651,3672.271524180587,8,Vaccine,C,0
66.84231579576172,3770.9993553184927,2,Antibiotic,A,0
83.32912163099327,3747.524293199514,4,Antihistamine,B,0
44.68231386243271,1757.8522997218097,12,Antibiotic,B,0
11.943083647484272,2635.332892890301,14,Antihistamine,A,0
30.998306567538478,1831.8689149745137,23,Vitamin,C,0
98.10051900369761,129.38018015169655,24,Antihistamine,A,1
61.6445646471067,2834.122259293523,11,Vitamin,A,0
72.42502305609692,662.6152971158547,20,Antihistamine,A,1
5.698993814414381,446.204554252631,5,Antihistamine,D,0
54.22954455733948,3789.7203900490967,23,Painkiller,B,0
8.565222465521297,97.05570196962285,6,Painkiller,B,0
59.076870148687554,4797.091795863194,12,Antibiotic,C,0
92.47323071542716,2600.5140523572554,10,Painkiller,B,0
96.99981739753875,4915.931331995434,14,Vitamin,A,0
56.35250416194779,337.0879837399067,29,Painkiller,B,1
48.52945649896051,2938.4712668862703,18,Antibiotic,C,0
94.77662395360693,1779.1688280807605,16,Vaccine,D,0
68.99293403968603,4225.238339430714,14,Vitamin,D,0
11.1654315561489,1838.0525394097172,22,Vaccine,A,0
49.24392987841227,1339.413516333878,12,Vitamin,A,0
27.82327675410887,4294.887979144571,2,Antibiotic,B,0
49.631410537624745,1904.532803683642,9,Painkiller,B,0
48.26922934060436,133.32493330977928,24,Vaccine,C,1
60.303756267400495,1981.9310491547021,6,Vaccine,A,0
38.89319658317887,3289.8852316041625,23,Painkiller,C,0
20.605692698313163,1309.07971709159,17,Antibiotic,D,0
52.85334628604585,2188.3385825045284,5,Painkiller,B,0
83.8692740128474,330.7399344970163,26,Antihistamine,A,1
68.08116166642222,2961.0593179940884,20,Antihistamine,B,0
37.144947262895506,3793.6598731089493,19,Antihistamine,A,0
93.87468716209143,2095.897178935496,24,Vaccine,D,1
91.6597192686723,2130.1515323672274,3,Vaccine,C,1
24.888097941489384,486.99836799533637,14,Antibiotic,A,0
8.744670586434482,1049.6072793343137,17,Vitamin,B,0
75.4243272933224,815.6427504831677,23,Painkiller,A,1
83.62297482816956,2434.3544548746127,28,Vitamin,C,0
96.94713376537875,2669.814927706213,9,Vaccine,D,0
89.53445743838952,4747.253649857087,20,Painkiller,B,0
62.05080297960941,412.4959461723078,4,Vaccine,D,1
55.354972225176176,3019.3464671174834,20,Antibiotic,D,0
7.644899869945698,2656.1677102747944,18,Painkiller,C,0
28.432362450253894,2605.353834782354,10,Vaccine,A,0
48.66340141462801,4372.138472544991,22,Antihistamine,A,0
64.70787050793894,1067.4154299426582,26,Antihistamine,A,1
57.93892416524901,251.8277079897887,22,Vaccine,A,1
75.5504190197606,3377.743962789253,24,Vitamin,B,0
31.57785843426888,1758.5294474731018,18,Antibiotic,D,0
58.670497726984955,137.07008525199672,26,Antibiotic,A,1
13.373513122125253,1294.3013360875484,2,Vaccine,D,0
44.29822474040466,1581.1675323732188,5,Antibiotic,B,0
76.26527913068709,3103.349965081998,24,Painkiller,B,0
70.87308107575917,904.2996805438969,28,Antibiotic,B,1
99.111060031357,2094.61902236932,16,Antihistamine,D,0
31.39965696883682,2438.2534498682708,13,Vaccine,A,0
52.32798342152802,2323.22508725225,26,Painkiller,D,0
36.30538930852968,4871.00679500057,18,Antibiotic,A,0
46.8572958356216,275.24597706196573,13,Antihistamine,C,1
86.41026233759187,4757.292522939377,17,Vitamin,A,0
69.99986214290622,2930.589209270465,14,Antibiotic,A,0
88.83191317802026,3988.8521891006994,12,Antihistamine,A,0
24.333555291529212,2180.4434591795734,16,Antihistamine,B,0
87.9693061949366,2296.497512222053,17,Antihistamine,C,0
10.67741604694652,4402.6661701283265,7,Antihistamine,A,0
89.41693164152947,4484.875756644916,28,Vitamin,C,0
36.26200904876915,1231.5099630849234,27,Vaccine,D,0
34.88582517433632,1036.24729899386,12,Antihistamine,D,0
53.648414786373074,2506.3641106562577,16,Vaccine,B,0
94.36556783370702,4506.371284282073,6,Vitamin,D,0
9.53922964473351,1645.6577123605728,4,Vitamin,C,0
38.4619426317208,3277.4723459286997,27,Painkiller,C,1
86.3743389249169,3555.3508543159755,3,Painkiller,C,0
42.62517535636934,3904.439591226071,2,Antihistamine,C,0
23.919905271721365,2841.426066708768,16,Vaccine,C,0
45.35544722648412,2042.1531324808996,3,Vitamin,B,0
41.62748764170858,4836.729144554915,29,Antibiotic,A,0
91.96453913933682,3076.087228849121,21,Painkiller,D,0
77.38376569559422,3656.3977975846906,7,Painkiller,C,0
52.985977795680604,1757.6650861945977,13,Antibiotic,D,0
98.89520383854925,3366.2484459652464,22,Vaccine,B,0
49.20136547121271,1326.0984277124232,17,Vaccine,B,0
10.532593927926147,1263.229741766749,15,Vaccine,A,0
29.916060572423564,3587.8748989566607,5,Antihistamine,B,0
46.4266956208347,2630.9039445015287,9,Antihistamine,A,0
19.90574929388141,3432.2192215908294,13,Antibiotic,C,0
95.01868700078408,1383.7205292030537,24,Vitamin,B,1
77.85064529268844,3013.6805382308157,15,Antibiotic,D,0
30.487284040638404,2247.4715660304073,21,Vitamin,B,0
61.126430684202006,3004.9534198853635,27,Antibiotic,B,0
73.53766992540935,1489.854674608886,14,Antihistamine,C,0
94.4214982461458,3591.482270063163,6,Vaccine,A,0
88.75535817166401,4039.350362489354,13,Painkiller,A,0
53.9432614831303,1336.586545595732,11,Antibiotic,B,0
78.59199888033667,1538.0717712854282,22,Antibiotic,D,1
58.40375161362058,3322.71363510951,20,Painkiller,B,0
57.50686955432631,3493.1466128025436,14,Antibiotic,D,0
15.90048604212823,3535.293437767378,10,Vaccine,C,0
16.983077511534447,3429.357598640392,12,Painkiller,C,0
55.305693427133455,1994.398198915067,6,Painkiller,A,0
30.541846773005627,2004.5256882982078,29,Vaccine,D,1
6.99850573374452,1311.347237039688,14,Vaccine,B,0
73.66972437052017,826.3268144869967,11,Painkiller,B,0
8.086226685565672,3478.258028014683,19,Vaccine,B,0
61.551299904885184,511.2844905629485,16,Vaccine,B,1
56.22341044209487,4692.071819594569,21,Vaccine,C,0
97.03739560489143,4142.097203173684,13,Painkiller,D,0
51.000248238025954,4294.653412788418,5,Antibiotic,C,0
11.042136455890748,4538.010632345192,6,Vitamin,D,0
57.41035694161386,2072.5946050800385,9,Painkiller,A,0
84.90413620852964,4241.168580584485,6,Vitamin,D,0
99.7006820067368,832.4034364436642,2,Vaccine,B,0
45.88260150046189,157.1268833107666,19,Vaccine,C,1
35.428380537190534,3935.2124035860584,20,Antibiotic,B,0
91.1320632104399,420.24340758484954,20,Vaccine,D,1
23.16800226223153,4943.197103263312,11,Vitamin,D,0
63.46574692812803,3390.242326527702,23,Painkiller,A,0
43.542870297190035,3779.576065698422,10,Painkiller,D,1
8.902824670777752,1266.7290885754364,27,Antibiotic,D,0
37.99240505904129,3385.633699902456,2,Vitamin,B,0
30.196709637754086,263.9386894120382,23,Vaccine,D,1
70.17865962463125,4197.237313621825,26,Antihistamine,D,0
95.13509728073223,889.6392605062836,21,Antibiotic,C,1
30.464482800970586,3501.922430827164,27,Antibiotic,C,0
82.08926421940977,1161.1784811020052,4,Antihistamine,A,0
10.259182609148905,388.8431886589116,14,Painkiller,A,0
56.12149595378225,2433.3937088195016,7,Painkiller,B,0
11.702256052439985,887.9667408503078,7,Painkiller,B,0
93.73313415741073,3660.7477422164216,19,Antihistamine,C,0
77.80337165295207,1225.95092474825,6,Vaccine,C,0
67.50524156443628,1745.2391533673529,18,Vaccine,C,0
83.2701562543431,2858.824293759141,26,Vitamin,A,0
66.5143805791655,1460.5929740076924,26,Vitamin,A,1
97.04971773155766,1921.0411752393102,4,Painkiller,D,0
72.82600504715329,4087.3277666499143,6,Antihistamine,A,0
92.84256791031345,937.0887553270773,4,Antibiotic,D,0
54.12752974101061,456.8978679355717,24,Vaccine,B,1
16.12111923327695,1675.3710364084454,14,Antihistamine,A,0
55.176883535186626,2150.664996718697,16,Vitamin,B,0
17.052918665993865,2736.16344657601,18,Vaccine,D,0
61.28688052175848,1893.497296066285,16,Vaccine,B,0
50.836840750127976,3960.062916102885,6,Antihistamine,B,0
64.14466279411425,244.63146395894265,23,Vitamin,A,1
5.954463200209002,2187.249314082862,15,Antihistamine,D,0
23.50984670725959,1942.1667775492028,12,Antibiotic,D,0
51.676391031652436,3255.5135294939523,29,Vaccine,C,0
95.29783835096781,4833.06744689211,15,Antihistamine,A,0
41.44285883374005,2576.358262812868,8,Antihistamine,A,0
45.31534247509529,4935.040392361517,4,Antibiotic,D,1
72.89612845562911,1546.1345048203275,24,Antihistamine,A,1
62.36031194218121,202.79725608518203,21,Vaccine,B,1
33.397984259341655,870.0326790082431,11,Painkiller,C,0
44.027557578905636,2005.8681796341082,12,Painkiller,D,0
25.681480891437083,1615.8528504833334,7,Vitamin,A,0
96.77203861736982,530.4179483677194,6,Antibiotic,A,1
17.410266247949174,2191.667533069048,21,Vitamin,B,0
40.32449453380985,1723.6730697148355,23,Painkiller,A,0
7.454702360901063,656.9651412643203,14,Antibiotic,A,0
26.06905173368691,1515.7797965289492,13,Antihistamine,B,0
79.14475814611471,4437.858474009183,20,Antihistamine,A,0
24.11164706744355,1545.1418841722339,20,Vaccine,C,0
12.606023240251732,3584.0793450481556,22,Painkiller,B,0
50.07305208522971,3079.6330443058905,28,Antihistamine,D,0
5.947077299779257,2164.5467539214405,6,Antibiotic,C,0
13.052784670501651,1233.1769021781624,26,Antihistamine,A,0
81.72445760848264,1876.62276176243,21,Vitamin,B,0
78.28996776166261,2980.930706681662,22,Vitamin,B,0
91.93818793846512,1786.228413009307,29,Vitamin,A,1
86.1789664115212,1113.7373461924476,10,Vitamin,D,0
69.90167850778272,626.4906070135789,5,Vitamin,C,0
9.97162144356297,4404.8463426523485,16,Vaccine,A,0
79.37061870873247,2229.549229971933,4,Vitamin,D,0
85.32352702985324,3144.781192627504,24,Vaccine,B,0
80.91280384833567,2477.531287627186,8,Vaccine,B,0
53.30550835426248,4369.204265871919,25,Antihistamine,B,0
27.125674671700757,2757.3275196186437,21,Antibiotic,A,0
85.30634769042904,2429.868018848111,21,Vitamin,D,0
74.08046692531316,4626.774902587477,15,Antibiotic,A,0
98.1723115669409,3612.463500424505,15,Painkiller,A,0
19.790796786813626,602.1720413669437,10,Vaccine,C,0
26.43813538994523,929.6370829242295,27,Painkiller,C,0
25.120824238742756,3946.2581715502374,24,Vaccine,C,0
80.29127792402699,4187.464039840774,4,Vitamin,D,0
22.756193162761225,2748.6946039969675,10,Painkiller,B,0
11.332683833214078,2794.5533779398643,22,Antihistamine,C,0
99.86327662563473,3178.0681661146505,5,Painkiller,B,0
7.357635087289169,2223.6230826990654,18,Vaccine,D,0
84.34818571509224,3416.9856612453245,26,Vaccine,C,0
39.709849947312016,586.9822249537576,7,Antibiotic,C,0
84.95346867699244,4808.332249718563,17,Painkiller,B,0
57.68894666505877,3763.2663777848625,28,Antihistamine,A,0
90.65496680120421,3174.3123098445844,19,Vitamin,D,1
92.98833370938954,1615.7941821969293,14,Antibiotic,D,0
5.86432722167372,846.7296629108093,8,Painkiller,C,0
12.164156719314885,2076.2476709532757,4,Antibiotic,D,0
28.78407930923127,3324.8048658415896,7,Painkiller,B,0
68.58496455453266,3186.863229944399,25,Vitamin,A,0
89.38585866859307,1944.073717574579,4,Vitamin,A,0
48.694485372926465,3085.767649473992,29,Antihistamine,D,0
62.662446046055216,4078.0540630593605,13,Antibiotic,A,0
22.907486015578307,180.10962307115497,6,Antihistamine,B,0
81.47184921876011,2280.5741872548647,23,Painkiller,C,0
96.89617057857963,3804.8483809106156,18,Vitamin,C,0
30.51689862688676,2753.415128793717,11,Vitamin,D,0
52.008465402051904,3274.8066352488963,8,Vaccine,D,0
13.18103049810551,2607.5481433964433,5,Vaccine,D,0
58.117982363981994,4959.778996177439,11,Antihistamine,C,0
52.76442697543465,320.3766056207392,28,Antibiotic,D,1
18.72146599473237,2480.6718677732674,8,Painkiller,A,0
46.99629024621713,502.51191811686255,24,Antihistamine,C,1
36.73994194822351,840.9385324621736,12,Vitamin,B,0
54.57393315399299,1946.0398345703961,22,Vitamin,D,0
60.637161865735926,819.9234529274122,9,Vitamin,C,1
5.807079967684904,4820.251471485422,9,Painkiller,D,0
77.29556838020775,4736.609394789537,6,Antihistamine,C,0
72.73635772686538,1713.7427487919888,6,Painkiller,C,0
39.79720668961961,3216.7511745865136,8,Vitamin,C,0
10.028913879037734,2692.0789369392414,23,Vaccine,B,0
76.71859127957978,4087.1555535530547,5,Antihistamine,C,0
95.74164024542259,3155.855768593864,3,Vaccine,A,0
27.81440162209135,51.249649728282414,25,Antihistamine,D,1
35.7348383050186,3827.713208768207,20,Vitamin,D,0
22.46222450077242,3746.8982004157847,3,Vaccine,D,0
59.80893171775977,2573.127392554081,17,Vaccine,C,0
19.70993249150822,4519.448917503616,13,Antihistamine,D,0
38.83842462883105,4546.808718167488,16,Vaccine,A,0
71.21623632375498,2643.3627996867663,11,Vaccine,A,0
58.211018385888096,3059.5417444228615,24,Vitamin,A,0
41.71394361115385,4982.784256027128,27,Antihistamine,B,0
44.92371217171648,1529.1601623165166,7,Antihistamine,A,0
58.4005338492068,1656.855349441813,25,Antibiotic,A,0
5.557149149280324,954.7308181843069,14,Antihistamine,D,0
12.458437503092936,4484.541348831446,7,Vitamin,C,0
88.7195164374861,3735.217530248868,24,Vaccine,D,1
12.398503963672622,572.9321019076973,3,Antibiotic,B,0
72.14634163999798,4909.74838842993,27,Vaccine,B,0
92.40362559036,3668.2604553975243,15,Antihistamine,B,0
30.714942408664456,4260.084442544624,19,Painkiller,A,0
40.196686520653856,288.3464064073446,7,Vaccine,A,0
59.047533555248044,2549.55654876373,26,Antihistamine,A,0
88.76235211566555,3508.0615192988444,20,Vitamin,C,0
94.48103078973992,2737.5855936306143,28,Antihistamine,D,0
75.25850857057047,3349.9049552114234,27,Antibiotic,A,0
13.228877281195933,4098.476614772839,15,Painkiller,B,0
68.56964477581083,1902.9684616529712,14,Painkiller,C,0
43.978853577902896,4250.909944312613,9,Painkiller,C,0
49.71659495165085,856.4347185881891,6,Vitamin,B,0
9.669097082791819,1390.885972380555,14,Painkiller,A,0
23.15090323790403,264.5608186402626,7,Vaccine,C,0
80.09879271569653,1853.912716109493,23,Vitamin,B,0
48.12608913954668,1930.5522468793956,28,Antihistamine,A,0
33.657912954959144,4036.089456175892,29,Antibiotic,C,0
41.48181202667102,3282.996817933797,27,Vitamin,C,0
86.16795376593961,2211.77666287055,28,Antibiotic,D,1
76.1549066534709,3277.9641941875534,20,Vitamin,D,0
30.869962732202865,311.27758505267127,12,Antihistamine,C,1
16.162674820175464,942.3441032909616,28,Antibiotic,C,0
28.93983105618681,3153.391883446687,17,Vitamin,C,0
92.4718628501997,3224.765755165246,6,Antibiotic,D,0
60.250939595726756,3881.9665606017643,13,Painkiller,A,0
55.680619830754374,2044.8488073153308,18,Painkiller,D,0
61.65739197078385,3626.642778249973,3,Painkiller,B,0
39.77268524591895,3435.7026461729374,11,Vaccine,C,0
81.67516693035371,4818.7972229307525,16,Painkiller,B,0
54.71219368352373,1114.8946208021619,20,Painkiller,B,0
16.091050763035575,2780.8138405755653,21,Antihistamine,B,0
17.26118685876098,3028.733988446823,26,Antibiotic,D,0
56.00161891774874,4993.307030424393,18,Antibiotic,D,0
93.97417071672972,1045.861503724926,20,Painkiller,A,1
34.29345155923888,2639.9291988380965,20,Antibiotic,B,0
87.60641104162573,1763.6172731825125,14,Vitamin,B,0
77.58908072499354,2653.170194466049,14,Painkiller,D,0
28.542182076156152,1199.0365804103744,17,Painkiller,B,0
8.452371090043034,285.6812732160662,23,Vaccine,D,0
14.67549018852636,2884.19899679356,22,Vitamin,C,0
74.20692371550682,1712.478863511119,4,Painkiller,C,1
23.968625113861435,950.6099386547465,5,Painkiller,B,0
40.27073744801241,1653.481052086267,28,Antibiotic,A,0
52.66142077061036,293.9369971663374,8,Painkiller,D,1
73.91947600276546,4754.689058746011,4,Painkiller,C,0
15.75696620961691,2926.6821791176394,10,Painkiller,C,0
43.60480850135884,4083.104972667773,9,Painkiller,B,0
51.08192636855606,2144.4350778612657,19,Vaccine,D,0
56.37857107729627,4521.407604452619,22,Vitamin,B,0
82.74426093254559,2442.425196683654,15,Vaccine,D,0
21.309428529105606,2891.0293448933135,21,Antibiotic,A,0
81.74398792352912,2484.3802013101513,29,Antihistamine,D,0
70.82345063118196,3679.7275645448753,6,Painkiller,C,0
57.80772734890114,2854.9475841302087,4,Antibiotic,B,0
71.45514768824434,1394.4146717229687,11,Antihistamine,D,0
44.14168520040736,770.4206800470992,12,Painkiller,C,0
18.147770666971834,3050.3157249707397,18,Painkiller,B,0
68.2476978252099,2471.4408096578295,9,Antihistamine,B,0
54.84386913513411,525.0796986457591,10,Vaccine,A,1
65.74060605156367,2008.3064556766785,9,Antihistamine,C,0
37.10988419770655,2598.1432889022453,21,Antihistamine,D,0
91.1523248472844,4143.12150743667,29,Vitamin,C,0
60.80013751467981,426.70022637514364,3,Painkiller,B,0
13.113236007633013,1775.0519738177145,5,Painkiller,A,0
47.73137911692072,4122.147807416408,17,Vaccine,D,0
76.85382520064526,3259.698462269315,10,Vaccine,A,0
80.44278336456587,1485.2936929287446,27,Vitamin,A,1
51.98672001255708,4234.40885401208,10,Vitamin,C,0
90.0010192289736,2491.803223785327,22,Vitamin,B,0
30.428501533458267,2516.84186198678,6,Vaccine,B,0
44.006876237635325,4884.107329041903,27,Antihistamine,D,0
90.36670650405216,4738.226691020073,4,Painkiller,A,0
90.1443880648,1824.7367826807272,15,Painkiller,A,0
70.14271303834468,745.8666868822575,16,Antibiotic,A,1
86.60315197661092,1662.0503247765655,7,Vaccine,C,0
13.433460360842103,200.8921385413708,17,Vaccine,B,1
87.17452273973875,152.80103921643644,24,Vitamin,A,1
35.45889112227154,2007.834574444525,29,Antibiotic,A,0
21.94149368068055,4708.048122351309,11,Antibiotic,B,0
27.740134452494402,4363.218839099429,15,Vaccine,D,0
44.707008261319274,2581.6420278922337,13,Vitamin,C,0
28.863240437424388,2847.870586795612,10,Painkiller,C,0
35.45392067156741,79.37080889297957,24,Vitamin,C,1
17.822956176806,1116.7307213771392,20,Painkiller,B,0
33.13679272810486,172.63192832519954,13,Vaccine,C,1
59.36696238149011,3784.970686842168,14,Vitamin,A,0
46.976102268651076,770.9466903311638,24,Antibiotic,C,1
37.93828231741156,4351.783157260244,14,Antihistamine,B,0
75.91295224142583,3234.4553526951518,18,Antibiotic,C,0
89.8834472823652,1185.622448752781,3,Painkiller,D,0
76.89497617572772,830.7155695620862,21,Vaccine,D,1
36.540066701179526,3156.742269569113,24,Vitamin,B,0
75.7220059445676,4509.143052397501,10,Vaccine,B,0
19.438117335034864,3605.883083626189,22,Vaccine,D,0
17.38020886867264,1775.3059254367192,9,Painkiller,C,0
37.8345685184351,2957.5487965798034,8,Vaccine,A,0
81.73172505918542,1588.2703920934857,6,Vitamin,B,0
28.403083488018677,4995.790355554362,20,Antibiotic,D,0
11.00907384537456,3756.753982886163,4,Vaccine,C,0
17.512405844603734,3091.1891167959307,14,Vitamin,B,0
86.58077201031011,2145.1327566908544,7,Vitamin,C,1
65.20941205099233,3109.8538367848087,27,Painkiller,A,0
29.054110520147784,1740.9995092133072,12,Vaccine,B,0
57.753103406177225,192.88095531725224,5,Painkiller,A,1
55.12006413040829,2005.6881856653324,4,Antibiotic,A,0
67.26641795186282,4655.880056920341,5,Antibiotic,A,0
27.15281767005355,3150.190419130636,4,Vitamin,D,0
87.11828378346777,465.580730200963,14,Vaccine,A,1
34.39001339760122,4430.718386305378,16,Vitamin,A,0
70.9425071277425,1380.9305042404985,13,Vaccine,C,0
6.531841405360415,1256.6589907595007,16,Painkiller,D,0
40.40242733994398,1520.600295462588,27,Antibiotic,D,0
38.41243270608679,2907.1510688234894,12,Antibiotic,D,0
56.63102071538638,2746.206062498184,12,Painkiller,D,0
11.909944868833668,2482.4980853832644,14,Antihistamine,A,0
80.0624805039803,3601.8074743875036,13,Antihistamine,C,0
25.689176167919012,1616.861770108047,7,Antihistamine,A,0
69.31859241379097,3921.219381783534,24,Vaccine,A,0
81.30515170818886,917.8423079740658,21,Painkiller,D,1
58.37831084294375,3923.972905931196,20,Vaccine,D,0
75.38390463858862,3335.8600209889,20,Vaccine,B,0
67.87672966042553,3431.881132260553,28,Painkiller,C,0
38.775330729440725,2433.689315779937,4,Vaccine,D,0
81.84156120818871,3351.6575867702804,17,Painkiller,D,0
32.99663013912516,444.99538046931417,10,Antihistamine,A,0
59.26522718639413,4265.1780293943675,28,Antihistamine,A,0
75.81278521844625,324.95880576384775,28,Vaccine,A,1
41.00081143218822,786.2704738639126,15,Antibiotic,D,0
33.76292272365538,2905.1090570613196,29,Painkiller,C,0
48.637870966418156,3710.086704510623,4,Vitamin,D,0
82.7065319631696,427.44524351395467,4,Vitamin,D,0
93.34256749883815,4607.785829905483,25,Vaccine,C,0
56.78292422168956,4869.357861563458,21,Antibiotic,D,0
67.83928950574693,3049.4533563881696,8,Painkiller,D,0
90.81099411269685,2432.1551041153407,20,Antihistamine,C,0
14.361950884229527,3719.905112784761,25,Vaccine,D,0
27.04746489728568,1675.3688940196669,4,Painkiller,B,0
72.34550059390033,2491.658948820277,22,Painkiller,B,0
83.25572388166847,4584.947582731286,2,Painkiller,A,0
86.4177576914049,4780.494354945591,13,Antibiotic,D,0
44.4351818012186,4638.992124453366,22,Painkiller,C,0
13.48729071772735,1349.1179314710087,7,Antibiotic,C,0
46.58924034346389,1200.7217490729788,8,Antibiotic,B,0
26.91978606967011,1523.4393043501057,3,Painkiller,A,0
32.6636632246793,2234.490006322878,19,Antihistamine,D,0
78.36541789956306,1605.1286933202198,26,Painkiller,C,1
12.175073172459253,1902.353338908337,16,Antihistamine,C,0
83.6202156606667,3122.15291299776,16,Vaccine,D,0
45.628563153296064,3824.502101615181,11,Vitamin,A,0
61.62607345455653,3691.0130814261893,18,Vaccine,B,0
13.516961967389506,4081.3966570418024,19,Antibiotic,D,0
37.04911244394157,209.31279591624073,19,Vaccine,D,1
13.52158730641035,286.2822589098426,16,Vitamin,D,0
96.3466536737054,3957.445655408715,27,Vitamin,B,0
81.68985668599379,2688.740170506928,24,Antihistamine,C,1
48.66511166386372,2911.7963351224953,7,Vaccine,D,0
26.242242090748753,310.3049580611666,10,Antibiotic,D,0
93.67823499873596,1313.803315797791,12,Antibiotic,D,0
37.73667659406232,3209.8538091831147,16,Antihistamine,D,0
20.2935210103006,4302.950356047847,24,Antihistamine,A,0
58.50061690312572,4589.067816047943,4,Vaccine,A,0
94.65854143275753,2527.0765043836545,20,Antihistamine,A,0
5.363877597530645,2750.097452054078,2,Vitamin,C,0
27.62186010912988,4173.595673791505,25,Antibiotic,D,0
94.15252583898872,2711.2417736994053,18,Vitamin,D,0
21.253166851430393,2608.449701409721,12,Painkiller,D,0
15.758127905782887,4530.165986916721,19,Vitamin,D,0
59.167785500981424,3960.1669692266064,12,Antibiotic,B,0
86.87516321300885,4549.909005488408,29,Painkiller,B,0
50.32543268092298,1130.3229211667112,8,Vaccine,B,0
99.48360438502985,2645.6586589440158,2,Painkiller,D,0
69.52131145610932,4220.237036537122,13,Antihistamine,B,0
12.037116184992534,600.1817459621892,5,Antibiotic,B,0
99.31905250978767,3983.5776637551107,26,Antihistamine,C,0
43.74995249411809,955.7182479036038,9,Vitamin,C,0
32.30324071532084,4050.1878371773396,16,Vaccine,B,0
57.998522439899126,3079.404640906497,12,Antibiotic,B,0
33.90922122298211,1006.5181578500924,9,Vaccine,C,0
13.213463176414471,2393.1031876973657,13,Antibiotic,B,0
5.135692592521789,3425.430573980819,4,Antihistamine,D,0
47.71041852742492,3187.571859373535,22,Vitamin,B,0
84.50202511152627,2164.8736213469365,5,Painkiller,D,0
59.369942634857274,4501.8643181585885,28,Vaccine,B,0
99.92469339962688,2620.353901714829,13,Antibiotic,A,0
32.250431336484,2554.0431277170073,9,Antibiotic,B,0
31.643231152205257,358.1404202101986,28,Vaccine,A,1
20.176198722224697,4614.495929498304,24,Painkiller,B,0
20.58604088520684,926.7270149579464,24,Vitamin,B,0
32.092726620954544,2665.3062325109436,11,Antibiotic,D,1
80.31980430098508,4027.659626931535,27,Antibiotic,C,0
91.04689511046254,1116.4937209304344,24,Vaccine,C,1
97.63328112222972,2660.4977853556634,2,Vaccine,D,0
27.067517139163,1241.3903006555372,14,Antibiotic,C,0
88.72326683333871,3810.4902391095634,8,Antibiotic,A,0
36.18423348134702,2843.488780972096,21,Antibiotic,A,0
15.719851729104018,4287.080508955961,29,Antihistamine,B,0
87.65236792441574,4478.0621142430455,4,Antibiotic,A,0
65.43003529114377,3261.2307381047203,17,Vitamin,C,0
20.649435127700862,3640.686668486775,13,Vitamin,A,0
45.833969463735244,2768.6394944399754,6,Painkiller,B,0
32.28948101332143,1952.9222286835454,19,Vaccine,A,0
74.99548402746872,3258.183718953131,9,Painkiller,C,0
48.074541909305466,4546.028686262278,13,Antibiotic,D,0
98.98159478510657,2112.567883135618,29,Vaccine,B,1
10.200773314661536,1606.329630550287,26,Antibiotic,D,0
38.72645028294343,1972.762845835242,22,Vaccine,A,0
50.780515875447854,2205.218269547418,4,Antihistamine,B,0
52.79768770109038,414.1270934396953,17,Antihistamine,B,1
35.0139031266355,2517.2871101532223,11,Antihistamine,A,0
74.27782366426896,2496.855527847795,24,Painkiller,B,0
88.1009719814526,2962.7969468205897,18,Vaccine,A,0
94.17833368789698,1845.959150833091,11,Painkiller,D,0
81.48387079595499,3084.8825999801693,4,Vaccine,D,0
85.80511874412694,4397.170735857305,26,Antibiotic,C,0
57.30180355889957,4779.581402951063,3,Antihistamine,C,0
83.45938151054739,2938.8804698981958,28,Antihistamine,A,0
33.83287136905546,260.8252221530498,15,Vaccine,A,1
42.855482400375365,4847.71818647219,10,Painkiller,D,0
35.10673631276171,3544.0172014364684,28,Painkiller,B,0
49.40179686755292,1713.020060340578,18,Vitamin,A,0
32.130063542670456,778.4306197704308,5,Antihistamine,B,0
96.35308701417244,759.922130569561,29,Antihistamine,C,1
34.720239660538475,880.3348103910336,27,Painkiller,D,1
14.314231120539283,275.5839819884105,23,Antihistamine,A,1
55.047630774789276,4515.663233831912,16,Painkiller,C,1
10.424412452291755,2726.802752495315,14,Vitamin,A,0
15.501600799315149,3514.799092933494,24,Vaccine,C,0
25.8419919736434,4149.137120878122,20,Vaccine,D,0
49.11327373880346,3968.127981349341,10,Vitamin,A,0
46.15883856935765,4418.8978374577655,5,Antihistamine,A,0
80.97072689026517,4837.910381498512,22,Antibiotic,B,0
75.25009211899076,2223.3995429726006,9,Antihistamine,B,0
45.50023792911662,4754.160560008533,29,Painkiller,A,0
36.701899719684846,3630.285244296941,16,Antibiotic,D,0
35.064534485842366,399.80754202498844,15,Vitamin,B,1
78.52953329293085,3424.8264500011096,4,Vaccine,A,0
9.946878591020624,3449.247465044001,25,Vaccine,A,0
6.218056703507553,4534.00979077301,28,Antihistamine,C,0
80.57671723303156,1896.0140557269556,18,Vaccine,D,0
50.32890571895968,2945.3119263454983,9,Antihistamine,B,0
17.433708162589717,110.32837750812544,15,Painkiller,B,1
27.37876378647762,1693.7724487976132,14,Painkiller,C,0
93.58787554425135,358.1064444859656,16,Vitamin,A,1
86.6527826843653,2633.27121518624,12,Painkiller,B,0
72.42957977127739,4096.365870009418,28,Antihistamine,A,0
50.811396882046026,1071.8913260388913,16,Vaccine,B,0
54.430744488181645,2660.8331755110034,13,Painkiller,B,0
97.64823085197607,1059.842750728297,27,Painkiller,A,1
96.74819216900728,647.4079158388902,25,Antihistamine,A,1
25.450559349654256,2579.434120074995,23,Painkiller,B,0
82.05493379900523,441.7856737011518,22,Vaccine,C,1
23.738053285866595,2957.4054241330473,10,Vaccine,C,0
25.286060398975383,205.12043034979504,23,Vaccine,C,1
69.22883824563479,578.2391107484589,16,Vaccine,C,1
43.475104365817096,2772.487553162421,2,Antibiotic,C,0
93.49671867511942,2977.4666938496234,13,Vaccine,A,0
13.455924815120838,193.48530396410248,7,Antibiotic,B,0
53.594935876901836,2888.2151006077142,2,Vaccine,C,0
92.25954539209651,4200.587500352003,23,Vaccine,D,0
90.89079774555299,3625.465077605072,20,Antihistamine,B,0
19.870275274495416,699.3662644079532,23,Vaccine,D,0
39.830581509163366,2982.7495054398937,14,Painkiller,A,0
63.816533004436145,3377.6498753673563,7,Vaccine,B,0
20.142514053283207,234.2944486738443,18,Vitamin,A,1
96.96210634434517,4283.9709599839325,14,Antihistamine,D,0
91.90118622912773,4536.023616584659,10,Antihistamine,B,0
20.860267008274572,4259.7387531431805,9,Vaccine,B,0
16.509768819793614,4131.92576654611,16,Vitamin,A,0
13.113805866785203,3737.577732381422,19,Vaccine,B,0
91.39714808347996,3185.4885548457028,3,Painkiller,D,0
23.394261930568774,3409.203674691847,22,Antihistamine,A,0
44.5470682117137,4041.656702008166,27,Antihistamine,D,0
47.640879736940285,3329.367368888458,3,Vitamin,B,0
61.90604920028892,1672.2484355762513,12,Antibiotic,D,0
11.814857656005373,1911.007455698702,2,Vitamin,B,0
26.542068653049014,4490.434468442846,19,Painkiller,D,0
93.49158675729798,134.75432469595142,22,Vitamin,D,1
91.29896019051411,3509.161877159196,28,Antibiotic,C,0
79.22261150354076,4776.148884504816,27,Painkiller,B,0
6.843118333730466,3545.8294412919695,8,Painkiller,C,0
36.0656430071297,4969.864341747321,22,Antibiotic,C,1
64.65607985757624,3453.3472823652373,18,Vaccine,A,0
31.14307011848019,220.0969946234623,17,Vitamin,A,1
91.41073603010885,4143.698914152272,8,Painkiller,D,1
65.21949887408198,1458.9180640996294,23,Vitamin,B,1
11.831138145062333,2257.983267038983,8,Antibiotic,A,0
91.35553093939178,1594.8549837400562,3,Antihistamine,C,0
95.98783252674114,1379.3428257379132,6,Antibiotic,B,0
12.38267974721392,2185.4582331654374,15,Vitamin,D,0
55.57422231182492,1924.819669781335,9,Painkiller,D,0
33.819606810346194,3185.0259801208176,13,Vitamin,A,0
42.31971226573322,4075.0984448881773,8,Antihistamine,A,0
22.06686570575748,1520.5888332768418,7,Painkiller,A,0
59.916849691179195,1107.9197064689863,14,Antihistamine,D,0
96.00803855864461,3351.1315908081942,23,Vaccine,C,0
52.79189702580286,3368.084325862369,13,Antibiotic,A,0
12.87688523247571,4510.59963446655,18,Vaccine,D,0
63.90012668035379,128.9311479438887,17,Vitamin,B,1
37.32118447286942,4272.551277476724,2,Vaccine,D,1
86.31289301117329,2628.960756094367,8,Antibiotic,B,0
46.29442409006467,3125.4453414018894,4,Painkiller,B,0
23.31976284951333,502.28863077900314,7,Antihistamine,C,0
23.15503415565877,2191.443917716626,29,Painkiller,A,0
78.03259716851024,1175.1469158306927,22,Vaccine,B,1
30.23082183919919,1308.41389890842,4,Vitamin,A,0
77.88717244512618,2545.2708176463357,23,Vaccine,D,0
24.559294522826942,4071.6569544954064,4,Antibiotic,A,0
35.56020502662439,3731.7156042170377,9,Antibiotic,D,0
49.22126238177144,2975.4497974754713,15,Vitamin,B,0
94.60360572087782,2720.1200541296616,24,Painkiller,C,0
93.51448535161335,2165.164914010725,10,Antibiotic,B,0
24.65282816511734,4864.914369128863,6,Antibiotic,D,0
39.030808918091914,2822.953143459455,29,Vitamin,B,0
19.19294190310837,1307.1336716454996,16,Painkiller,C,0
53.448582534782226,1188.949420598196,18,Vaccine,A,0
48.755342315993325,3076.197502336952,28,Antihistamine,D,1
90.57221543281958,2637.9962601890975,11,Vitamin,A,0
93.3505108901519,88.10412462582829,28,Painkiller,C,1
41.43890214569275,4158.823592369108,9,Antihistamine,B,0
51.715104586803996,3535.4056534505517,19,Vitamin,C,0
90.14244366888265,3326.0549839066125,7,Vaccine,D,0
81.63724173578083,390.4642556034118,18,Vaccine,D,1
5.3473495777416815,1842.1764583538325,23,Painkiller,B,0
35.405658597440336,4680.142190627292,5,Painkiller,D,0
45.06855298393196,4319.81674463975,22,Vaccine,C,0
26.823046949907013,1463.4375424541906,16,Vaccine,D,0
23.959303510114182,827.4414762907365,11,Vitamin,A,0
8.589528126589569,2272.9853879844563,24,Painkiller,C,0
66.12012388162725,1811.3603744049212,14,Antihistamine,C,0
29.938477595900736,3427.0205646946556,23,Vaccine,D,0
9.972981950974743,4833.852309917383,2,Antihistamine,B,0
26.943034500166046,1846.8571774136792,26,Painkiller,B,0
81.18182551943202,358.0096546285979,23,Painkiller,B,1
85.89147225642193,4493.189341294807,23,Antibiotic,D,0
50.89129329336375,237.8511646873605,10,Vaccine,D,1
44.52671368882519,4766.191190908999,29,Painkiller,D,1
97.89610088266927,3339.668168644747,27,Painkiller,C,0
24.05364266086664,4711.361581787648,6,Vaccine,C,1
25.459131871187807,1038.3154489124424,12,Antibiotic,D,0
32.72738181845797,251.46398650634774,23,Antibiotic,B,1
21.411945236703296,2466.6393924686345,23,Antibiotic,A,0
41.039731829397724,2280.58590212212,24,Antibiotic,B,0
91.52925156402661,1690.88675261167,26,Vitamin,C,1
63.458044859714555,4790.3995482240525,22,Vaccine,C,0
44.13492211816504,4121.789474199089,22,Vaccine,B,0
93.7690254842654,3324.831005809187,5,Vaccine,B,0
9.60410208520312,856.1485436072472,27,Antibiotic,C,0
24.97623690067683,3684.900870681697,21,Antibiotic,C,1
58.759417484667104,3648.7116507636338,17,Painkiller,D,0
63.47749920335202,2154.087459399237,29,Vitamin,A,0
8.75796312344825,4627.690253084367,25,Vaccine,D,0
43.288682001177555,876.5405170336016,19,Vitamin,D,0
66.66962665893291,1373.3209339377381,27,Vaccine,B,1
71.31670190832315,362.96047929063656,9,Antibiotic,B,1
65.62329073904559,3987.482242979058,3,Antibiotic,A,0
35.453506314287836,3127.7089611722163,18,Vaccine,D,0
13.884411741801404,1608.9545131221853,11,Antihistamine,D,0
45.57568240983674,860.877634791861,14,Antibiotic,C,0
17.23167154996527,248.73146164226483,16,Painkiller,C,1
95.02424755946338,875.3905646983861,10,Antibiotic,A,1
50.141232272149686,2293.758999371408,28,Painkiller,B,0
35.13962156390242,1273.5259966025005,9,Vitamin,C,0
77.7988867562955,1331.9617782882353,7,Antibiotic,A,0
52.30511629531507,4384.103015005186,5,Antibiotic,D,0
34.45323228118276,2599.931483632448,19,Vitamin,A,0
82.13693552712617,3659.797266985652,25,Painkiller,A,0
87.37945434510658,226.7691976893083,4,Antihistamine,C,1
68.93577579742431,1857.5586106062422,27,Painkiller,C,1
9.461620128728393,2421.888269607437,5,Vaccine,D,0
58.80067361582055,972.7634332904142,22,Vaccine,D,1
77.51301663974175,644.9481301554165,14,Vaccine,D,1
17.96778614794031,4358.003703574221,21,Vitamin,A,0
26.72372138153732,4700.186554143993,12,Painkiller,A,0
88.83703498147297,440.09315532476666,9,Antibiotic,C,1
6.911563576042034,1777.6426270850934,26,Vaccine,D,0
76.50907809346772,4793.513859315145,15,Painkiller,C,0
50.008462788870176,461.6505790057012,15,Antibiotic,D,1
47.443355089762655,3236.024795749695,17,Painkiller,D,0
5.674170587014282,4862.495786286678,15,Vitamin,C,1
82.84283194181681,4892.207159477804,2,Vaccine,C,0
39.18336556047382,2382.555487973529,3,Antihistamine,C,1
56.37273497355157,855.608083522784,29,Vaccine,D,1
69.34356520188764,1050.3173591383222,21,Vaccine,A,1
71.749809761602,4453.526905865753,2,Vitamin,C,0
95.81810558847687,4562.830871432193,12,Antibiotic,C,0
55.477295557477866,3059.004237174096,7,Vaccine,A,0
42.97335734257062,3842.5731773760613,16,Antibiotic,A,0
95.60184451671225,3712.6596947785206,13,Antibiotic,B,0
66.0004723274245,3326.01691004608,6,Vitamin,C,0
33.324283846272785,4145.020926616098,24,Vaccine,B,0
17.01410331333926,3442.7627840495893,13,Vitamin,B,0
85.04267763919222,2693.3114134501216,23,Vitamin,A,0
39.4072522654444,1222.9339948113761,15,Antihistamine,D,0
67.74462352962095,3732.2463133871643,15,Vitamin,D,0
49.727559839760325,2393.5174457994585,20,Antihistamine,A,0
23.898329080528644,1509.2188358371711,6,Antibiotic,B,0
62.16022781894418,4019.634064921788,4,Antibiotic,B,0
10.76489155031482,3498.73232174749,26,Painkiller,B,0
44.26753368776326,4689.830837467265,19,Painkiller,B,0
56.92841926804875,868.9361180934447,7,Antibiotic,C,0
46.42446254126501,3263.486958950641,10,Vaccine,B,0
76.12385664884413,1258.9853670364712,27,Painkiller,A,1
83.65287068180469,4522.735777243127,8,Vitamin,B,0
78.26809203315192,542.5221005702476,22,Painkiller,B,1
8.6872300421212,3298.000941902142,19,Antibiotic,A,0
23.44223319236736,3965.8743215637483,3,Vaccine,B,0
55.97771338005856,1806.8433098053006,21,Antibiotic,D,0
93.80809384216111,4772.983492949856,11,Vaccine,A,0
84.3208936299511,4261.116888700884,13,Painkiller,C,1
85.04077829342116,1508.3605834402717,3,Vitamin,C,0
33.80477840716911,87.32840894419346,29,Vitamin,A,1
45.797550222476744,1518.4530217844012,14,Antibiotic,C,0
49.717064995014056,1442.4868288301755,9,Vaccine,C,1
19.95030041824149,4455.324807129499,27,Painkiller,C,0
7.95147237322335,4837.249832361001,24,Vaccine,A,0
94.95577544874911,398.6779305527888,8,Vaccine,B,1
27.86769563803314,2382.9094012399178,4,Vaccine,C,0
27.795145853744973,2764.243392722489,24,Painkiller,D,0
12.921010108032156,509.91272358203133,9,Vaccine,B,0
93.20823643465896,1918.6136602307367,22,Vitamin,B,1
60.07502591927834,1619.5579660951055,2,Antibiotic,C,0
68.36850142690861,2703.4789539190824,16,Antihistamine,C,0
91.59980428998999,3322.8949536730934,2,Vaccine,B,0
37.833916045575,3532.251296958005,13,Vitamin,C,0
64.04319455811799,726.9373668862684,12,Vitamin,A,1
8.685948199244308,4074.091124625876,17,Antibiotic,A,0
22.743390181957288,3408.783047464257,5,Antibiotic,C,0
83.96835148354454,4450.920837896262,3,Antihistamine,B,0
77.84299385214189,2274.2134942053985,24,Antihistamine,C,0
38.31105568842895,4474.754325474848,4,Antihistamine,D,1
40.797009638550186,4335.581905662573,29,Painkiller,A,0
55.68767118759005,2220.1261951783845,5,Painkiller,B,0
5.022895445087782,1936.6594107002443,26,Vitamin,D,0
27.918211923612645,4667.419474102771,19,Antibiotic,C,1
24.78202181778037,3590.0654359652663,13,Vaccine,A,0
28.79587994122753,4644.814464868475,25,Antibiotic,D,1
81.56105504067693,3995.0251555342743,2,Painkiller,B,0
31.569016371912102,3066.022324492501,4,Vitamin,A,0
23.194525594764073,623.4712461686343,5,Vaccine,C,0
52.905028775337996,1492.8293292665376,7,Antihistamine,C,0
87.23627845540953,4845.769915137038,18,Antihistamine,A,0
27.928221864562488,1631.1393886353121,9,Painkiller,D,0
12.460943065315876,511.6116054375854,19,Vitamin,A,0
38.858449905718146,3552.389111800633,17,Antibiotic,A,0
76.0269233336729,3683.321059991237,22,Painkiller,A,0
57.31560174600549,1463.0157154213964,7,Antibiotic,D,0
82.595370109563,1523.4762977642035,25,Vaccine,A,1
96.16125402287723,2371.02027826848,20,Antibiotic,B,0
80.30293529140361,157.8553013231649,29,Vaccine,C,1
62.36129249015657,3957.1489012877596,26,Vitamin,D,0
51.86745086497615,1619.5894970069216,29,Painkiller,B,0
8.806563203085334,4276.127354909789,22,Antibiotic,A,0
98.51058798733392,4023.020586920167,9,Vitamin,B,0
41.43070664462904,3323.9400639379764,5,Vitamin,D,1
19.461680322102346,1658.1305921414792,29,Antibiotic,C,0
68.33734126266339,2605.7669802227915,10,Antihistamine,D,0
32.007387464068636,2251.904825109897,9,Antihistamine,A,0
60.648935738449524,1727.4653369309374,22,Vaccine,A,0
60.74295124523616,4248.274632050732,20,Vitamin,C,0
47.344332985772574,2443.3600191594433,2,Painkiller,D,0
84.43126847677905,4171.979334095875,22,Painkiller,D,0
30.17187084776709,570.8314470020302,22,Vitamin,D,1
47.620096203684746,748.0727035716619,5,Antihistamine,B,0
56.080752216142294,4887.735510309235,11,Vitamin,C,0
68.04434847289346,2959.4538899001436,27,Vaccine,D,0
79.477325798031,2573.3598838202925,9,Vitamin,C,0
42.50669187343433,2639.6225125633528,4,Antibiotic,B,0
66.37445968917663,1115.5804314626562,13,Antihistamine,D,0
19.308040541509317,3607.5845500347664,27,Antibiotic,B,0
93.60156955153546,469.6640874622841,10,Antibiotic,A,1
41.39058660999534,2887.952379859965,4,Vitamin,A,0
74.30453508776165,2875.305543100212,5,Vitamin,A,0
6.9324027788068765,4575.232699460879,7,Painkiller,C,0
24.492778575956663,2654.6049100190585,10,Antibiotic,D,0
51.27284171073991,728.4603450721886,27,Vitamin,D,1
88.43398443457292,2885.128633278405,3,Painkiller,B,0
55.089239245314324,502.0718396083952,3,Antibiotic,B,0
93.3376958179185,1058.7794847346122,19,Painkiller,A,1
50.96070517536565,203.98749172770985,22,Antihistamine,C,1
51.59266418991525,2590.8032331745167,23,Vaccine,C,0
16.37594490755053,468.4364457031832,4,Antibiotic,B,0
81.25234319446088,2373.5021737300785,4,Vitamin,B,0
28.461714184370937,4668.077924854513,19,Antihistamine,D,0
90.46318649036994,3612.8189944456935,28,Painkiller,D,0
91.52830093138763,433.1877874152006,7,Vaccine,B,1
94.61446062804423,1159.8385704337736,2,Antibiotic,D,0
54.42189646479355,3384.6289784724995,26,Vaccine,B,0
69.32390955444622,4478.774212069709,16,Antihistamine,C,1
78.95900860585803,212.94700448157113,12,Vaccine,A,1
17.446388771794233,4071.6331020169405,11,Antibiotic,B,0
62.090933524762235,2830.978707674628,5,Antihistamine,B,0
8.258300623814609,2753.152060217143,15,Painkiller,D,0
52.26877792192896,4791.175254629122,3,Antibiotic,B,0
19.710054753921604,3750.8408323540266,14,Vaccine,C,0
22.377677966398046,4258.088396877754,17,Antibiotic,A,0
39.67951883579715,1802.2780692461001,13,Antihistamine,D,0
46.081530838067785,2794.102002100629,23,Vaccine,C,0
64.20138033055778,3096.2581032674652,6,Painkiller,A,0
12.070699751658989,1641.8405047942022,20,Vitamin,D,0
52.85071731755724,2872.7282184896276,4,Painkiller,C,0
22.349387374044607,1221.4441284245834,22,Antibiotic,B,0
59.52764162801548,759.7095717877859,21,Vitamin,D,1
65.55343816481243,1901.1527834227966,22,Antihistamine,B,0
57.88737937252112,3709.4836622948633,3,Vaccine,D,0
75.13807349543923,4585.126382965744,28,Vaccine,A,0
36.88287820288562,2315.684554916251,18,Antihistamine,D,1
77.68512620514744,3231.977256963387,22,Antibiotic,D,0
46.1128727622784,560.0337983267474,12,Painkiller,C,0
50.9975273406467,4527.095604834028,2,Vitamin,D,0
66.56970208980178,2864.5908571711752,20,Antihistamine,A,0
6.744046479926276,3912.6743257445273,9,Antibiotic,C,0
67.12945103492359,3982.4839445608995,12,Antibiotic,B,0
63.76558916185096,1319.5786055221242,9,Vitamin,D,0
34.4354760915616,2669.4135432501553,26,Antihistamine,A,0
13.150457065451501,4804.374770226838,18,Painkiller,A,0
13.638867741738908,493.6909968630975,21,Painkiller,D,0
92.70625596359672,3431.096995246339,7,Antihistamine,D,0
70.48153551645453,4813.207186274101,8,Vaccine,B,0
17.074748308220336,1537.8566848674097,22,Painkiller,B,0
38.8887010843461,4314.167210951523,14,Vaccine,B,0
61.28588442065166,4671.604849770944,8,Antihistamine,B,0
84.37931198361163,3748.076736504384,12,Antibiotic,B,0
9.14778822773581,1195.0751459194435,11,Antihistamine,B,0
27.480147489650843,1703.3035581916397,9,Antibiotic,C,0
89.5261540780611,227.25600736776713,11,Antihistamine,C,1
5.870727267462566,4165.693509514508,23,Vaccine,A,0
24.132914765419304,4255.575373229845,12,Vaccine,C,0
96.10729671743177,3181.916034332654,21,Antihistamine,D,0
63.273175419606254,1795.012863756064,18,Antibiotic,D,0
29.858779830563112,430.2145868176067,12,Antihistamine,D,0
11.364153967605523,3777.635169078802,17,Antibiotic,A,0
7.678177342486105,3646.3046583691184,6,Vaccine,C,0
28.25078256550809,4567.38248260756,11,Vitamin,D,0
88.7411528609465,3666.1335039765427,27,Painkiller,C,0
44.5117971582634,4152.039964107809,27,Vaccine,D,0
73.43167007076933,3742.4753586247975,21,Antihistamine,B,0
92.23707836109598,3171.901582145966,6,Antihistamine,C,0
43.76384385226758,2163.483651245496,21,Antibiotic,C,0
23.17135024855272,4515.480677779275,10,Painkiller,D,0
54.12620343140735,3272.2944309419754,4,Vaccine,C,0
91.26795027068617,2021.8588437312499,4,Painkiller,B,0
81.41556934308156,463.1730111506883,11,Painkiller,D,1
11.253835119499609,1488.9890367266914,8,Vaccine,B,0
70.79441600737027,2741.4473374093154,3,Antibiotic,D,0
59.330264633600606,1414.395081580163,26,Antibiotic,C,1
91.20900175291042,1145.1149721936154,9,Antibiotic,D,0
16.635734600778235,2660.5978947348435,13,Vitamin,A,0
55.73343075444238,890.6107121838862,23,Painkiller,D,1
88.54895588362977,4012.029813459262,10,Vitamin,C,0
43.952259740465585,2447.622349146157,12,Antibiotic,B,0
50.78951718462237,2890.6207311151184,20,Vaccine,B,0
11.693764378361038,779.5471746068753,21,Painkiller,A,0
31.42364584264653,1656.6528613653686,24,Vaccine,D,0
35.82813167105,2079.943932142707,18,Antihistamine,D,0
94.78663263076426,4050.6535110566897,14,Painkiller,B,0
31.85339925141011,3862.289639276455,2,Vaccine,B,0
48.78252985061694,1153.7385001990228,2,Antibiotic,C,0
68.77392023860658,3100.0864539546883,29,Vitamin,A,0
20.407420378748352,1255.108970971388,9,Vaccine,B,0
51.21202677847808,4941.823420666715,14,Antihistamine,D,0
75.16120875021122,4763.013196747809,7,Antibiotic,B,0
87.35124523757128,2838.1603665770713,4,Antihistamine,C,0
64.49463109293055,3509.5677308760078,17,Vitamin,D,1
68.56008395511006,4017.0803919327927,11,Antihistamine,C,0
16.996929895534052,3618.9421792222743,8,Vaccine,C,0
94.84876723840298,3514.152020857983,23,Vaccine,C,0
17.59453736102582,4794.8423393501635,22,Antibiotic,A,0
78.59392903227084,3002.4577262210523,4,Vitamin,D,0
30.157550568940287,3199.6982255043254,15,Vitamin,D,1
93.6913486516189,4253.880314668997,17,Painkiller,C,0
73.39615624010055,3365.9597958991135,5,Painkiller,A,0
76.61230273294505,3678.0164789867363,14,Vaccine,B,0
25.810621440688916,1209.13499667338,28,Antihistamine,D,0
47.08879778034028,1887.7712743696009,28,Antihistamine,B,0
63.69225348598221,779.1416612738705,2,Antibiotic,D,0
78.14749372962709,2553.538939557287,26,Vitamin,C,1
14.87614071167701,2305.8506333672194,6,Vaccine,D,0
96.4247050631802,4985.955930683312,19,Antihistamine,C,0
89.57096370268282,3075.482831436935,13,Painkiller,D,0
30.683116097080514,3942.9018748123954,12,Vaccine,C,0
83.16222308807154,1703.3726202503885,10,Antibiotic,B,0
54.240772688783224,4166.149390146843,29,Vaccine,B,0
48.87161574839177,3094.670584114033,8,Antihistamine,B,0
34.871240052083515,3500.11204141227,15,Antibiotic,D,0
60.19201573000128,1507.4323508497991,25,Painkiller,A,0
74.33946618184179,2765.760038893107,4,Painkiller,B,0
44.03862597146203,3188.4830183973627,17,Antihistamine,D,0
64.77582333578775,2966.018645292076,8,Antibiotic,C,1
71.43472750975386,4580.208871551604,28,Painkiller,A,0
72.55657261645216,4496.449689238139,2,Antibiotic,A,0
9.936779322462124,4856.37108649051,7,Vaccine,A,0
86.67604154008136,3353.768629734597,27,Vitamin,B,0
48.53406490267955,4860.974944122139,7,Vitamin,B,0
29.92952776114037,4170.766100157949,28,Vitamin,B,0
27.96762821056975,1390.6190946827985,11,Painkiller,B,0
50.88634072017529,2165.8065642789206,13,Antihistamine,C,0
89.24899624955113,1230.0425888355985,23,Vitamin,D,1
40.94302025985146,70.77594611129777,20,Antihistamine,A,1
76.22394594443661,980.8413280771977,7,Vitamin,D,0
14.197779443785768,70.09990212003456,15,Vaccine,A,1
50.22538670435087,3613.2003836849253,4,Vitamin,A,0
99.21018333730989,2156.394773719938,11,Antihistamine,A,0
78.19159126527201,1597.2448990353985,10,Painkiller,A,0
25.000206401858236,3820.51841092118,24,Vaccine,C,0
52.63694000130152,4170.809534367243,21,Antihistamine,C,0
27.19435254661382,4877.732716316906,20,Antibiotic,A,0
43.90828808993838,3227.9672441424436,23,Vitamin,A,0
79.10798225482165,2334.568344773256,16,Vaccine,B,0
78.26635745258835,1561.0582929568077,10,Painkiller,A,0
26.669535900726586,1150.4751356104202,20,Antibiotic,D,1
92.61121522471171,1103.983454888876,9,Vitamin,C,0
61.293977362658545,2075.4874048630036,23,Vaccine,D,1
41.09280764139138,4959.342458675253,5,Antihistamine,B,0
52.68388017418176,54.22580231514617,6,Vitamin,C,1
62.48176907658565,1026.1691912934539,20,Vaccine,B,1
58.18960052534961,982.5452628976905,15,Vitamin,B,0
51.20847837593693,3599.741453384847,19,Vaccine,D,0
52.96861638849301,1794.799401610406,26,Antihistamine,A,0
21.759131490649185,2313.440982729512,20,Vitamin,C,0
82.20962590894455,785.6894458260296,7,Vaccine,C,0
56.46723039439646,2054.735342440891,6,Antibiotic,A,0
17.45258686194679,560.8390689338885,27,Painkiller,D,1
77.7849246503639,2688.5642750484867,12,Vaccine,B,0
93.58217794584833,534.794908645137,25,Vaccine,D,1
94.9941554275114,3963.0164868071233,6,Vaccine,B,0
40.05668457906141,2854.678501825423,28,Vitamin,C,0
17.874102988271634,3633.640975178909,9,Painkiller,A,0
54.24796453014119,2121.656113930785,28,Vitamin,A,0
15.697876788175964,1938.381901549025,6,Vaccine,C,0
93.72880475869864,536.1340007918748,12,Vaccine,B,1
22.440064598738868,2643.085254861972,27,Painkiller,D,0
29.012756695360586,2596.785716042605,14,Antibiotic,B,0
43.63047005407219,2367.1051200255465,7,Vitamin,A,0
41.40062451311695,3715.5659051781236,6,Antibiotic,D,1
80.49297477779946,4170.896780160155,19,Vaccine,D,0
48.35009795234142,3766.408890995115,27,Vaccine,B,0
21.222984700317006,762.135426893877,11,Antihistamine,B,0
30.384940071177038,3129.194570946435,17,Antihistamine,B,0
53.365771592814596,447.59937316319025,23,Antibiotic,D,1
19.008122155482816,3488.3803228303586,15,Antihistamine,C,0
63.10728918637134,1940.1035279775772,24,Painkiller,D,0
58.74599412235886,705.8698335181186,16,Antibiotic,A,1
72.89672005631448,4317.151742031832,4,Antihistamine,C,0
94.08193846103993,3089.34127824274,4,Antihistamine,C,0
91.6641833046098,1805.8885913402612,13,Painkiller,B,0
94.87718371653898,202.0995392699727,24,Painkiller,D,1
28.24798171725159,2709.685782067872,16,Antibiotic,A,0
17.498704130738687,4619.968098506852,12,Vitamin,D,0
33.71628654716261,3002.08017187671,11,Painkiller,B,0
90.03309141279989,4859.670492866491,21,Antihistamine,D,0
97.34508008923139,725.4330354387697,16,Antibiotic,A,1
86.63587035169522,2863.1102677444424,19,Vitamin,B,0
15.451683507116641,4000.7189876318257,26,Antibiotic,D,0
95.00565981568035,2651.426619072295,15,Antihistamine,A,0
45.21901259832467,500.7784621379893,26,Vitamin,A,1
5.884477622423599,2935.2857076587275,7,Vitamin,B,0
47.027405371078395,3078.102633920235,15,Painkiller,B,0
9.376571119169421,3657.110779952995,17,Vaccine,C,0
56.668402510306166,3817.997000069096,3,Antihistamine,C,0
37.16263260651988,3865.3248066425053,20,Vaccine,A,0
49.976318691434635,3334.0497485128817,6,Antihistamine,B,0
63.25118427059612,1118.2653727723578,12,Antibiotic,B,0
87.53610410269293,2050.966991405423,12,Vaccine,D,0
67.88064976483321,3891.8433644412735,22,Vitamin,D,0
46.23464250542717,4769.4635678340255,26,Painkiller,D,0
82.84564609868468,440.7874759412789,27,Antihistamine,D,1
91.03030306944756,2700.9065550961145,20,Painkiller,C,0
16.377196811058738,1596.985243055317,19,Antihistamine,D,0
55.53363286751519,1165.6997768683073,27,Vitamin,B,1
32.02863617553219,2553.7628834225893,9,Vitamin,A,0
9.470813798310004,3050.1422357548568,24,Vitamin,A,0
68.5119360358286,98.37254552643218,13,Vitamin,A,1
86.96322385862644,3912.0225323958953,10,Vitamin,C,1
20.475752175352433,4108.416549734266,4,Painkiller,A,0
82.17929747427054,4829.278581611268,7,Antibiotic,C,0
86.07259468600945,944.1864794622401,22,Vaccine,C,1
91.86234205331593,2993.0351836866926,22,Painkiller,A,0
30.20208346317498,2161.7955987081527,27,Vaccine,C,0
90.87554119303948,1707.3978651989858,25,Antibiotic,D,1
35.46296169996106,2849.885584615648,2,Antihistamine,D,0
57.47211127827277,3922.7963114565737,18,Antibiotic,D,0
9.798209729066802,164.11127805379004,4,Antibiotic,C,0
9.168703395030644,4848.530557202625,28,Antihistamine,D,0
73.43545520955928,4058.9138492432685,19,Vaccine,A,0
47.22559790789015,3768.210833045613,19,Vitamin,A,0
29.34777566007567,3813.9175417934925,3,Antihistamine,C,0
23.08928212236647,1975.8505126123302,5,Antihistamine,C,0
68.64558163162572,3770.521726681828,2,Antibiotic,D,0
5.038146682407288,1964.5125325846402,11,Antihistamine,B,0
81.55966107370115,4498.598806395225,26,Painkiller,A,0
12.528712582343237,927.2507973670248,6,Vitamin,B,0
23.19151341627135,1497.119749865,6,Antibiotic,D,0
41.69245755341351,2779.1208363604264,10,Vaccine,C,0
51.06158027302984,1630.0946276419988,15,Vaccine,D,0
38.72453600232448,2149.974364211603,22,Vaccine,B,0
35.46765567350792,2487.492312523044,14,Vaccine,D,1
96.5720211469529,4288.949076626868,14,Vaccine,C,0
65.95006971812245,2639.8016553630296,28,Antibiotic,B,0
7.22613075990188,1844.1762506420744,25,Painkiller,D,0
45.86671130220975,1276.2940119738232,28,Painkiller,C,1
88.12582647567717,2072.946095021376,2,Vaccine,D,0
33.638337709013456,2602.893716851131,18,Painkiller,D,0
13.982852753566883,3743.26854315602,21,Vitamin,C,0
77.0465533010422,649.1914420530765,9,Painkiller,C,1
62.57131403392772,1146.9654817837968,4,Antihistamine,D,0
59.17968824351787,1929.2873785499323,18,Vaccine,A,0
10.089773162703754,1833.9721053415972,28,Antihistamine,D,0
18.347405930574148,1989.1530336457981,13,Antihistamine,C,0
64.14219264024581,3977.9302599696066,26,Vaccine,A,0
24.7432649385894,1654.564294662757,26,Antibiotic,C,0
52.88665757610031,2534.3959929931902,26,Painkiller,D,0
56.76376017279238,3138.3398126465877,26,Vitamin,B,0
31.933183075739244,1199.2838234088454,19,Antibiotic,C,0
95.10038977644183,3607.5421663803177,15,Vitamin,C,0
85.03409014937964,2758.201032704491,12,Vaccine,B,0
73.62548322511586,2261.5667570053215,28,Painkiller,C,1
12.409417308893863,4058.4309323546536,17,Antibiotic,C,0
15.082351834356848,1255.301532966651,28,Vaccine,C,1
51.81422785717079,4421.7210545409,5,Antibiotic,B,0
20.26776817314364,2827.1912400651836,19,Antihistamine,D,0
97.93521903530004,3065.415652929308,8,Painkiller,C,0
20.059422232603897,4381.541872636267,12,Painkiller,A,0
51.30944436907753,4097.034304854213,17,Vaccine,D,1
39.591500399943016,3027.7322406684066,17,Vaccine,D,0
65.7417100381393,3778.279134048462,4,Vaccine,A,0
17.258458844495365,2194.9314766528396,26,Painkiller,A,0
45.880060664027134,2759.519879823744,24,Antihistamine,A,0
31.096978116678645,357.2471767071301,25,Painkiller,B,1
89.33639484381037,494.79669410023183,10,Vaccine,C,1
8.855642652796032,4155.655750722343,9,Vitamin,D,0
91.80411193061363,345.3746956283585,8,Antihistamine,A,1
84.13444316253504,888.5256718814061,26,Painkiller,C,1
33.26921806187747,3989.3716618046856,28,Vitamin,C,0
79.98261219432494,55.67245560986862,18,Antihistamine,B,1
7.965288232181019,1447.9014277870283,12,Painkiller,D,0
96.85222727787239,2940.991356241778,5,Vaccine,C,1
55.02651954602999,2997.477160773018,5,Painkiller,A,0
33.811697476217304,3896.906895735894,6,Antihistamine,A,0
39.44540519649432,2554.3349597362435,9,Vaccine,B,0
11.308508578747249,2571.539254178303,11,Antibiotic,A,0
98.98820383399372,3640.287348926467,18,Vitamin,A,0
8.732734789315783,2518.191093168103,7,Vaccine,B,0
67.2161766990466,3062.0308784899034,10,Vaccine,B,0
47.059913132113536,4493.981637862503,11,Antihistamine,A,0
95.14704072792793,2037.1824876812411,9,Antihistamine,D,0
28.36997532914554,1956.36910105015,16,Vitamin,D,0
55.548248274111074,67.56750973061799,19,Antihistamine,B,1
50.82383981536153,3086.459994530098,24,Vaccine,D,1
71.77231218475963,197.37094166530332,6,Vitamin,D,1
11.460972035479948,2545.5350241551655,19,Vitamin,D,0
23.40996735221871,4030.957255709522,28,Painkiller,B,0
25.383657908820734,2772.1092990723323,2,Vaccine,D,0
75.12432170996053,1384.6990178225462,3,Vaccine,A,0
22.968176151040307,3941.5336861743876,28,Antihistamine,A,0
59.48171756964278,1385.0991702085673,11,Vaccine,B,0
25.4481629475906,3678.5073156821986,7,Antihistamine,D,0
86.85437025797795,3070.7793531916445,28,Vaccine,C,0
94.50761817651566,891.481668902606,29,Painkiller,C,1
54.25683261951284,4530.412680478719,25,Vaccine,A,0
38.46934399987194,1043.1862306381186,20,Painkiller,A,0
27.235488626662416,4948.456016996315,22,Vaccine,C,0
9.729195144689157,86.18691884195682,12,Vaccine,B,1
30.507507238762063,1354.24271685737,19,Antibiotic,D,0
67.15239909480519,1039.3084715072841,29,Vaccine,C,1
55.69360847437503,119.26738034379001,17,Painkiller,D,1
94.68392143668811,3675.221105729212,9,Vitamin,C,0
42.646339936711556,3482.4577203930016,5,Painkiller,A,0
70.91701752119748,3972.1372735569057,12,Vaccine,D,0
51.48566101013653,1320.657804999598,11,Antihistamine,B,0
53.69474051280011,2249.459077060701,17,Antibiotic,D,0
30.43855988739116,3312.61193202666,13,Antihistamine,D,0
48.22032379998997,2226.854094246311,23,Antibiotic,C,0
49.72457471620719,3501.762563073683,4,Antibiotic,B,0
72.13103956614873,3188.1683717801884,12,Antihistamine,A,0
94.36079992268081,617.5066249597736,25,Vaccine,D,1
36.285521360837905,3916.1634493309916,17,Painkiller,D,0
9.009044515223351,3617.3479775079654,25,Antihistamine,C,0
52.14803692256077,3296.3802187061565,4,Vitamin,A,0
56.72382655417102,817.7133510414615,29,Antibiotic,C,1
21.00185235753195,1376.58242153705,26,Painkiller,B,0
77.24413759622634,1996.2263063586222,11,Vitamin,A,0
98.56826530194171,1435.6516271993949,22,Painkiller,B,1
94.8485981158038,1177.6609388468507,17,Vaccine,C,1
23.725073688246958,4036.5204673007897,27,Vitamin,A,0
88.15950779057226,3209.249619483002,26,Antihistamine,B,0
71.92689545911004,2849.087051173739,8,Painkiller,B,0
48.1154235616566,1168.4659187236066,16,Antihistamine,C,0
56.35804446084926,4594.478983229775,16,Antihistamine,A,0
85.71201662333353,996.3560435317155,11,Painkiller,B,0
50.61281926564545,3985.0071174821514,4,Painkiller,D,0
40.45470006498705,4835.0297001912,7,Antibiotic,A,0
51.858511837468654,3649.1090096599687,27,Antibiotic,A,0
60.01733138332966,4964.650937163917,19,Vitamin,D,0
22.96237710894314,3272.703029040836,23,Vitamin,A,0
90.58623437536411,1126.4287008392803,29,Vitamin,A,1
69.04776013881332,1058.906493896731,6,Antibiotic,D,0
65.16054714706144,1656.593207064608,17,Antihistamine,C,0
14.452141487160622,85.29360009398,14,Vaccine,B,1
62.39652412639622,3424.407426910031,4,Vaccine,D,0
16.491262912656772,1379.9055339077465,16,Painkiller,A,0
12.476279143562909,4085.1569998491264,24,Antibiotic,B,0
55.09453508602736,1827.9046202685363,28,Painkiller,B,0
43.264625734417024,2425.784642643398,21,Vaccine,B,0
60.936975664841206,4830.160136973828,28,Painkiller,C,0
13.476105965437666,1248.7520090840217,7,Antibiotic,A,0
45.943390970489546,3620.2077822772108,26,Antibiotic,A,0
21.604737929290007,3787.833057061815,29,Antibiotic,B,0
98.77450816279108,1143.940879741994,23,Vaccine,B,1
58.30927018134157,2529.9343412303683,5,Antibiotic,C,0
70.3065017893824,1783.4995302991933,16,Vitamin,C,0
35.91473666484774,3870.9359048304414,27,Vitamin,B,0
14.000196904037695,3131.292429193735,19,Antibiotic,A,0
97.70773196443598,2406.116121559708,10,Vitamin,D,0
32.1946083614024,3907.8481619862055,21,Antibiotic,C,0
45.26177759148955,1214.0200715416643,5,Vaccine,A,0
66.73707256174463,3780.4283088925777,17,Vitamin,C,0
7.346243280180572,4333.602844859481,19,Vaccine,A,0
81.97461739914226,4399.176904197484,6,Vitamin,B,0
55.97492805271893,3929.1842854470387,14,Antihistamine,C,0
31.430632771538104,2069.67012664143,7,Antihistamine,D,0
10.85275860278458,4909.949712453244,27,Vaccine,B,0
20.437349470071936,1928.9885369210774,23,Vitamin,C,0
90.0282165910765,3211.195725557007,20,Antihistamine,B,0
70.17230127390965,847.3171814438699,13,Antibiotic,D,1
28.740663555504536,4903.222048250144,16,Painkiller,C,0
11.232072669777805,3534.730313230083,10,Antihistamine,C,0
70.60845467673045,3779.218848969523,8,Antihistamine,C,0
59.37873396693769,375.5946818851658,15,Antibiotic,A,1
43.42935482353233,3828.918180392325,20,Antihistamine,A,0
39.543087673056064,3884.8809746419765,21,Antihistamine,C,0
25.597356213265286,3375.2749954930377,17,Antihistamine,B,0
68.61306937106417,1494.952588262201,24,Vitamin,B,1
97.2134626404177,2473.9657086963634,28,Antihistamine,C,1
21.692948354498455,596.6501379781465,25,Painkiller,D,0
61.72607890147282,2384.3559789728056,23,Vitamin,D,0
45.29758029586774,1256.928070372004,5,Vitamin,D,0
47.435428565743166,1778.0300831457062,13,Vaccine,A,0
29.14399161214237,854.872021598308,19,Antihistamine,A,0
83.38781318783481,1188.7691203471402,27,Painkiller,A,1
51.099282393987906,429.0147770095754,9,Painkiller,A,1
56.62355595883509,4603.511763862761,18,Vaccine,B,0
33.95228671574594,2675.5329054782464,26,Painkiller,C,0
22.271804238360225,2013.8727577505615,25,Vitamin,C,0
13.161486879267946,2698.3946032054805,4,Antibiotic,C,0
72.841318387867,3160.051480983686,27,Vitamin,B,0
23.642256760346285,4613.300027178278,5,Antibiotic,D,0
70.55715864793578,934.5301138172509,11,Painkiller,D,0
42.085762374460614,1512.9848682443271,17,Antihistamine,A,0
44.49860609401689,4880.157214903367,21,Antibiotic,A,0
49.571862128813315,1887.4052839101957,3,Vitamin,B,0
39.9323082721166,161.68017124877179,13,Vitamin,B,1
14.558897836146057,780.8352885539362,17,Vitamin,D,0
34.41502195027035,180.3765736553325,28,Vitamin,C,1
68.05476426592415,4950.119554982606,11,Vaccine,C,0
68.24951813954274,1430.4107025065541,6,Painkiller,B,0
32.19130918779946,4621.536646834319,13,Antihistamine,B,0
48.70974952298036,4979.637065010593,4,Vaccine,B,0
23.37748666113406,3019.2140446584153,13,Painkiller,A,0
24.985347745334398,214.3217595745307,28,Antibiotic,C,1
7.189473398627704,453.87857041528844,2,Vaccine,B,0
90.19092224123574,2433.8658227839946,3,Vaccine,B,0
25.01713318211609,2060.5514639118555,12,Vaccine,A,0
26.615718308964016,3050.5776636197497,13,Vaccine,B,0
31.56213610128752,2222.2966580712514,8,Antibiotic,C,0
17.103766811065753,4673.680403893848,2,Vitamin,A,0
65.72997390222946,2696.9615912968798,29,Vaccine,B,0
12.138580551870724,3483.944004239089,14,Painkiller,C,0
17.749230501003275,4487.602099580358,14,Vitamin,C,0
66.25188902605882,777.0157853743765,3,Antibiotic,A,0
37.26775894573706,1187.1865378867165,11,Antihistamine,C,0
72.25504353661296,581.2273693463745,24,Antibiotic,A,1
57.955350743663494,741.2100761880658,2,Antihistamine,C,0
29.322011440843742,2587.290636324454,8,Painkiller,B,0
66.82865529648618,1639.837331888947,14,Antihistamine,A,0
16.04599962782366,2144.705555657437,25,Vaccine,C,0
55.95898639260289,4913.324667380606,28,Vitamin,A,0
46.52906997927829,825.6865215899431,3,Vitamin,C,1
30.447990367656875,2727.019750450474,21,Vaccine,A,0
62.38047478525251,539.4122175155723,8,Vitamin,B,0
87.77669127232684,1626.5567506561993,18,Antibiotic,A,0
99.89594647749229,2661.253322189263,23,Vaccine,A,0
62.73746303062533,4735.827142528422,6,Vaccine,B,0
43.447058061271164,1986.5796953532408,12,Vitamin,C,0
26.39467452053915,371.2881462626156,23,Antihistamine,D,1
29.424128492535615,1971.3991674035688,25,Painkiller,B,0
50.54822292422774,771.4188205761898,12,Antihistamine,A,0
39.89138162166738,1188.4485857926543,12,Antibiotic,B,0
91.8123796493697,3109.5485846667025,18,Vaccine,B,0
39.9880694272924,383.7481377082243,20,Vaccine,A,1
40.477236158816375,2350.382593437685,28,Antibiotic,A,0
41.43577868122781,3066.8348507532837,26,Painkiller,D,0
84.47891998492751,2138.1990422191097,29,Vaccine,B,1
66.82489048045568,144.67543558746527,9,Antihistamine,A,1
63.34604078029481,4928.320816669184,21,Antibiotic,C,0
36.743587126466906,1867.2230483356498,28,Vaccine,C,0
82.70089679908175,3903.9570753196713,15,Antihistamine,C,0
8.644566828791607,1661.9501363278935,11,Antibiotic,C,0
87.72573137212075,2401.3329471174234,26,Antibiotic,B,0
53.711240480423314,1972.8950309244328,8,Antibiotic,B,0
42.833772312024216,1745.569186072558,3,Painkiller,D,0
52.23089166818014,158.1643171785048,18,Antibiotic,B,1
68.40447540071395,1832.1036423797923,2,Vitamin,A,0
6.212715519200249,4452.975452477674,14,Vitamin,D,0
87.79742636353353,3467.4470260387343,20,Antibiotic,B,0
47.44025490458232,769.8431525224272,15,Vaccine,B,0
37.58181937150743,2976.217272882559,27,Vitamin,A,0
18.133328735235423,4466.542756746914,19,Antihistamine,A,0
46.749210564052,3515.1685027760345,21,Antihistamine,A,0
52.15066327201599,785.9877421656488,15,Vaccine,C,0
43.34643597688039,4345.770858835758,16,Antihistamine,B,0
69.47270891355522,1542.6428657798836,15,Vaccine,B,0
44.98517023212647,2297.676914346092,25,Antihistamine,B,0
96.33466989542447,2654.4066604612744,6,Antibiotic,D,0
61.93136419324122,4260.007691672066,17,Antihistamine,D,0
81.71040388693135,4661.457100980922,6,Antibiotic,D,0
15.38881079540049,4651.781745063253,23,Antihistamine,D,0
42.74267282986104,89.37319732877617,14,Antihistamine,D,1
37.000531637479504,4613.348003648013,29,Antihistamine,A,0
59.10082687297622,319.21548170778306,17,Antibiotic,D,1
86.80578440583544,1365.5796012463052,16,Antihistamine,B,1
12.442130687390634,2599.189880902773,6,Antihistamine,C,0
11.894605814247525,2425.6321605717503,22,Painkiller,B,0
85.78018227497189,3043.3134797425905,24,Antibiotic,B,0
25.220758173643954,2423.258832248179,7,Vitamin,A,0
68.5315591727323,4675.159614220083,14,Vaccine,C,0
56.57342257427649,1240.7167986622057,17,Painkiller,B,0
84.1248915142868,1406.4222354905048,11,Antihistamine,A,0
16.883446434458335,4607.652781680628,28,Vitamin,C,0
17.32938174364807,429.86059303901834,3,Vitamin,C,0
57.897744226439215,3067.326068428809,14,Antihistamine,A,0
94.90597206904523,3424.5929627247733,18,Antihistamine,D,0
44.424787045221656,2552.4315309772105,2,Painkiller,A,0
36.05949952419602,3486.447800174529,5,Antibiotic,A,0
62.635485703799155,905.1354977592366,19,Painkiller,D,1
93.39261705177795,4270.529552219123,7,Antibiotic,A,0
84.50814412023925,743.1271628759337,29,Vitamin,A,1
99.57094301965589,2034.021599362961,13,Vaccine,A,0
7.144015404225824,422.5251264756187,26,Antihistamine,B,0
15.721523747712412,2748.794840146131,27,Painkiller,A,0
62.89943751982909,3365.241746756914,28,Vitamin,A,0
82.95476173671572,4709.047093721688,27,Painkiller,C,0
32.09821251914282,3709.714169685204,25,Antibiotic,C,0
27.725053363250783,2728.459436448048,21,Antihistamine,C,0
79.76270094121408,4666.454234993152,14,Antibiotic,A,0
10.356276116057,2418.262348302339,29,Antibiotic,D,1
40.09135152034558,2827.9679828394032,3,Antibiotic,A,0
53.051876146271326,3000.687711966974,18,Vitamin,B,0
58.23312406328073,2079.399643138506,24,Antihistamine,B,0
74.21843989531381,4200.48931830083,11,Vaccine,B,0
38.71034372591253,966.6208972830426,20,Painkiller,B,0
63.20501274408768,2796.4688423394596,23,Antibiotic,A,0
60.61066516514085,3625.0546181266104,6,Antihistamine,C,0
57.02352956210598,4524.682050789057,22,Painkiller,A,0
65.84591284851015,4425.396062349678,13,Antihistamine,A,0
29.647671251467248,2568.2644326792024,19,Painkiller,A,0
13.041631590539753,3233.649183258541,10,Antihistamine,A,0
16.330808843775625,2001.47679384004,12,Vaccine,D,0
26.335326352120603,2367.4799262569913,5,Antihistamine,C,0
52.5188038746646,4536.015673236595,11,Antihistamine,C,0
84.84206130187191,4656.984766302746,2,Antibiotic,B,0
71.62286749839649,4482.299587431748,3,Antibiotic,A,0
79.95885739919447,734.9357659775092,10,Antibiotic,B,1
38.34268427297868,4257.915905586649,24,Antihistamine,C,0
43.44210545661227,4744.400468556328,27,Vaccine,C,0
42.39977916910822,1838.1859881393432,19,Painkiller,B,0
23.227952518427646,2617.2991326372626,17,Antibiotic,C,1
10.815582523639343,3906.5215162743298,24,Vitamin,C,0
61.13702881858654,2832.286780949961,15,Antihistamine,D,0
98.97558492495568,4967.743432445935,5,Vaccine,A,0
20.84882197027497,2305.7811575263004,27,Vaccine,A,0
9.435057890431008,3584.016420476519,3,Antibiotic,C,1
79.05550977327363,3973.326143972894,13,Antibiotic,C,1
28.9956706350488,2495.797058004275,21,Vitamin,D,0
83.8161615085282,4292.06983827131,6,Vitamin,B,0
71.87398336827896,2753.4652264756223,5,Antibiotic,D,0
94.83898601982644,2087.6714441680756,16,Painkiller,D,0
43.84808739688384,583.7271855671378,4,Antibiotic,B,0
67.88713474781025,1997.3972029345996,23,Antibiotic,C,0
49.161204177260714,3682.9854509297566,18,Vaccine,A,0
64.90592624431163,4610.367737816531,9,Antibiotic,D,0
47.711896070735044,1295.813049108536,13,Antibiotic,D,0
22.92006341028711,1808.415810785988,22,Antibiotic,A,0
53.250254520321185,812.1069208169097,9,Painkiller,D,0
55.21549913655702,3469.0783264333954,27,Vaccine,B,0
82.0073655847153,4802.93272854913,21,Antihistamine,A,0
74.87446705039021,3222.713488248469,21,Antihistamine,A,0
68.06020427443718,3104.5288235308203,6,Antihistamine,B,0
15.77177407749439,2789.775155977148,22,Antihistamine,B,0
73.45854761305293,487.8559163934058,28,Vaccine,A,1
52.5289898536789,3661.0439408254488,7,Antibiotic,B,0
89.93945593008513,3030.1452405692867,6,Antihistamine,D,0
92.38773874240157,3324.310005838621,22,Antibiotic,C,0
10.239876107169618,4499.114910485737,9,Antihistamine,D,0
82.96094823367548,3930.6058959520387,23,Painkiller,B,0
8.581252090153708,3915.530498164904,19,Antibiotic,D,0
39.88111444102715,4639.55965595277,5,Vaccine,C,0
56.51849768400252,4950.178009741848,5,Painkiller,C,0
19.069575869577108,2927.349523207245,6,Painkiller,C,0
75.89981219406229,588.9639993542704,16,Vaccine,B,1
5.793696896353165,2322.6930434884102,7,Painkiller,B,0
21.0169096012335,3948.6256749851395,28,Antibiotic,B,0
60.175698836080194,187.24035757115348,22,Vitamin,C,1
72.86681839354277,331.59281986293786,17,Vitamin,B,1
92.08109475592204,382.4310227949656,15,Antihistamine,A,1
72.02218193378927,3668.6270037251384,15,Antihistamine,D,0
68.81903067421226,2530.774811387702,17,Antibiotic,D,0
42.46240890331311,1876.0448204269383,28,Vaccine,A,0
5.122020425046134,572.8043740455931,23,Antibiotic,B,0
16.415129579884084,3674.589238519151,25,Antihistamine,D,0
55.782681751823716,1639.0480622269533,5,Painkiller,C,1
69.13733915521988,1363.3541468201026,12,Antibiotic,D,0
44.65758697016393,3278.9800476900773,20,Antibiotic,D,0
74.41450609519707,2817.1039183543667,26,Vaccine,D,0
54.576918056556984,1843.9326769758432,20,Antihistamine,B,0
12.04673858145966,3225.362980487661,28,Antibiotic,A,0
23.24154384195514,1392.546525901385,9,Painkiller,D,0
84.79983120817458,3984.4097949414177,11,Painkiller,C,0
73.86671092932175,1185.128804022887,29,Vitamin,D,1
90.00238876618702,836.2465921409774,6,Antihistamine,B,0
16.167938666488972,3923.075077019431,17,Painkiller,B,0
99.07114078843202,3554.065551954769,26,Vaccine,C,0
24.89363782524369,954.0629297239022,4,Antihistamine,D,0
6.119088247230991,625.4164758151929,27,Painkiller,D,0
99.75517921008765,4200.075488009126,11,Antibiotic,C,0
31.702019117285747,3894.1624868736058,25,Antihistamine,A,0
68.4618479886932,1669.923999813338,14,Painkiller,B,0
21.784819846748995,3308.077170656165,8,Antibiotic,A,0
60.121710558918465,664.5929234116635,13,Vitamin,A,1
90.88332371318313,2559.8859122860067,24,Antihistamine,D,0
35.417210905701666,142.71494569907838,15,Antihistamine,C,1
68.67412772421412,1988.4293105616996,28,Painkiller,B,0
22.85084093584957,420.4719662834552,11,Vitamin,A,0
64.3555628782789,2401.9785417765684,10,Vaccine,A,0
36.96278342266346,2137.324151921827,13,Painkiller,D,0
25.06478456585541,2249.7058818583773,25,Painkiller,D,0
34.752294816845335,274.38994513757063,4,Vaccine,D,0
21.989901508240937,1840.0008893450704,14,Vaccine,C,0
90.68203024459886,3794.5950530445866,7,Vaccine,B,0
42.73275420012724,1876.1261481004194,28,Vaccine,B,0
28.301533972564897,3590.1011654174245,7,Vaccine,D,0
47.59874489651362,1878.9196819869796,22,Antibiotic,A,0
35.45093584661708,2145.035235376423,20,Antibiotic,D,0
75.71982911226597,2841.2659585048673,26,Vaccine,D,0
97.26589162912197,4755.875587195058,8,Vitamin,C,0
46.61319738627645,588.8592109009431,5,Vitamin,D,0
86.79817299736284,212.92315487280973,23,Vaccine,B,1
58.756991988163854,3059.3880598597234,6,Antibiotic,D,0
19.93738818395218,4748.030590195711,2,Vitamin,B,0
70.60916049772744,4949.129506145839,19,Antibiotic,A,0
53.776277226952914,2446.613024590409,18,Painkiller,B,0
66.80761970894983,2367.0040243712374,10,Antibiotic,B,0
89.52030419430817,3242.5706651887213,10,Vaccine,D,0
46.841284212324375,2800.3920481646005,22,Antihistamine,B,0
90.61187420564879,3188.735885189885,25,Vaccine,B,0
76.31355635675722,4376.297156412576,11,Painkiller,A,0
51.41746795840855,3744.215538963666,21,Antibiotic,B,0
62.30610288750655,2509.543088849638,18,Vitamin,B,0
35.930207589306086,2336.2290720508395,14,Vaccine,D,0
98.44174347518354,3216.0286551399245,5,Vitamin,C,0
68.39836048978762,2305.7461078804727,24,Antibiotic,D,0
9.16545098717984,2316.007788764917,28,Painkiller,A,0
36.02908104606083,130.71421384319885,19,Vaccine,D,1
64.21487120711046,911.6174801661766,19,Vitamin,B,1
10.35166139092778,2468.1425179789776,23,Vaccine,C,0
7.268998175318563,4122.134622299327,10,Vaccine,D,0
47.752302755141244,1429.6986832992645,4,Vitamin,D,0
36.60556707080365,2637.0849939991876,8,Painkiller,A,0
46.63836776315076,1757.5623195581993,27,Vaccine,B,0
29.95586443860049,568.7797482209656,16,Painkiller,D,0
20.648185959583188,4793.577491202938,10,Painkiller,D,0
70.46861891313208,4280.635657738993,28,Antibiotic,C,0
53.88425604544105,438.5375011111867,10,Vitamin,A,1
24.01465006868985,3612.9469492180087,28,Antibiotic,B,0
35.360995494699836,1770.5205265696259,5,Antihistamine,D,0
61.22175122801596,4974.506544955873,19,Antibiotic,C,0
11.861788085885395,1546.8726731534396,18,Vaccine,D,1
19.008035880287057,1231.7553045448697,23,Vaccine,D,0
11.958332390202061,2861.0582141117557,22,Vaccine,A,0
82.17014660784129,4183.87450854886,7,Antihistamine,C,0
76.47887715514088,1002.968415508,8,Painkiller,C,0
76.56472852852943,3561.5437101106895,26,Vaccine,B,0
73.05090763022267,353.96258654855234,11,Antibiotic,D,1
68.59161524863757,4598.726978396961,11,Painkiller,C,1
50.31423196092662,451.320834929129,28,Antibiotic,D,1
66.01642553317592,4575.445312903605,7,Antibiotic,D,0
8.64434770485759,2479.495884790879,7,Vaccine,B,0
64.03912015239453,2268.051008339803,20,Antibiotic,B,0
78.89838202600333,4867.870043526864,9,Antihistamine,C,0
52.53404423651707,4952.401679606184,10,Painkiller,D,0
38.96376620058751,3268.381723507009,2,Vaccine,C,0
31.355539806093017,679.2404946923901,17,Vaccine,D,1
66.06619476539782,2555.5419239932526,7,Antibiotic,C,0
70.81611386984133,2669.357349730529,24,Antibiotic,C,0
87.74192198694155,2596.5098192697833,28,Vitamin,D,0
37.52173783379412,2868.984600674048,9,Vitamin,A,0
78.12836920163063,142.6873332822338,16,Vaccine,B,1
58.32880329798711,3570.575043278987,13,Vaccine,D,0
88.86946661441752,3576.351794667291,11,Antibiotic,C,0
55.14215028808397,621.5753871305452,17,Antihistamine,A,1
54.17483369780689,2872.6852401067135,16,Antihistamine,C,0
59.898322736886364,2863.387853057084,12,Antibiotic,A,0
76.18495873853126,3428.1295799424806,25,Vitamin,D,0
96.64559548870379,472.7185760686514,8,Vitamin,B,1
11.988518650497737,3151.191370967177,9,Antihistamine,C,0
10.07628722714663,1439.7221561943888,12,Vaccine,A,0
94.06728205369716,2559.664802956051,10,Antibiotic,A,0
55.33818442422958,3877.9515858851796,27,Vaccine,B,0
63.41578638385893,3542.947384996916,8,Vitamin,C,0
50.83024215149924,638.5699375060673,16,Antihistamine,D,1
13.897457997710077,2976.3646962245625,16,Vaccine,D,0
77.96849094977333,4847.126828156656,17,Vitamin,C,0
75.98634128341575,826.0087148082612,4,Vitamin,B,0
34.61181554181714,4271.890084240804,17,Vitamin,B,0
34.09272829669804,3527.612998741196,16,Vaccine,B,0
84.59493118602425,3881.31639890331,26,Painkiller,A,0
11.873939485426028,1445.693719356095,2,Antihistamine,A,0
88.70498909387375,1475.0502004302202,15,Vitamin,B,0
29.38286054011187,4534.796306093616,25,Vaccine,C,0
61.33355103677192,1831.1685588581654,23,Antibiotic,D,0
93.91944700516889,361.9261839294119,12,Antihistamine,A,1
69.4216376459814,3022.953682718278,4,Antibiotic,B,0
44.370832184368474,667.8474617571212,10,Antibiotic,A,0
70.50574984601444,3993.1513949691457,7,Vaccine,A,0
37.678065450055165,3226.6448903802343,24,Painkiller,B,0
31.33954955317268,4379.896200844981,17,Vaccine,C,0
99.68491140379457,3934.9443864240443,12,Vaccine,D,0
76.32507196207983,604.9625592740709,19,Antihistamine,C,1
66.24839785127267,1936.2998483503902,18,Vaccine,A,0
38.752516105835284,3884.073237077207,18,Antihistamine,C,0
9.670278769729574,2115.8402926683125,4,Vitamin,C,0
7.950403223339784,4863.209149660893,28,Antihistamine,D,0
57.64721926763589,3691.9152269725737,20,Vaccine,B,0
77.39310849870985,126.72458761708907,25,Vitamin,B,1
56.05102309216623,4405.92917322614,24,Vitamin,B,0
84.87458183421589,548.9836850993602,16,Painkiller,C,1
8.175520643856055,745.592434691425,11,Vaccine,C,0
39.84144726046431,3685.737383024702,9,Antibiotic,D,0
27.521687161546915,4331.594369180877,18,Vaccine,B,0
47.490931974926596,2704.930658102802,5,Antibiotic,D,0
11.875757353441635,1480.796178081607,9,Painkiller,D,0
95.6425059492519,1789.011949003219,27,Vaccine,C,1
26.209263101589286,1747.3021815004772,3,Painkiller,B,0
92.61923867094056,1667.0566138570855,24,Antibiotic,A,1
45.45984972848477,1252.4028755171664,9,Antihistamine,A,0
98.62479265924571,3063.8921184147034,26,Vaccine,C,0
57.63554642872002,4507.0063268970825,8,Vitamin,C,0
93.4291220967017,1570.0579447625387,29,Vitamin,C,1
5.50815392595117,974.1367724339898,10,Painkiller,C,1
76.0826865871855,4200.959448538553,19,Antihistamine,A,0
90.78981204473897,3721.8274879040314,28,Vitamin,B,0
18.273453863000636,4657.6433062215565,18,Vitamin,D,0
14.131955914554391,869.3226912443026,2,Vaccine,A,0
45.33439768266578,764.0440048771281,28,Vitamin,B,1
93.69949608262884,2730.075501809734,13,Antibiotic,C,0
56.52672321809168,3091.4465914337216,5,Painkiller,D,0
55.10836405356456,2426.8585372049683,18,Vitamin,B,0
18.406981238435577,3014.8848498031834,8,Vaccine,B,0
5.075003553855785,942.8798559316032,25,Antibiotic,D,0
81.96330862081882,2424.0880831122126,4,Vitamin,B,0
13.31958348369263,3307.558176651356,2,Painkiller,B,0
65.21573277985578,2191.8969237810834,20,Painkiller,D,0
91.88856317894319,3413.2643122921595,3,Painkiller,D,0
24.821931750050947,2283.396838741506,7,Vitamin,A,0
68.20091944250652,1701.3179251692725,12,Antibiotic,C,0
12.476364787213399,1552.844983081107,24,Antihistamine,C,0
62.356738664573236,2083.9651919935104,26,Painkiller,B,0
20.573513490554262,164.2936322768941,22,Antibiotic,C,1
74.91558824894192,3359.1994353082628,5,Vaccine,A,0
33.61697300542128,4233.272922852296,2,Vaccine,B,0
49.02214583644139,1805.4041174934368,12,Antibiotic,C,1
61.94590149262406,277.8640239015068,17,Vaccine,C,1
21.27097401329276,4934.53920705851,7,Vaccine,B,0
75.45559276867398,1355.3063644827814,12,Painkiller,D,0
33.750832360497384,676.7745523693263,9,Vitamin,A,0
67.92532669171158,1880.2749144664883,21,Vitamin,B,0
20.036889816440496,3705.8573511361055,2,Vitamin,B,0
70.37117762460328,1504.8871546083003,15,Vitamin,C,0
17.177866916993864,2894.7808594014646,22,Antibiotic,D,0
45.40886714564844,2107.0219724638537,27,Painkiller,C,0
28.484577005193298,632.9317617692615,22,Antibiotic,B,0
76.09564869567734,1684.9207118359457,3,Vaccine,B,0
29.893325428153084,3638.10900328463,7,Painkiller,C,0
88.76314410756264,3079.419291790656,27,Antihistamine,D,1
89.72292008362822,642.9029804236269,10,Vitamin,B,1
23.661924946164657,858.4459280858274,15,Vaccine,A,0
63.315364775733805,3221.630128571855,23,Vitamin,D,0
13.333175963396611,4076.406300888301,9,Vitamin,B,0
42.196024462154774,1779.898754992938,27,Vitamin,D,0
72.76556430262086,2996.788221625078,4,Antihistamine,D,1
67.64520845074205,894.6857643229212,11,Vaccine,A,0
64.34656359362776,1591.312867681353,19,Vitamin,B,0
31.84138204793214,150.33751808161037,21,Vitamin,D,1
40.91237019626819,3852.9659416076365,29,Painkiller,B,0
14.779883746527187,2034.9986078761856,10,Vitamin,B,0
73.30716794119209,4089.8215895870717,10,Painkiller,D,1
52.869435695170985,3556.4463303124953,20,Vaccine,C,0
72.33273507283718,4152.284115355961,29,Vaccine,D,0
28.649634855702914,1464.0104144352697,14,Vaccine,C,1
35.82163172033129,966.288215617834,2,Painkiller,C,0
36.750457039710895,4860.9331291257695,18,Antihistamine,C,0
7.445528925985538,3600.772545852304,5,Antihistamine,C,0
37.399547918909235,4178.509226237018,5,Vitamin,D,1
81.31393448421319,115.01019986417195,28,Vaccine,C,1
90.24335709622515,1804.5850204646385,17,Antibiotic,B,0
54.23073998541311,3726.9426183577916,29,Vitamin,D,0
48.27266104582592,436.01502330041745,17,Antihistamine,A,1
7.9283387764401745,2858.3326513662314,16,Antihistamine,C,0
88.52441207061135,2173.910198902266,27,Vaccine,D,1
6.235970275457908,137.20171034848113,7,Painkiller,C,0
94.75125761997012,1218.0791067412842,6,Vitamin,B,0
51.475543625368616,1459.7203458802353,23,Painkiller,C,0
37.48377688959903,603.7067344142962,11,Antihistamine,D,0
92.8007513100527,3176.107703226169,8,Vaccine,B,0
7.31714434545919,1249.8694874468506,8,Antihistamine,C,0
60.23536501256328,1424.2165231159724,11,Vaccine,A,0
57.14858982743707,4496.28106109073,11,Antibiotic,C,1
25.835438115081296,2362.2593088310405,26,Painkiller,C,0
45.744305978270006,1991.0343274978982,16,Vitamin,B,0
66.96508056465817,3633.16163965785,7,Vaccine,C,0
74.07746370378311,4552.588294570415,25,Antibiotic,D,0
5.068101577125079,173.929864375347,3,Antibiotic,D,0
94.00107585864646,2268.7822904492127,9,Painkiller,B,0
20.629910377317177,3073.367712585839,26,Vaccine,D,0
27.190141251124125,1626.8873357236484,21,Vitamin,A,0
30.029977340915583,3873.4182245100465,16,Vitamin,C,0
8.592912972443354,4858.811497837855,22,Vitamin,B,0
16.68995174108087,4719.965462938902,22,Antihistamine,D,0
98.70324267969539,1366.6135699307122,19,Antihistamine,A,1
34.94559005084217,1170.3744782655556,6,Vaccine,A,0
15.953603582209688,4789.578128555044,26,Vitamin,B,0
15.164169811589215,2320.2110127857563,5,Antibiotic,B,0
73.34869692864733,1081.073729269224,11,Vitamin,D,0
86.18402308310088,3549.63496997057,20,Vaccine,C,1
29.410468453304638,1457.8806033237684,15,Vitamin,A,0
6.986403671847322,1372.872526601709,24,Painkiller,A,0
26.193551752308803,4402.2827632350345,25,Vitamin,B,0
10.368990625691946,854.2718092156721,14,Antibiotic,A,0
14.822518979853944,368.7450850078701,11,Vaccine,B,0
45.99327138552602,1382.472878849852,23,Vaccine,C,0
26.842245231855095,3054.379793549109,7,Antibiotic,B,0
54.014858459915224,659.2848743461892,14,Vaccine,C,1
29.081906559433087,2384.393627770129,22,Vitamin,D,1
94.35104360478003,3155.318696605333,12,Vaccine,B,0
91.06467695299513,4251.248113336211,23,Vitamin,D,0
58.846579975994274,1187.8544764511591,26,Vaccine,C,1
38.67027923880168,4095.8643007448077,16,Vitamin,A,0
41.20895379329988,1212.785992599631,3,Vitamin,D,0
44.125966898727214,3399.9943791362207,27,Antibiotic,B,0
74.12003560281968,2181.8341788381526,28,Antibiotic,B,0
47.9057045742896,617.6721497744173,16,Antihistamine,D,1
86.38934491806025,3585.604140968151,20,Antibiotic,D,1
94.68900466338464,1127.9249618176382,18,Vitamin,D,1
36.914884570998716,924.2859588217277,21,Vitamin,B,0
58.26597573068961,1823.6984965174468,19,Vaccine,D,1
14.030370999093622,3283.786711559443,7,Vaccine,D,0
24.044559537804105,1208.2825700136075,16,Antihistamine,C,0
44.27924783746521,959.1246169703344,18,Vitamin,D,0
24.589258010668992,99.27044728115345,25,Antihistamine,D,1
88.27324662492816,2384.6333306535316,27,Vitamin,B,0
20.037194325614315,2171.7955681101544,23,Antibiotic,B,0
48.28777804754374,1207.6453310050126,10,Vaccine,A,0
62.54142784368819,315.5782118479692,13,Antihistamine,B,1
70.72707127528022,2174.816579249393,23,Painkiller,B,0
41.39159012401814,3951.615299804575,27,Vitamin,B,0
87.5644115288492,3590.6465500695263,24,Antibiotic,B,0
58.99031935240293,4310.9347048078425,6,Painkiller,D,0
46.75323914251742,97.43430418012034,15,Antibiotic,A,1
11.387860234943478,4833.775618182763,25,Antibiotic,B,0
49.145499502290676,1739.9906505058693,9,Vitamin,D,0
82.96990487749437,4952.469090655226,27,Antibiotic,B,0
63.38139673102497,1300.4663299787844,26,Antihistamine,A,1
84.05543310426624,2384.1051185123115,29,Painkiller,C,1
51.93110870693403,1801.9419990477531,23,Antibiotic,C,0
16.253861983975774,1811.015539221798,18,Antibiotic,A,0
6.295785354408702,4219.296388803668,10,Vaccine,D,0
33.80585693826616,3744.773751699827,4,Vaccine,D,0
71.30909479229028,4961.149604388738,26,Antihistamine,A,0
80.07469087446091,3086.897679451687,8,Vaccine,C,0
33.09651928893129,2343.1201917527883,13,Antibiotic,B,0
52.08712248390847,495.8656215871111,4,Antibiotic,C,0
45.00629592123775,4982.979026593591,10,Painkiller,B,0
43.999664513385646,2780.0767320148,15,Vaccine,A,0
26.978127754014295,3517.363474966202,24,Vitamin,A,0
17.955254977798546,2063.3748165969914,24,Vaccine,A,0
23.685413031965247,2761.1927554872177,24,Antibiotic,C,1
10.256576780517879,4715.759772869792,19,Painkiller,A,0
23.82242047323982,873.7762177614336,12,Vaccine,C,1
5.8740852744110486,1497.2442924347602,5,Painkiller,D,0
64.58954806041794,802.69565250126,27,Vaccine,B,1
35.05566370182987,3971.4687238336346,9,Antihistamine,B,0
97.44874758555632,357.12403908805635,29,Antibiotic,B,1
23.4031198237483,454.07666676412464,19,Antibiotic,A,0
37.85371417941142,1527.545858297475,14,Vitamin,B,0
38.99491007094566,2595.231495559006,5,Antibiotic,A,0
5.802892125933751,2061.0602627699536,11,Vitamin,C,0
84.7247555387486,271.840737820496,9,Antibiotic,A,1
8.039473713710848,4789.58321146121,13,Vaccine,B,0
94.31708429927794,4766.704125772514,20,Vaccine,A,0
89.74706335389396,1432.8138000417614,13,Antihistamine,A,0
55.874582028166536,3671.0517955794785,23,Vaccine,C,0
56.64157961657275,2913.9482863469575,29,Painkiller,A,0
67.10890268083486,1225.5096402778393,3,Vaccine,B,0
41.76975113381426,1347.7491811209964,25,Vitamin,A,0
66.48611692279627,2481.2082128367297,9,Antihistamine,D,0
9.252996925406253,2125.2228604119327,29,Painkiller,A,0
10.134524598224024,1491.585174744758,14,Painkiller,D,0
48.43688986385671,4047.1824017104873,2,Antibiotic,B,0
57.21411860507332,2433.2414423050554,4,Vitamin,D,1
89.34267583190281,3291.497908826183,3,Vaccine,D,0
14.942760221250145,986.9038258309836,24,Vaccine,D,0
83.15155308341949,2690.8629294566094,24,Antibiotic,D,0
24.95449704274661,1623.9814447607764,21,Vaccine,D,0
42.437946608453025,2655.7473714546472,29,Painkiller,A,0
35.077231308604226,3915.0878753840943,29,Vaccine,C,0
43.014750922212905,3856.1203899517454,9,Vaccine,D,1
19.29707231689563,1803.392356269666,4,Painkiller,B,0
52.83915706833772,3486.6717295442136,26,Vitamin,B,0
81.15604603397989,4709.385254451671,22,Vitamin,A,0
46.94573098599521,3147.0631831282867,16,Painkiller,C,0
51.60828971032891,784.6301107440539,3,Painkiller,C,0
85.63292060172485,3414.557714931521,26,Antihistamine,D,0
72.07552089061292,569.276712429091,18,Antihistamine,B,1
51.59316880937955,4366.946523525485,28,Vaccine,B,0
29.481086577972068,2607.4694542196044,25,Vaccine,A,0
89.06804095027184,1956.4466447423185,7,Antihistamine,D,0
59.816938160603044,332.18264351597725,29,Vaccine,B,1
26.00902296051587,1934.8794862309428,2,Vitamin,D,0
30.566376500610986,4520.8730061831575,5,Vitamin,C,0
81.29764344894336,153.86583161720074,20,Antibiotic,D,1
9.19382839830827,2399.5083810199344,8,Antihistamine,D,0
99.24875776773791,4659.232550997581,24,Vitamin,A,0
17.38340957290522,2004.4629488368544,23,Antibiotic,A,0
80.62650991270905,2169.4696529376447,15,Painkiller,C,0
42.503655093309874,2913.8722732356437,27,Vitamin,C,0
51.760537412309354,2341.539801207058,15,Antibiotic,D,0
88.6618048591349,884.5783716258845,11,Vaccine,B,1
44.226563010975255,141.849918395809,29,Antibiotic,D,1
56.06190659895728,3068.567706994573,25,Vitamin,C,1
9.683467928871146,4607.99260568867,8,Vaccine,A,0
5.22301001740805,576.5024584844699,17,Vaccine,A,0
28.25598793516396,1094.2159603011291,5,Antibiotic,C,0
69.6553938272829,1882.6359548336188,8,Antibiotic,D,0
16.520164869117988,4053.2740336545426,16,Vitamin,B,0
15.807386086432196,1382.838566531339,18,Vaccine,A,0
44.04125776341081,4416.169301179904,4,Antihistamine,D,0
66.54451866778152,322.0414795178287,17,Antibiotic,B,1
72.6468392635534,4707.735275231727,3,Antihistamine,C,0
21.952814039345604,2825.6980354751363,8,Antihistamine,D,0
12.560874000344032,3310.9495085141375,26,Vaccine,B,0
94.3377182248267,1870.063136554948,17,Vitamin,D,0
29.763306343399663,3920.8717132797487,22,Antihistamine,A,0
86.06791727282877,874.5029379178101,10,Vitamin,C,0
87.03168779396773,292.11353512851076,13,Antibiotic,A,1
78.38964621744172,2007.8088683824078,25,Vaccine,A,0
21.03919263199416,4275.793784206146,2,Painkiller,D,0
83.07113862914903,3786.8878413565885,15,Vaccine,C,0
78.07880312795074,2609.922053920342,12,Painkiller,D,1
61.68868406009062,2882.0818484684996,19,Antibiotic,B,0
37.03419334105051,692.9694901788394,23,Vitamin,C,1
29.93831740532169,4211.373467657032,6,Antibiotic,A,0
16.579475147634103,3945.450430672775,16,Vaccine,A,0
53.426921355582785,3299.5284497403663,28,Painkiller,A,0
60.59978317343542,2357.645629828245,8,Painkiller,D,0
39.13720409899979,4824.073377983586,26,Vaccine,D,0
50.15911142968251,4401.208260788532,15,Vaccine,D,0
39.533873450080335,3239.930942897362,21,Antibiotic,C,0
65.89557544546662,1890.4149387005752,9,Antihistamine,C,0
90.61962474067352,3109.2102794734865,5,Painkiller,C,0
20.572424894459765,2898.4325863267936,4,Vaccine,C,0
41.23383694079673,2001.497839782836,13,Antibiotic,B,0
18.382517375331823,1568.0361598559766,19,Antihistamine,A,0
64.36965818874404,2064.703421574746,25,Vitamin,D,0
74.2426984014166,2890.8614598653194,16,Vaccine,D,0
93.5317095967583,2169.2674813199174,12,Antihistamine,B,0
31.492832994791666,1354.69371659685,25,Vitamin,A,0
95.27006455721586,3816.768422916003,12,Vitamin,A,0
11.009953822964107,2680.764104989194,13,Antibiotic,B,0
62.286317019635874,384.9920579667198,20,Painkiller,C,1
10.427608337616348,1873.1667028493212,18,Vaccine,A,0
89.90854783738476,4430.321613199368,7,Antihistamine,C,0
55.331860421655136,3788.420829439762,22,Vitamin,B,0
68.58809332246562,1650.0715805228351,9,Painkiller,D,0
83.99952296149299,4694.00660262032,16,Vitamin,D,0
19.27950913597703,429.18439637314026,23,Vaccine,D,1
8.666198384122715,4808.111784266335,21,Vaccine,D,0
88.49370886172096,1266.2402077991444,27,Antibiotic,A,1
34.91865660859858,95.01619249697535,11,Vaccine,C,1
17.252996253080703,2197.3497807657177,29,Vaccine,D,0
49.50381752327322,1826.9036269506928,16,Vaccine,D,0
61.83907719112179,2718.490575773629,13,Painkiller,D,0
7.942207325138462,3994.0256598207347,12,Antihistamine,B,0
31.115087534423335,4220.032470644713,19,Antihistamine,A,0
8.11598805630512,2036.0884980778744,25,Vaccine,B,0
44.9318619735724,2177.7364313464336,6,Antihistamine,C,0
90.03450276129321,783.4797651308947,13,Vaccine,D,1
98.35197909188908,285.3606639617593,25,Antihistamine,A,1
65.51951758284461,3224.014201663372,6,Antihistamine,A,0
20.355580909536222,368.9662464858268,23,Vitamin,A,1
91.05569204993405,3682.459091136207,11,Painkiller,B,0
54.04354320400574,2718.496217860125,15,Vitamin,B,0
19.60618464977722,1032.9857422191128,17,Vitamin,B,0
92.56403359790784,2720.638570387616,6,Antihistamine,B,0
76.95955981869479,955.8386971803893,12,Antibiotic,C,1
74.51200090869939,2221.7491771765394,20,Antibiotic,D,0
72.37216686046844,4007.823565399033,27,Painkiller,D,0
24.03228300416202,2336.500502382655,9,Vaccine,B,0
25.045635712214978,786.0616255728637,20,Antihistamine,B,0
70.38783485058923,3632.9519750235786,21,Painkiller,B,0
25.873661260487705,974.5036605365437,23,Vitamin,C,0
46.67381119628964,3705.8218781320415,19,Antihistamine,C,0
79.29017343142444,2422.793831618375,24,Vitamin,A,0
79.47548921929489,2296.021707516793,22,Painkiller,D,1
48.05986838995666,4264.6034373945,13,Antibiotic,B,0
80.25804413614829,3557.58744548631,27,Painkiller,A,0
84.6690706388154,212.90844492694933,14,Antihistamine,D,1
67.20369637200471,1516.0628572779317,22,Antihistamine,A,0
26.700455969299917,4361.057271206998,22,Vaccine,C,0
31.031119136627016,140.71453429873327,19,Antibiotic,C,1
34.90990976382986,2749.0045589967535,28,Antihistamine,A,0
16.09639023472544,3652.737062411022,16,Antibiotic,A,0
30.950163935144786,3128.1876231486503,16,Antihistamine,D,0
24.90432630969055,3814.63440041696,13,Antibiotic,B,0
48.2562312318172,3642.1746521279915,27,Painkiller,D,0
91.30156704786516,3475.551941007911,10,Antibiotic,D,0
14.925630091626017,4116.622311581978,20,Vitamin,C,0
73.42545277500258,3246.168808825215,13,Painkiller,C,0
70.29188541924714,2041.9715465720612,24,Antihistamine,A,0
14.096648873018978,2385.9500940772086,6,Antihistamine,C,0
92.64437846605101,3597.7876742731805,27,Vaccine,D,0
59.00485920489786,4387.71484685063,27,Vitamin,A,0
39.55392450789,1397.4830641568897,22,Vaccine,A,0
76.87116543205413,1743.2801400568003,21,Painkiller,C,0
29.449718548155236,4657.160011993943,11,Vaccine,B,0
70.88343451940044,2913.6333724267547,23,Painkiller,C,0
8.772564719363487,935.8609948182551,8,Vaccine,A,0
84.74376357288084,3335.2909376162947,24,Antibiotic,A,0
47.576230467025255,4954.272669919929,12,Painkiller,B,0
65.48582686400447,4126.095144128481,29,Painkiller,D,0
26.017592881634947,3741.4186259294434,9,Antibiotic,A,0
69.32200270255255,1079.8309386180326,22,Antibiotic,B,1
78.36282620986128,4386.891934185835,8,Vitamin,D,0
49.95525275401788,2652.654775500955,17,Antibiotic,C,0
63.68405778587046,4451.98560925618,29,Vaccine,B,0
48.35096276312786,1682.6477556531527,17,Antibiotic,D,0
89.93868007949533,357.15271054539215,15,Antibiotic,A,1
52.29757214886032,2406.0810448657435,16,Painkiller,A,0
84.9718273577378,1385.6961438484943,21,Painkiller,B,1
81.12844553567362,3590.384984392676,10,Antibiotic,C,0
43.99795802809387,4787.67743663736,17,Vitamin,B,0
26.85802672646013,3470.322048200241,17,Painkiller,A,0
43.57780259317824,4440.322952060557,6,Vaccine,D,0
83.49065069864591,2292.4688673259716,4,Vaccine,C,0
26.625090902842274,3869.6216491167434,22,Antibiotic,D,0
54.82145285648619,4223.065011524932,26,Antibiotic,B,0
81.57919105627101,3568.834356538535,14,Vitamin,B,0
38.58036013719599,2563.4975660443447,28,Antibiotic,D,0
66.00991551525625,3148.037242596072,9,Antihistamine,D,0
28.33499953463738,3517.5096286104576,18,Antihistamine,D,0
15.381547309975193,1302.7677959460632,6,Antibiotic,B,0
80.46650138382135,4057.417341529175,7,Antihistamine,D,0
14.402019223827148,4754.106467888003,27,Vaccine,A,0
30.781232532560537,2352.934610140683,28,Antibiotic,D,0
86.2353950897568,3520.282556393893,3,Vaccine,A,0
37.91458227247338,3698.278233662252,23,Vaccine,A,0
97.4393082038453,3328.1253602313272,15,Antihistamine,D,0
98.07476180351668,2758.219786226746,26,Vitamin,C,0
30.486221943087887,4414.1573751453125,5,Vaccine,C,0
8.892931113739593,2272.1872108810276,4,Antihistamine,C,0
71.98101199951101,352.4596346086877,10,Vitamin,A,1
47.843717751592656,4230.554059775193,19,Antihistamine,C,0
14.571520176159748,3386.207297966926,13,Antihistamine,C,0
72.21466780291406,4253.83020117325,10,Antibiotic,D,0
7.961616365632516,735.8098401012368,28,Painkiller,B,0
87.668685596763,202.22705552309583,27,Vitamin,A,1
18.171990265763853,4675.153974893382,28,Antihistamine,B,0
17.094628480938873,781.2551139603427,28,Vaccine,A,0
21.68886830701553,4057.7790437487365,19,Vaccine,A,0
96.22530405674632,4124.8892137941475,14,Painkiller,C,0
70.85108922411537,3558.090742717565,28,Vitamin,D,0
81.13029586904548,699.7479449097112,15,Antibiotic,B,1
42.77532364461154,3353.623191575997,11,Vitamin,B,0
36.94970911297078,4450.978587467985,4,Vaccine,C,0
27.275980644401145,2156.381641764372,8,Vaccine,B,0
50.661562689678846,2096.9084291740646,19,Antibiotic,B,0
57.42372968574601,2242.1486324181246,17,Antibiotic,A,0
65.01861014701177,457.2458588472219,18,Vaccine,D,1
29.42625787987598,4465.526566698369,26,Antihistamine,D,0
95.12213768578411,4352.455176703526,7,Antihistamine,B,0
21.127057329677903,4989.651142861917,26,Antibiotic,B,0
96.73705160280917,2946.6565504171467,13,Antihistamine,A,0
6.41133163821286,3768.3986004343597,20,Antibiotic,C,0
50.706940722600336,1053.2259362211582,4,Vitamin,A,0
36.66994462107347,3354.267650209639,27,Vitamin,C,0
47.66672432337383,3266.177601349084,29,Vitamin,C,0
59.21313500317496,4510.983242415981,4,Antibiotic,A,0
46.38097001120736,4162.423978053417,19,Antibiotic,D,0
44.41045077865152,4695.408989957928,12,Antihistamine,A,0
74.60872446426413,4350.725689872957,7,Antihistamine,C,0
70.15824613321413,4350.034779749317,20,Antihistamine,D,0
84.16077179340554,365.4304671091555,6,Painkiller,D,1
28.74610321775208,4237.5116658449815,14,Antibiotic,A,0
62.905208426636044,3057.018052790435,28,Vitamin,D,0
60.59350461232112,1933.2000362415079,6,Vitamin,D,0
40.12509203290543,329.74739072090847,27,Painkiller,A,1
51.175466480754686,3404.485185101831,4,Painkiller,B,0
34.809303614044225,1674.5986651612066,20,Vitamin,D,0
18.475217773613593,2365.492511680872,18,Antibiotic,A,0
25.31111501295962,3424.555763422915,23,Vitamin,A,0
15.023796408114103,4563.284007769507,4,Vitamin,B,0
69.8916096430618,4135.912732244742,16,Painkiller,D,0
67.76910234536939,2280.4557890628193,18,Painkiller,C,0
95.30760530008791,1969.5266293595757,14,Antihistamine,C,0
74.31944929648792,1236.9097072780348,15,Painkiller,D,0
9.944354681832486,1893.5124183210428,27,Vitamin,D,0
89.00329152325065,599.6796170948966,17,Antihistamine,A,1
86.95414047984394,4856.972266405535,26,Vitamin,A,0
47.11543047340638,2890.8913475999157,12,Antibiotic,C,1
60.656989800152544,682.6389218363039,18,Antibiotic,D,1
97.72744158488929,1796.3897458662336,6,Painkiller,A,0
55.568914565575795,2757.843760922247,22,Antihistamine,C,0
91.00557369572853,2687.7839013723046,16,Vaccine,C,0
12.888681991967712,225.74167515723016,19,Antibiotic,B,1
23.14992752732487,4756.663119434102,17,Antibiotic,D,0
46.87171962692519,1413.109623300976,15,Antibiotic,B,0
60.55189679204395,130.1141112128614,15,Antibiotic,A,1
82.54164592696603,428.39784430389824,14,Painkiller,A,1
98.88490093860275,2921.964771077486,2,Antihistamine,C,0
41.94089216504106,732.0383273417294,7,Antibiotic,A,0
9.50448543330807,256.5377246248412,24,Painkiller,B,0
81.11129281305585,1929.1510087429212,12,Antihistamine,D,0
62.41616831286677,3132.6679020839333,12,Antihistamine,C,0
23.86157159247916,603.6070339659813,26,Vaccine,C,1
52.00870337903491,1600.972769149012,17,Vitamin,A,0
75.51947332570381,2117.915324541484,25,Antibiotic,C,0
78.18911977152116,839.3274840444975,27,Painkiller,C,1
52.46374913988239,2555.065797410215,4,Antihistamine,D,0
33.99538036224162,471.80973016376595,26,Vaccine,C,1
97.50554529365688,280.2665569080899,18,Vitamin,D,1
68.01944804086682,2623.1850674179173,23,Antihistamine,B,0
43.78256433789838,1277.0900151168344,15,Antihistamine,C,0
31.64400629944198,522.1003490952362,27,Antibiotic,B,1
74.4547833853384,2148.3673080637795,3,Vitamin,D,0
28.007427331407932,4579.946660611104,27,Vitamin,C,0
21.312448952500375,3634.752610938067,26,Painkiller,A,0
55.33421945139668,4087.2987809677866,10,Vaccine,A,0
32.548802301193476,4365.97424435525,9,Painkiller,C,0
64.74598876774343,4864.5073199122735,12,Vaccine,D,0
16.204174113052183,3828.0705388951565,8,Painkiller,A,0
67.21940493389555,3061.6192136004242,23,Vaccine,B,0
31.91317015978171,1858.8581074961237,3,Antibiotic,D,1
5.023078771278709,949.1340209606946,5,Vaccine,D,0
17.058925479046756,3448.966376217307,27,Painkiller,C,0
93.69346089433394,4975.002431303612,24,Vitamin,B,0
87.39869071595899,2363.425488863649,15,Antihistamine,D,0
27.1928580434425,3632.212872059398,14,Vaccine,C,0
78.94533093182166,2500.707627466123,23,Vaccine,B,0
62.814301351527554,2188.0704456492094,26,Vitamin,D,0
97.2359475877376,2081.01278712158,14,Antibiotic,A,0
40.49253765573562,2547.892180511903,14,Painkiller,B,0
69.73875818913127,1866.1335262336065,6,Antibiotic,D,0
11.035893630272266,3756.4279430179486,29,Vaccine,B,0
42.643497947558565,4377.646531628007,13,Vaccine,A,0
96.56267781287714,4420.282267893662,7,Antibiotic,D,1
56.203183072761455,1177.1086314578383,27,Painkiller,A,1
32.34855281681023,4484.75023672088,23,Vaccine,C,1
16.42574149721765,1740.67859768277,15,Vaccine,C,0
71.83519231724539,1581.0729441522233,9,Antibiotic,D,0
66.26132412582405,3647.4424841212676,25,Antihistamine,D,0
40.524177792358586,1558.2468834271326,23,Vitamin,B,0
95.33942842725426,312.18370776806506,9,Vaccine,D,1
7.10926723384578,1899.4079729360246,8,Painkiller,C,0
33.85376590502345,3621.2547217738274,18,Antihistamine,D,0
92.50160119846024,1668.4441803373738,22,Antibiotic,B,1
35.488866640346835,3166.317327175975,12,Antibiotic,C,0
28.964019216241187,3317.5912491024956,27,Painkiller,D,0
55.7509389434685,3681.993258045463,11,Antihistamine,A,0
83.2611662424511,4490.795808239135,14,Painkiller,A,0
14.7989422834443,2191.1942713787357,11,Vaccine,A,0
94.58696741634493,873.8387794791626,22,Antihistamine,A,1
80.53192371221058,1628.6822913878525,27,Vitamin,B,1
22.218774277397433,2189.2279131112305,15,Vitamin,A,0
72.64075631382545,3583.76277317416,10,Painkiller,A,0
41.57107865056793,114.95452153008584,8,Vitamin,D,1
43.217994417250274,1613.1376480274007,8,Painkiller,A,0
79.41255878169231,3910.220776045618,27,Vaccine,A,0
96.46455675816955,3370.7456314869423,19,Vaccine,D,0
17.032307920483426,3672.1128692487455,17,Painkiller,C,0
44.959872503487844,4068.463308724014,9,Vaccine,B,0
50.689452768008834,3927.0168084459133,17,Vitamin,B,0
40.74962261072477,3426.8066724562514,20,Vaccine,C,0
39.50296675304138,2226.3245852344235,16,Vitamin,D,0
9.96552341835167,4918.8117279468615,26,Vitamin,C,0
70.12616895344921,2866.912318170865,16,Antibiotic,B,0
46.44036962640431,1053.7075863757536,7,Vaccine,B,0
23.505411251173044,1499.4236327686826,10,Vaccine,C,0
82.5231827186965,3483.134157053826,16,Painkiller,A,0
81.24327107440465,4627.460847737345,26,Painkiller,B,0
51.20720466844491,934.6646395691928,8,Antihistamine,C,0
33.352812809037246,457.6151539416424,27,Vitamin,A,1
65.61880895066298,4413.57868780793,29,Antibiotic,A,0
32.37445289885329,4580.62599561853,9,Vitamin,D,0
27.420753380752643,1418.0777593137025,19,Vaccine,C,0
74.39889213250103,1917.5643356376372,22,Antihistamine,B,0
8.830897773490317,3317.930587614399,17,Vitamin,D,0
14.003004748286425,1683.1536031702503,16,Antihistamine,B,0
5.644876532241029,4391.935605936762,4,Vitamin,A,0
19.529602715165485,582.5145784336205,2,Vaccine,C,0
11.554050827493649,238.0119937529663,14,Vaccine,A,0
99.60122493909226,1082.006723376808,23,Vitamin,A,1
32.43694714563851,1466.1345021145964,13,Antibiotic,A,0
19.18046120357849,608.9866268799316,10,Vaccine,C,0
27.894644509612206,375.1676252362013,3,Painkiller,D,0
93.93192929631279,3790.2581818339013,10,Antibiotic,B,0
54.41522118731759,863.1690012161739,9,Vitamin,A,0
39.657719149246404,4573.914885378204,28,Antibiotic,B,0
87.97218850137584,1871.5983241680754,26,Painkiller,B,1
42.524075702158086,3369.4987581206597,6,Vaccine,D,0
36.8258141459811,1165.7404681055611,14,Vaccine,C,0
24.691839642224878,1239.597704034741,3,Vaccine,B,0
40.89069827139409,2894.810554194498,11,Painkiller,D,0
35.08501382160797,2825.1824794726313,27,Antibiotic,B,0
69.34387613332339,3855.2096786598026,7,Vitamin,A,0
32.510356943719074,3801.1758631866164,8,Vitamin,D,0
59.83397591014334,3369.9044350851223,4,Antibiotic,C,0
11.259755678037408,2273.1963011727803,15,Vaccine,C,0
23.172469886168866,4458.669912089055,17,Vitamin,A,0
43.703500803078136,3131.7635265954286,7,Vaccine,A,0
94.01017912132606,4951.482527788668,23,Antihistamine,B,0
40.83893864299106,4105.880598775075,9,Antihistamine,D,0
68.08704151398425,269.3335656297148,2,Vitamin,D,0
29.233286130032823,1636.939840047573,21,Antibiotic,D,0
17.068189717457013,2880.7847965312108,16,Antibiotic,D,0
10.560977007604762,3621.274212463861,18,Antibiotic,B,0
34.01428236156138,2774.1656639216103,25,Vaccine,D,0
19.977797545706256,3941.3455911878,19,Antihistamine,D,0
21.5309925615318,1449.1454811488559,25,Vaccine,C,0
77.27213429676026,960.364653602484,4,Painkiller,C,0
6.50461673976305,316.887584759362,25,Painkiller,B,0
57.99196194486627,2887.903035629034,7,Vitamin,A,0
41.04883115637916,3458.5676273437016,18,Painkiller,C,0
53.12224999131198,1664.4410997408397,24,Antibiotic,A,0
58.46887253538728,3087.241715036589,14,Vitamin,B,0
34.76993097344143,308.1782927239797,24,Antihistamine,C,1
33.0353417175071,541.5020641691781,23,Antihistamine,C,1
74.67317568681604,3523.686122679567,18,Painkiller,B,0
87.77131387150993,1871.945040825629,22,Painkiller,D,1
23.29525508356015,3373.1034539598777,17,Antihistamine,B,0
14.273782250839151,4167.019545385594,18,Painkiller,A,0
90.29060160724246,4270.481065506779,2,Painkiller,A,0
38.240069046502875,902.2298450490323,17,Vaccine,D,0
57.37515211296734,2457.1135831391653,7,Antihistamine,B,0
39.15659872940033,3682.937281980808,9,Antihistamine,B,0
16.951221952874874,3881.2039515212064,2,Painkiller,D,0
60.98650627003416,3934.146104607944,3,Antibiotic,B,0
54.88838091811482,1179.4283051838931,16,Vaccine,C,0
24.284388123163737,1003.0473477326781,6,Antibiotic,B,0
47.92755924196639,2970.561717954795,25,Painkiller,C,0
80.71001288148635,3718.3746988041876,28,Antihistamine,B,0
61.09047979524968,1629.7406018942568,21,Antibiotic,C,0
14.20714607136451,568.2905264689866,16,Vitamin,A,0
57.06204223676783,3597.8945954048836,22,Antibiotic,D,0
71.76013843251076,1533.5042653310222,11,Antihistamine,A,0
80.30682354917138,873.4954853430231,6,Painkiller,C,0
64.76616997025533,781.2314655658017,4,Antibiotic,D,0
19.502525631374453,1608.8022602572457,7,Painkiller,A,0
72.46646032606526,2983.7564262730402,22,Vaccine,A,0
69.34747537774406,1824.091081534392,16,Vitamin,C,1
7.320553879360157,152.27616538748637,19,Antihistamine,B,0
44.1160284210731,529.6967516551648,15,Antihistamine,B,1
36.63027346142546,1487.9910736331644,11,Painkiller,C,0
68.59414610409613,3315.537186628105,5,Vitamin,A,0
25.53290216953747,537.6496136692424,12,Antihistamine,B,0
61.13283268255456,2825.251424828375,21,Antibiotic,B,0
91.75456637234637,643.4350605788211,8,Antihistamine,A,1
80.79122535981773,1097.4958703794384,16,Antibiotic,C,1
92.53848494057038,902.3332114010257,24,Antihistamine,C,1
97.95806685860555,382.78174607551193,10,Antibiotic,B,1
6.0136620655854625,3373.0825960636216,16,Vaccine,C,1
64.16042125586037,2343.8475595608706,27,Painkiller,A,0
44.21974278709611,4163.714532441824,13,Vaccine,C,0
86.68617658183656,539.5096579124689,19,Antibiotic,D,1
28.92239669086751,766.4280200234576,7,Painkiller,C,0
98.19780146593223,1566.9657701847307,19,Vitamin,C,1
63.30225710665599,3841.0366353471004,26,Antibiotic,C,0
80.38605321173894,1563.506174620709,19,Antihistamine,D,0
13.13195751816299,2071.672602118528,23,Antihistamine,A,0
22.428499052092178,1542.9376531709645,25,Vitamin,C,0
77.0483489382493,447.11024441509835,7,Vaccine,B,1
7.088719593735743,4700.1964333361275,29,Antibiotic,C,0
82.60340865990936,2765.2680107523847,16,Antihistamine,D,0
6.325156775731588,3949.7742815182087,20,Painkiller,D,1
67.42628971082097,3308.867606317215,6,Vitamin,B,0
39.68392242202156,2595.5586813567766,5,Vaccine,D,0
63.092011008323915,493.90737046393156,18,Vaccine,D,1
71.1229836639658,3231.5310490880065,22,Painkiller,D,0
37.5351458226989,819.083261887319,11,Painkiller,A,0
15.256432570529377,2101.196688313569,13,Vitamin,D,0
11.616357436085236,3164.1100602281304,6,Painkiller,C,1
60.94892214344205,3922.033552337011,8,Antihistamine,B,0
54.4622586047406,3440.9736197576667,13,Vaccine,C,0
75.5090958665076,3374.090968820413,24,Painkiller,C,0
53.42487345037403,787.7589354172771,3,Antibiotic,B,0
45.13235005293352,1763.33627335436,21,Painkiller,A,0
42.818281932441934,262.41574966796105,18,Vaccine,A,1
7.512455746778409,3611.4106212234997,14,Antihistamine,D,0
36.87793416118243,4765.300607521224,6,Painkiller,A,0
97.72191496482695,1357.3464313864251,6,Antihistamine,A,0
87.98777974157343,484.0987103534311,21,Antibiotic,D,1
36.29091636825068,2404.071879930585,27,Vaccine,A,0
60.84056348130536,4290.6562044814655,13,Vitamin,A,0
85.49319082587192,2782.2722665953097,13,Vaccine,D,0
46.92106199125652,281.5468934410609,8,Vitamin,C,1
6.705997056264341,4872.647590613333,7,Vitamin,C,0
12.078493872770807,4151.8170543148735,11,Vaccine,B,0
53.48730852812713,701.3906814049753,20,Vitamin,A,1
97.09674068920845,4612.898894692369,17,Antihistamine,D,0
70.85490651079243,2280.9070285956836,3,Antibiotic,D,1
11.737038186664105,1890.895053345959,5,Painkiller,A,0
22.989283200226964,2332.2139861095816,10,Vitamin,A,0
78.27569860560075,4181.131186511188,27,Vitamin,D,0
84.93677719584325,3314.4244075195897,6,Vaccine,D,0
63.680985687916134,343.2798393786513,2,Antihistamine,D,0
66.22020111483258,4790.141637025046,12,Painkiller,B,0
7.692057786421541,781.5314607176729,20,Vitamin,C,0
83.7103746602433,3740.5613610899877,26,Antihistamine,D,0
79.88614477622882,3198.8758256192486,24,Painkiller,C,0
29.60833868981798,978.2638373354763,4,Vaccine,A,0
72.32428839672316,895.1237767595957,2,Vitamin,C,0
25.411187610374817,4358.121588838226,5,Vaccine,C,1
8.831365299893735,2127.489871323006,10,Vaccine,C,1
24.107971546085842,3290.1537451619856,29,Vitamin,A,0
21.969743291658453,2545.1514690905324,17,Antihistamine,C,0
37.08605968981049,3650.3999095259996,8,Antihistamine,C,0
44.75270223166852,2422.249756444686,6,Vaccine,B,0
53.31119469228225,1472.5305805150635,14,Vaccine,A,0
50.29161817329118,1848.7476864326572,12,Antibiotic,C,0
30.71408756670249,4302.4345875291965,15,Painkiller,A,0
7.771213514537074,2366.7717299674987,23,Vaccine,D,0
62.48465411252931,1106.574194610816,18,Vaccine,C,1
42.595758835498664,4676.296670982403,24,Painkiller,A,0
33.37385495181722,3993.172259666966,13,Vitamin,C,0
87.35939906889867,325.5474229781857,22,Antihistamine,C,1
75.94061424082518,4994.767661803563,24,Vitamin,D,0
86.48772709538201,3489.8871473785066,22,Painkiller,B,0
52.02336549768379,843.3196652509054,22,Painkiller,A,1
17.438468952043863,1223.9800224280525,20,Antibiotic,C,0
71.14103643152087,3477.605132145657,6,Antibiotic,D,0
24.57700909403165,3909.8172236316536,25,Antihistamine,D,0
46.91681856371309,1233.2279185915404,9,Vaccine,B,0
11.175074950144406,1321.9958268013906,3,Painkiller,B,0
83.40429823018333,1570.247439616701,28,Antibiotic,D,1
16.964360899512556,3010.190905941352,18,Vitamin,D,1
90.79426316968443,900.4900825913209,3,Antibiotic,A,0
87.10190721484793,566.0038344796487,28,Vitamin,A,1
49.135362621728376,3410.377240973292,24,Antibiotic,D,0
75.71497940887912,3906.534801976192,4,Vitamin,D,0
63.84728201272456,2529.600551861702,25,Antibiotic,B,0
81.29218602208576,1850.9719158285077,21,Antibiotic,A,0
46.02148457466164,2188.611431956058,27,Antihistamine,D,0
79.65180600321325,1972.6187776661618,27,Vaccine,A,1
48.93339762118906,4801.925295776492,25,Painkiller,A,0
94.39174984506542,3852.045030834744,19,Vaccine,D,1
51.20534957838902,1080.0317135080459,16,Antihistamine,D,0
48.94883083370431,1951.7363026672015,6,Vitamin,C,0
79.58182684853371,2742.8608422473935,23,Vaccine,A,0
83.0498807172796,3084.280017215258,18,Painkiller,A,0
57.67646586051122,2367.5102853423973,15,Painkiller,B,0
22.080792282032164,4060.1268433091977,2,Vitamin,B,0
49.43703194097005,3849.649796318247,15,Painkiller,B,0
96.96688777641944,2550.531697209425,10,Antihistamine,A,0
76.53368833872258,4279.4254645695655,6,Vaccine,D,1
82.06044736851756,3767.89317568981,5,Painkiller,D,0
8.118422387827813,3903.9801511671844,2,Vaccine,D,0
49.44664895024519,4784.1838581954125,4,Antibiotic,A,0
66.42900769746777,1369.0113589855532,21,Vaccine,D,1
83.8531049446671,1374.8584037159035,12,Vitamin,B,0
9.68099709036329,4450.313665668668,17,Antihistamine,D,0
85.98169413597795,3872.520548259113,12,Painkiller,D,0
57.098088990481614,4636.400430106356,22,Antihistamine,B,0
23.74482720472569,362.4942936060427,11,Vaccine,C,0
35.1392455627215,3157.397532444903,13,Painkiller,C,0
31.783307416398273,765.9102737110649,6,Antihistamine,C,1
55.4316082574052,2544.291131548284,11,Vitamin,A,0
9.910139591557524,820.9473126745489,25,Antibiotic,A,0
20.060935057492735,683.9886194751524,14,Antibiotic,B,0
82.20583912069932,110.2333096410641,20,Vitamin,C,1
17.597379120947053,3169.6821212953764,8,Antibiotic,A,0
27.172645598522063,1827.161952615926,17,Vitamin,D,0
48.070207532394946,570.6820101509098,7,Vaccine,C,0
54.12648437076639,1648.0469997699838,11,Vitamin,C,0
77.54299556334507,886.2732526853455,28,Antibiotic,A,1
47.49658053328784,4711.389415933214,11,Vaccine,C,0
80.03713899837618,1634.024184518673,27,Vitamin,B,1
63.742899169318456,1703.0699402824798,12,Vitamin,B,0
15.744475245263134,4207.297116827949,23,Vaccine,A,0
19.851486647319668,3256.391018365721,11,Painkiller,C,0
46.51820391772823,3565.3494566448567,26,Antibiotic,B,0
42.70449234345876,3198.208929745355,15,Painkiller,C,0
75.63670561554298,4733.671605545399,16,Vaccine,B,0
60.170028280748426,1074.6541162123235,8,Vaccine,B,0
41.872642695213685,4945.744246691189,14,Antihistamine,C,0
21.222226927786636,4163.23307890474,12,Antihistamine,A,0
26.54952472092204,2965.414314937894,8,Vaccine,A,0
59.6725967545606,3328.739540761432,12,Antihistamine,A,0
45.226686465480284,3261.6880886780395,15,Vitamin,C,0
53.91811334176385,339.0613090928118,18,Painkiller,C,1
21.214356353712198,1129.1816677330962,17,Vaccine,C,0
67.97609397273375,4809.280878397509,2,Vitamin,A,0
85.99118038131687,2695.1039228539275,10,Antibiotic,C,0
29.504253144755555,1922.8503361464645,10,Antibiotic,A,0
51.69385145402352,3822.0903937759213,29,Antihistamine,B,0
97.67509625698567,2646.3687661462573,28,Antihistamine,A,1
36.657965352319124,115.15571858789308,11,Vitamin,A,1
61.52940276775731,3694.3761037398335,20,Antibiotic,D,0
13.568591519023215,3674.4769222616637,16,Vaccine,D,0
62.5714252355471,867.4861249443733,17,Painkiller,A,1
13.515018463938702,4785.467437699856,12,Antihistamine,D,0
96.1273663557631,1158.3452511285159,28,Vitamin,C,1
72.98795194686959,2315.8593685418864,25,Antihistamine,D,0
79.8751798728921,617.9430082415277,26,Vitamin,D,1
71.88991427330551,3036.2474812804126,18,Antibiotic,D,0
61.02425842726425,1908.4830442832017,29,Antihistamine,A,0
47.74171420312301,1798.208637938042,20,Vitamin,B,0
86.54547107730093,4143.535542243689,14,Vitamin,B,0
95.899388416591,97.3304786098673,7,Antihistamine,B,1
52.40843642588772,3999.8365159174914,16,Painkiller,B,0
93.49582966974988,2878.6704004529893,17,Vaccine,B,0
60.41662644890916,4931.187641726985,5,Antibiotic,B,0
56.14649775516115,2967.743941991033,9,Antihistamine,A,0
48.175859630758886,324.1267140323917,26,Antihistamine,C,1
24.882337345361385,300.69436589644533,8,Painkiller,C,0
5.353367777715623,4421.607282540568,28,Antibiotic,B,0
27.94309155132582,4214.010020279713,18,Antihistamine,D,0
53.42370130233869,1762.155874131015,17,Painkiller,D,0
41.09619546467649,3109.2607966966293,3,Vaccine,A,0
47.60609666025021,2473.4772174252216,18,Vitamin,B,0
98.16158085858471,4837.462072923458,26,Vaccine,B,0
38.27587521358612,4752.306459340613,5,Vaccine,D,0
47.95737923921025,4920.003092276834,27,Vaccine,B,0
17.68397737851786,4338.921464139608,15,Vaccine,B,0
9.555984581513826,4552.280374336751,9,Vitamin,D,0
78.66390388628699,1125.5299548973253,6,Antibiotic,C,0
59.21490163183797,4163.483605499384,6,Antibiotic,C,0
77.26695657417002,3558.84271036116,6,Painkiller,A,0
19.236965894222404,4815.793218698947,28,Painkiller,D,0
59.32373326235564,2877.746050790966,6,Antihistamine,A,0
29.096035062430676,471.57747521725395,4,Vaccine,B,0
26.665872605501892,3007.124511376407,7,Vaccine,D,0
6.094971335033599,3448.5755937053746,2,Vitamin,C,0
17.38236873906183,1140.5890921265202,9,Vaccine,B,0
34.380470592471056,2000.8612483880056,14,Vitamin,C,0
16.10348225613921,3012.591899555816,21,Antihistamine,C,0
98.65655183903907,1901.8233997167024,7,Painkiller,A,0
34.320101609775314,1905.9912003313864,19,Painkiller,D,0
17.380774936721174,708.7788639053471,19,Antihistamine,D,0
23.912819718655985,4706.696279234447,17,Antihistamine,D,0
60.83180669244027,3764.947203250728,9,Vaccine,A,0
11.084134767154907,56.155022387204944,18,Painkiller,C,1
86.93124236340991,3839.785755909718,9,Antibiotic,A,0
96.34246952752899,3711.985213656401,16,Antihistamine,D,0
28.441004963401184,98.16825276983883,27,Painkiller,B,1
47.75905051613164,1879.5412731881347,11,Painkiller,D,0
7.102772847802221,3053.401067111377,2,Vitamin,D,1
65.86747134908605,2291.1157266972778,10,Painkiller,C,0
44.32297551499594,3901.031287666511,18,Antihistamine,D,0
30.65555427964779,2156.0187465404483,21,Vaccine,D,0
24.649525508577806,811.6216987964933,26,Painkiller,C,0
67.13219237758224,4883.257340155451,2,Antibiotic,D,0
44.54061794806987,1248.0979642414306,10,Antihistamine,D,0
22.06763245784164,3602.576937179595,15,Vaccine,C,0
70.46536274124828,758.6237427371561,25,Vaccine,B,1
58.6818668884859,1678.6124382304665,6,Antihistamine,C,0
86.57384521830214,2238.0366617305976,7,Vaccine,D,1
16.160210393266826,1001.5484224089663,6,Antibiotic,A,0
79.63832718472334,2277.299903024617,5,Painkiller,B,0
68.9840947476396,827.9559738091625,29,Antihistamine,C,1
15.926038998669293,2817.082367980156,17,Painkiller,B,0
71.00796933781346,3335.38059997496,17,Painkiller,B,0
46.94699244358389,359.0497059386533,11,Vaccine,A,1
94.7735546278051,4362.103999356732,15,Antihistamine,A,0
18.453078308700434,966.4473809580758,14,Painkiller,A,0
66.06917212749511,1165.5440053356028,29,Vitamin,D,1
41.28810431897986,3323.6817084111617,5,Antibiotic,C,0
95.89739370613339,2370.3177491503498,15,Vaccine,D,0
36.34761505257626,2522.0082158967753,27,Antihistamine,C,0
96.40766140172101,684.3671735875067,25,Antihistamine,D,1
90.64115585457117,4038.392318288221,25,Vaccine,D,0
30.68640735451235,3104.4185182158394,10,Painkiller,A,0
81.33646879851064,720.1411143818074,4,Vaccine,D,0
99.58239917133307,1901.2968667767002,11,Antihistamine,A,0
29.002985206271823,4061.529167038399,16,Vitamin,C,1
46.49383108571537,2863.3574776337723,25,Painkiller,A,0
54.41716997384217,587.8114567080058,20,Vaccine,B,1
33.018457901367114,1895.2463766569692,3,Antihistamine,B,0
6.450159766372828,1251.3372723558862,3,Antihistamine,D,0
25.912278198765033,2611.4544905859457,10,Antihistamine,B,0
31.784004012467054,4224.637587916348,5,Vitamin,C,1
47.14197162522778,2209.5223172818783,6,Painkiller,D,1
21.254735449273177,2195.043050323199,3,Vaccine,A,0
87.9591638857089,4531.486966518833,26,Painkiller,D,0
71.96655760947694,2902.117791910998,8,Antihistamine,D,0
13.094045368167889,2852.645882617164,20,Vitamin,B,0
66.75878285829349,1346.4539647831775,7,Vitamin,D,0
67.09736525853394,3058.227601793775,24,Antihistamine,C,0
95.84101149614463,2900.756813716112,17,Painkiller,D,0
5.286982778835318,2014.4147781922265,15,Painkiller,A,0
28.553582731551685,4953.943051200944,13,Vitamin,A,0
93.14019054065497,4415.360276493029,7,Antibiotic,B,0
93.55272196283688,3760.4521358802367,27,Vitamin,D,1
73.45570984021055,2709.8606626443525,28,Vitamin,A,0
77.7475154995163,2337.19601937842,27,Vaccine,D,0
13.690881003316475,965.2421063548369,23,Vitamin,D,0
53.81820430393219,1563.4004963723874,14,Antibiotic,A,0
27.000384172454943,3881.1059591248904,16,Vitamin,D,0
22.21571414329364,2296.0573219908797,25,Painkiller,B,0
81.97881341671659,4417.234107019031,15,Vaccine,B,0
17.828622984652007,782.1601249103675,9,Vaccine,A,0
49.521905514656595,2566.3181252675004,22,Vitamin,C,1
94.16493276067314,3252.480135905478,21,Vaccine,C,0
22.654045278707542,2608.3998587242336,12,Vaccine,D,1
97.90937525513229,4451.673113345686,22,Vitamin,B,0
99.45735864730061,4948.338245054242,10,Antibiotic,A,0
57.78362969482828,623.3815587897802,13,Vitamin,B,1
21.16356031683,693.2767751807589,27,Painkiller,C,0
35.029964354385086,695.1043621225994,7,Antihistamine,C,0
45.32681910427084,3421.8266255491117,20,Antibiotic,D,0
34.38580131403118,1894.7466727043977,4,Vitamin,A,0
31.660380088268997,3679.907573266235,2,Antibiotic,D,0
97.36182237555397,2057.0837907905443,16,Antihistamine,B,0
19.569658604495835,3156.653270593715,16,Vaccine,B,0
74.66615132810192,3860.797128110523,6,Vaccine,C,0
5.038977496721612,2763.668757741857,23,Antihistamine,D,0
61.637353593225804,2720.54277272753,25,Vaccine,B,0
92.01458537563498,486.7599101638906,12,Antibiotic,B,1
32.353738938855805,2083.369627401702,26,Vaccine,B,0
22.624967649483324,2751.596908463441,24,Antihistamine,A,0
66.90958051345056,2336.8050870487295,2,Antihistamine,C,0
72.69713369334735,4508.870900932706,24,Antihistamine,D,0
70.36289930043823,4537.326628991473,11,Painkiller,B,0
35.33510360203053,4118.491033914371,26,Antibiotic,A,0
28.959228205136434,1907.725473096944,21,Antihistamine,B,0
95.8122859963942,3600.630800853295,12,Antibiotic,B,0
92.7134532856433,2006.6778822945685,29,Painkiller,C,1
48.44507793981793,1201.3383149300073,8,Antibiotic,A,0
85.38841728466548,1747.3680855768641,26,Vitamin,B,1
47.97073037525812,401.27493476340067,18,Painkiller,C,1
45.316956716888484,1692.2986695730037,13,Painkiller,A,0
19.892480021932993,2330.6739754427995,27,Vaccine,B,0
45.50857536673742,4779.630429165109,26,Antihistamine,D,0
56.05460916698166,1601.3824017871434,5,Painkiller,C,1
7.137911105725214,4517.145019067327,13,Antibiotic,B,0
47.19073549166361,1182.8484653263104,25,Vitamin,B,0
79.22884074754403,995.2960439082846,4,Antibiotic,A,0
69.60437535555563,2619.0275093392165,19,Antibiotic,D,0
65.33991394207382,3378.9312780221594,13,Vitamin,C,0
91.40776570153423,269.44464147129304,25,Vaccine,A,1
6.713040933396851,1144.2760319837228,25,Antihistamine,B,0
57.919520688262246,2305.6341491815165,20,Painkiller,C,0
79.79814059892217,1688.4714631167483,14,Antihistamine,B,0
56.426861356620385,3577.4743427741932,17,Vaccine,B,0
35.77007749513602,2580.244950404518,9,Vitamin,D,0
17.943803683737897,843.777572739306,28,Antihistamine,B,0
89.31849182253818,4477.603627609698,28,Antibiotic,C,0
49.72242727682228,1499.8830936426298,7,Painkiller,B,0
88.42094371364163,3669.098989373896,11,Painkiller,C,0
60.65595163115099,3910.583106571779,26,Vaccine,D,0
69.04825107842507,4817.630616267706,11,Vaccine,B,0
81.40480966595275,2517.611959294302,7,Vitamin,A,0
67.61977673701276,3098.385801548939,9,Vaccine,C,0
42.81520986449908,1707.637652723692,19,Antihistamine,B,0
53.79517147322184,3406.9875023897293,18,Painkiller,A,0
81.2893248442086,2343.7482550382824,27,Vitamin,C,1
40.496778155433496,2216.37920538589,11,Vaccine,A,0
41.87153839300722,4284.564269124722,3,Antibiotic,B,0
14.090561025510109,298.3357753185089,13,Painkiller,D,0
91.88552134606603,4415.714017767749,21,Vitamin,D,0
13.648449919816965,4267.745697251356,11,Painkiller,A,0
66.5798718576128,2556.512955130856,10,Antihistamine,B,0
44.25347548626578,2476.50412831786,17,Vaccine,B,0
43.53384207426702,1840.9464717756764,8,Vaccine,C,0
69.55742447440497,4971.160268824585,10,Vaccine,B,0
11.373904599838479,600.288197131514,26,Antibiotic,D,0
61.40204938038629,2971.5654163616045,26,Antihistamine,B,0
78.34301966737371,3424.323871056464,25,Antibiotic,C,1
83.68021199922644,4674.933540673875,7,Antihistamine,C,0
21.200386992408653,3912.0073094409695,28,Antihistamine,B,0
90.2548097574265,3237.043653917157,11,Antihistamine,B,0
67.33387872550702,628.2209682200072,8,Vaccine,C,1
88.77620607796487,1899.9809083157636,19,Vaccine,C,0
51.101668125468834,737.266130612527,12,Vaccine,A,0
56.493167784234195,4412.003025704293,2,Antibiotic,D,0
92.30863631772375,3760.6247200400326,22,Vitamin,D,0
90.49140661869382,3799.807094646285,25,Antihistamine,A,0
47.57528297005519,3278.6697629790433,20,Antibiotic,A,0
31.069200005389767,2559.865507836713,24,Vaccine,D,0
42.3511912836051,792.3567443443112,6,Vaccine,C,0
41.83761121032622,1681.9896891900062,29,Vitamin,D,0
32.252353123365424,727.7331727606083,27,Vaccine,C,1
30.515062411631824,3638.3200571190987,25,Antihistamine,D,0
86.80097896557335,843.1324413089249,7,Painkiller,C,0
11.63688246504286,3525.462073349843,23,Vaccine,D,1
69.37306229946144,3476.664178499728,8,Vitamin,A,0
21.41790488836297,2323.5571710068803,24,Painkiller,B,0
37.728059872436006,719.3818378843589,5,Antihistamine,B,0
10.846588242809503,1608.2640893634816,27,Antihistamine,B,0
30.647495501268896,1634.4608899239797,17,Antihistamine,C,0
78.000001756138,3516.9064090593024,29,Vitamin,B,0
89.07645583198956,613.0279460979355,11,Painkiller,D,1
26.04507943072487,4153.889798769649,27,Antihistamine,B,0
49.037044729597575,3816.986086420274,16,Vaccine,C,0
49.68078455403461,972.2192449626559,14,Painkiller,C,0
87.98965404717475,3609.8636898055024,9,Antihistamine,C,0
77.46591002320152,3359.1402482657177,23,Painkiller,D,0
53.742335744964734,3753.197960549085,28,Vaccine,C,0
68.72098404481847,985.1963494710376,14,Antibiotic,D,0
85.49873012138985,830.0720946745197,25,Antihistamine,C,1
5.90620063242677,1220.5957303176333,8,Vaccine,A,0
43.27455294975462,1861.0649305874294,18,Vitamin,C,0
91.18810089132248,3978.641656127216,5,Antihistamine,B,0
75.32973793017538,3702.723490520307,8,Antibiotic,B,0
56.56993056173709,4630.985381778739,17,Vaccine,A,0
55.316230068337674,340.2163175381465,26,Vaccine,C,1
38.03815927242159,107.20359102021871,3,Painkiller,B,1
54.44945069594388,3510.7372070189554,22,Antihistamine,B,0
67.26140394902805,1432.47310418112,26,Antibiotic,D,1
44.74448865073534,1703.6905328923967,26,Vitamin,D,0
72.84454890725652,2756.6700282768356,23,Painkiller,C,1
86.81706158973665,556.9449594776527,24,Antihistamine,A,1
19.69506057756181,3231.337361912846,26,Antibiotic,C,0
47.89696716765532,1659.4798588441936,15,Painkiller,D,0
43.761908672082704,3181.9398652899085,15,Antibiotic,D,1
70.30915638472418,4178.33421971326,27,Antibiotic,C,0
28.73740919950329,897.0011000202769,9,Painkiller,C,0
65.82383692046625,4657.821809926875,27,Painkiller,C,0
88.36147796449136,2676.9062982590967,7,Antihistamine,C,0
44.722501980394156,4618.492437611143,23,Painkiller,A,0
91.5464914980259,1078.2639068988017,8,Antihistamine,B,0
99.35055519868045,3042.585189790976,8,Antibiotic,C,0
15.078744745055447,2049.2412307518434,3,Painkiller,B,0
27.14005285856157,3882.3998462222653,26,Antihistamine,D,0
95.28607639079885,3049.249268905817,5,Antihistamine,B,0
96.04113021573174,2497.851511943676,14,Vitamin,C,0
14.282191161742057,4569.277761833493,11,Antihistamine,B,0
6.424857535827985,1916.729467649817,10,Antihistamine,C,0
20.304502209360116,1138.9020142459983,16,Vitamin,C,1
99.6212144213136,3060.100874917854,13,Vaccine,D,0
22.099963578015252,3138.9407640054283,28,Painkiller,C,0
52.742022638592196,2223.518376780783,11,Vitamin,D,0
85.59968401089856,2458.7197162624425,20,Antihistamine,A,0
6.938153015379602,4799.789400784504,22,Antihistamine,C,0
62.42645331455365,3676.7941724141665,6,Painkiller,D,0
31.31741764261431,597.4786698387562,8,Antibiotic,D,0
86.9218170617745,1100.0438508095244,29,Vitamin,C,1
31.928809180087523,4879.104340456017,21,Vaccine,B,0
70.24179342678134,3646.00449127798,12,Painkiller,D,0
69.05086508250271,4579.473374416033,17,Painkiller,A,0
26.0418871416658,1554.1142467441741,14,Vitamin,B,0
8.305923987493262,3722.240957428632,29,Antihistamine,B,0
43.87870950961274,3584.3134071913814,5,Antihistamine,C,1
32.47334943675762,1508.7154279249066,17,Vaccine,D,0
81.85288621330231,2776.5408109809914,14,Vitamin,A,0
81.0345979032578,3155.7048007879616,2,Painkiller,D,0
48.41727545829942,2431.602463595952,23,Vitamin,A,0
62.618661405705794,4144.534597957163,5,Antibiotic,D,0
62.40465401875789,4172.701756900048,28,Painkiller,C,0
83.58002410062421,4260.472714092706,16,Vaccine,A,0
45.375229341703765,4026.946667035906,27,Vaccine,C,0
31.167434580098362,2466.0132121258657,27,Painkiller,D,0
30.17831722335201,1938.1195758375857,22,Antihistamine,A,0
55.9382665318094,4165.312604386134,28,Painkiller,A,0
47.66907925956019,2476.497219853521,26,Painkiller,D,0
46.81147324356894,1269.5384232085103,17,Antibiotic,C,0
13.658047213522186,2561.350484994971,5,Painkiller,A,0
73.26735536556858,752.1566185002484,18,Vitamin,A,1
25.304985358281517,3473.5659784640543,12,Vitamin,A,0
23.71059486982853,1712.8103440383363,26,Vaccine,D,0
44.21204042635238,1340.261052314899,6,Antihistamine,B,0
26.638942453691136,4784.718293861988,27,Vaccine,D,0
60.46653539426146,3895.5609290036227,14,Antibiotic,C,0
40.2890172367748,3945.9940384834613,13,Painkiller,B,0
47.64661364631506,3137.423747931958,28,Vaccine,A,0
56.03108555238274,4203.905412025971,24,Painkiller,A,0
24.33587463577146,3807.854281758737,4,Vaccine,B,0
19.79640417222533,3013.9298354614016,5,Painkiller,A,0
88.64008077299245,4807.565789166001,29,Vaccine,A,0
46.203751768985,998.395000937894,11,Vitamin,D,0
44.14889291509122,4719.729609024018,10,Antibiotic,D,0
8.38315427591994,2037.1189018943815,11,Vaccine,C,0
52.30774874580236,2665.5749678373586,14,Vitamin,A,0
57.64612355304501,657.5596317443293,2,Antihistamine,C,0
58.08988274069332,2723.531822662865,13,Vaccine,C,0
72.16796108567401,3075.4734216980573,12,Painkiller,B,0
21.860774324146117,4988.622631952194,22,Antibiotic,B,0
28.961197751908788,4877.202434804057,9,Vitamin,A,0
82.01939419688921,4833.666594777722,27,Vitamin,B,0
94.98120860012243,1774.520897505184,24,Antibiotic,C,1
17.91361099989546,4956.769168787965,15,Vaccine,D,0
52.27670767799573,2304.616850395799,15,Painkiller,B,0
25.34674401026075,4266.589480871407,21,Antihistamine,C,0
10.706950993723332,1120.7838466439114,24,Vaccine,B,0
35.92281712198286,2553.8742393001817,18,Antibiotic,A,0
18.65032439250021,4831.759875831647,23,Vaccine,B,0
72.4436419762534,4737.805414770966,26,Vaccine,D,0
55.70391429878722,3434.4876452160624,20,Antibiotic,A,0
18.664274744079535,3999.180896637646,21,Antibiotic,B,0
5.877950898523865,923.312148181887,25,Antihistamine,D,0
81.7749196573002,3622.209819946579,29,Antibiotic,C,0
21.738468585603517,3109.351501260093,22,Antibiotic,B,0
62.59058101097277,503.1810919686681,22,Antibiotic,B,1
37.00758174229083,610.1370826188975,18,Vitamin,C,1
60.62116413992838,586.7959078687463,7,Antibiotic,C,1
34.98709456332078,3635.5668274076866,15,Antibiotic,B,0
13.259258265764146,751.4902808254836,19,Antibiotic,D,0
26.180250812986593,2365.274742016629,18,Antihistamine,C,0
22.865563815512182,1817.0599390949008,7,Vaccine,C,0
45.66183848176617,2774.995496812578,6,Antibiotic,D,0
67.53695942548495,3547.058611736044,14,Antibiotic,B,0
30.061577119903966,3439.3765592455934,17,Antihistamine,A,0
6.146643853558706,2601.8235837761645,22,Vaccine,B,0
54.29904960515191,2348.457624371408,10,Antihistamine,B,0
62.54715148910235,2019.1871958551808,13,Painkiller,A,0
96.47269693017192,4316.454244106678,11,Painkiller,B,0
60.99972629385845,1687.7164341195926,27,Painkiller,B,0
49.761393140923474,1333.8608147790994,14,Antibiotic,C,0
59.47315446028186,3729.4116935935926,20,Antihistamine,D,0
93.15055983689257,1830.8291353987959,17,Antibiotic,B,0
83.6959238321564,4242.643068798478,18,Painkiller,A,0
35.68297966956176,1673.0491572538665,17,Vaccine,A,0
27.53916454742804,3524.6268816442116,15,Vaccine,C,0
29.950193174776995,273.28958111241366,17,Antihistamine,B,1
52.919998772945235,1958.5362565460841,25,Vaccine,B,0
75.68469786671488,1748.98936608938,16,Painkiller,B,0
52.8058246823814,4092.5597594158207,13,Antihistamine,B,0
11.440657603670696,4836.924245980135,6,Antihistamine,A,0
73.74016654179819,2331.362319630159,12,Painkiller,A,0
81.56716222374061,4132.939571911103,6,Painkiller,C,0
32.50229718637337,3513.488769738957,25,Painkiller,B,0
68.09194523191829,4838.5606389352815,25,Painkiller,A,0
45.52623060016737,4064.9871459969822,12,Antihistamine,B,0
89.46633879410707,433.5164265204661,3,Vaccine,D,0
85.29642802527029,3580.744525792069,20,Painkiller,D,0
54.916039839416015,2700.7235913407494,27,Vitamin,A,0
70.69302685229148,131.35848676501945,27,Antihistamine,D,1
88.91822159709987,1293.9991456909463,18,Antibiotic,D,1
52.093115957436176,4612.68846288312,20,Vaccine,A,0
34.758820346438085,4634.003795294427,13,Antihistamine,C,0
76.59828310141022,4004.3097779931404,21,Painkiller,D,0
25.90629420454572,4909.809036226047,28,Vitamin,B,0
41.91045906057399,4042.3988618898143,24,Antibiotic,D,0
87.2440875251454,100.5107270619637,26,Vaccine,C,1
73.82012232558493,1474.7799844924832,29,Painkiller,C,1
43.36204549851243,201.5897020769262,6,Antihistamine,C,1
25.400727728793953,515.8344452509193,13,Antihistamine,C,0
38.81699712906247,1133.2620439063414,17,Vaccine,C,0
31.989894176606136,2542.6148043113362,2,Vitamin,D,0
21.728482354666124,4245.283417136988,3,Painkiller,D,0
75.61662678873738,4316.735442977685,11,Vaccine,D,0
28.946639250766292,3100.1991998586177,3,Vaccine,D,0
48.145909665937566,4644.470898377863,26,Antihistamine,C,0
41.65664744943036,2525.30851662153,11,Vaccine,C,1
98.29735097038493,4450.728418459348,24,Antibiotic,B,0
42.15376319408095,2297.62301884346,19,Antibiotic,D,1
12.598335865691705,1422.2637867383173,2,Painkiller,C,0
13.533446494347983,4586.243944597117,6,Vaccine,B,0
61.12160352854116,1970.278624610403,13,Antihistamine,B,0
61.939537415135234,2541.850338780085,18,Painkiller,A,0
44.78210409585222,1677.8601310268523,26,Vitamin,D,0
46.02515076964282,3331.0461214391125,20,Antihistamine,C,0
10.123595369882764,4975.404563779875,19,Vitamin,D,0
54.07191848697991,176.29206688060972,14,Painkiller,B,1
52.95025016113341,4504.247629735152,23,Antibiotic,D,0
19.207185262909732,69.43398209686374,4,Antihistamine,A,1
14.86474168053812,1852.9280116737448,22,Antihistamine,A,0
16.739386606951598,884.6036911330958,11,Painkiller,C,0
14.59768341666956,3798.841814329129,15,Antihistamine,C,0
62.92227857599218,300.52366174800875,9,Antihistamine,C,1
23.66585197827727,2789.750520242423,11,Painkiller,C,0
28.885864457809028,1509.8843625342975,3,Vaccine,D,0
21.489353694386775,711.6677318802756,29,Painkiller,D,0
95.99435392260779,3870.5001499080718,14,Antihistamine,B,0
86.18865899942436,1126.2133295635208,6,Painkiller,B,0
26.897009548394482,1157.1922996719475,12,Antihistamine,C,0
36.11879792260197,1411.6300864327188,25,Vitamin,D,0
24.939820018974732,2954.495480948736,2,Vitamin,C,0
51.72821614877826,3315.346361869204,27,Antibiotic,B,0
6.863000585054092,137.13249232165757,11,Painkiller,D,0
68.77996084519559,1247.254698763262,28,Painkiller,C,1
54.70002423267596,2183.30567040115,29,Vitamin,A,0
90.3706981886048,1693.285913198104,14,Vitamin,B,0
20.617305011199342,4426.644759628886,29,Vitamin,A,0
81.3903783758075,3949.158217887773,5,Antibiotic,A,0
80.236296374338,3148.156566917196,22,Antibiotic,D,0
17.082212975604257,1723.3099591853468,11,Vaccine,A,0
42.86312629369212,3518.328106988491,13,Painkiller,A,0
21.164500908729103,4226.008163586683,15,Antibiotic,C,0
29.198447543467147,2994.4103679269842,28,Antihistamine,D,0
30.008386608901713,3933.084261122227,4,Painkiller,C,0
57.84245743244841,3758.0695589287516,29,Vaccine,C,0
44.084038517244224,2880.099690243595,3,Vitamin,C,0
95.034616380599,1595.3069232664793,29,Vaccine,D,1
17.005163484965486,3741.6216821062953,20,Painkiller,B,0
97.50075281076889,1073.642013470152,12,Vitamin,D,1
26.910670820355076,3908.4673150340923,22,Vaccine,C,0
78.42302395627604,4032.5061261055384,8,Vaccine,B,0
37.20214298641803,4119.617153873347,19,Painkiller,A,0
18.59273256464482,2390.9340563433652,15,Antibiotic,B,0
86.49947259839279,1002.7798004635872,8,Antihistamine,D,0
34.341785427464,543.6318203270403,23,Vaccine,C,1
67.59126340155001,3729.6381899152248,8,Antihistamine,A,0
58.812150083229525,4436.993853422575,24,Painkiller,A,0
49.81684939213306,3271.649876242688,10,Painkiller,C,0
52.102849901611215,763.5922989224294,24,Antibiotic,A,1
74.56260183876732,4677.737420161991,13,Vitamin,A,0
13.338426841726854,4946.054971969632,7,Antihistamine,A,0
68.477162886001,2195.2241191778635,27,Vaccine,D,0
90.10214963286498,2994.3851819051674,25,Vitamin,B,0
10.489878716887095,3897.281174008206,8,Antihistamine,D,0
18.362067227198338,3695.129460747721,23,Antihistamine,A,0
73.08003398669298,4840.546600070574,5,Vitamin,D,0
46.541756583238666,618.6713008400051,17,Vitamin,A,1
43.33711897730039,2924.5880874068885,8,Antibiotic,D,0
18.01183028170241,3475.060527381806,29,Vaccine,B,0
53.14315386818987,4455.9871997289665,9,Vaccine,C,0
17.021804563655838,4376.842657204846,9,Vaccine,B,0
50.27894334950134,4891.098978128385,29,Vitamin,D,0
77.54345340135738,2584.7883469915114,29,Antibiotic,D,0
29.535113999280533,4162.266290725472,21,Painkiller,B,0
50.67468597707409,2165.044455230272,27,Antibiotic,D,0
99.24151709269938,2140.45369538736,26,Vitamin,C,1
70.23179021863353,1304.0744041406522,4,Antibiotic,C,0
84.92889327399386,4100.274570745188,10,Vitamin,B,0
44.41052262325185,4929.7847737769025,20,Antihistamine,A,0
77.94678769695625,1318.8915553189265,14,Antihistamine,C,0
8.848371429425574,327.851360704308,8,Painkiller,D,0
16.676562341513275,4086.9350652240864,21,Antihistamine,A,0
24.2917063274059,3120.138760047043,22,Painkiller,C,0
43.185432838445855,4800.509062727472,16,Vaccine,A,0
85.34576344094751,1298.5841344309135,20,Vitamin,D,1
37.895274824853395,401.58690710634136,3,Vaccine,B,0
67.18901338396898,2487.5891912891825,13,Vaccine,B,0
72.38485800633093,473.0568136774801,9,Painkiller,D,1
60.687323638392435,1345.8605054584018,24,Vitamin,B,1
38.93798697616294,673.590411054883,24,Painkiller,D,1
59.8200674627867,1159.4542893173896,9,Antibiotic,B,0
37.51523131502589,575.4160314658897,14,Vaccine,C,0
12.968005162441148,4771.834697165063,2,Vitamin,B,0
99.31637792767137,1428.8854315761907,29,Vaccine,A,1
17.082333095088536,2247.293050663199,25,Antibiotic,B,0
11.873096464425448,4498.1284477894005,11,Antibiotic,B,0
88.46042117467981,3402.741860409298,29,Vitamin,B,0
33.67429278482504,3109.285528780783,22,Vitamin,B,0
66.77821253698323,3542.537792286144,25,Antibiotic,C,0
36.255544317912126,4152.67017267164,10,Vaccine,D,0
42.18815572547476,4394.462875866217,3,Antihistamine,C,0
29.900732341595667,3231.0663697918812,20,Vaccine,C,0
37.58918055033597,4455.536009735586,23,Antihistamine,A,0
44.0165380557216,2700.2177607561102,26,Painkiller,D,0
73.43952656377257,1422.589738528696,15,Vitamin,D,0
53.59593845230522,4406.37970897503,11,Antibiotic,A,0
94.6386956299128,2730.2904956947814,11,Painkiller,D,0
8.978637414683673,4535.38105845781,9,Vaccine,B,0
52.791490650042675,248.83067905537703,15,Antihistamine,D,1
60.501354939013225,2017.7029701291158,14,Vitamin,A,0
92.41871367705602,4741.634840894218,7,Antihistamine,A,0
9.67005974403562,1285.7679591535987,22,Vaccine,A,0
59.482460568845525,4710.604417890539,14,Vaccine,A,0
86.09484321015591,4771.817182589787,4,Antibiotic,C,0
27.983134171327475,4416.604455418012,29,Painkiller,D,0
88.24777310977406,2840.1568232118284,21,Vitamin,C,0
6.809123881057723,3252.3502729491606,14,Antibiotic,A,0
74.58318976770433,4354.6041423268525,24,Antihistamine,A,0
93.64575601102204,3890.6905578264627,24,Painkiller,C,0
67.43377785580591,3168.964554804287,20,Vitamin,B,0
46.707778178142554,4912.1840689599785,17,Antihistamine,D,0
9.263696564908212,3444.099349851786,5,Vitamin,C,0
92.41081226564974,4878.635862616417,4,Vitamin,D,0
49.678141155699606,334.07294930509914,16,Painkiller,A,1
7.754690711915061,737.8538351739517,16,Antihistamine,A,0
70.53300177623238,2284.7212877024285,19,Antibiotic,A,0
50.77453908974453,1955.1533313773598,23,Antibiotic,D,0
16.81280515702902,3924.5374647172875,8,Antibiotic,D,0
25.35582188447466,845.0394310225586,21,Vitamin,C,0
11.126614643305395,4881.671136601868,6,Vaccine,A,0
59.55788627231449,1609.5760825415243,9,Painkiller,C,0
64.09280052894087,2173.1723533137892,26,Antibiotic,B,0
53.04551834376721,1409.9879105781133,24,Painkiller,A,0
82.62470263524841,2917.849905766409,11,Vitamin,A,0
86.79583802426129,340.2120670917905,2,Painkiller,B,0
63.48431768489703,790.9036525737215,12,Antibiotic,C,1
6.211865572205902,3741.698631922685,4,Antibiotic,D,0
71.04681729603489,973.1778878537793,28,Vitamin,A,1
44.7099256074334,1215.796535205481,22,Vitamin,D,0
58.727960906506766,3975.262066837947,4,Antihistamine,A,0
66.66265719179401,511.8408328684053,16,Vitamin,A,1
38.272478361072295,2215.4954227156627,18,Vaccine,D,0
92.12435799132045,164.16376563627358,19,Vaccine,A,1
17.727612341229214,1766.696626623624,9,Antibiotic,B,0
68.79362169169855,3509.9579429232344,24,Vitamin,C,0
5.414160095875141,496.01123460028015,14,Vaccine,B,0
92.84185501349218,4447.256402554863,11,Vaccine,C,0
15.687892657618692,4552.020262556544,4,Antihistamine,B,0
14.01400186401959,569.7023568694187,21,Vitamin,B,0
36.6357251399632,4954.125560060094,15,Antihistamine,C,0
40.488797173712655,1522.7712893076703,14,Painkiller,A,0
25.35850687067347,466.3032721014499,4,Antihistamine,D,0
60.586557788076846,75.08221676144824,14,Painkiller,D,1
47.07683931398654,2072.1883340311197,21,Painkiller,D,0
8.246680958903305,3167.5594292452824,25,Vitamin,A,0
35.36694591425356,1694.2872870214007,26,Painkiller,B,0
81.9911267894512,4191.750959099382,24,Painkiller,B,0
70.52164581187752,3597.201064046998,10,Antihistamine,B,0
73.86273109008864,1783.2995832417619,26,Vitamin,A,1
71.32110778793474,3684.832849712593,17,Vitamin,C,0
34.54243703138816,4705.414297997787,24,Painkiller,A,0
14.468072597293709,510.8251927879346,24,Antihistamine,D,1
30.88438248314412,1565.2146027802034,9,Antihistamine,B,0
84.01960351759013,2343.4633986276317,13,Antihistamine,A,0
98.14472578939176,2515.0511323861047,27,Antihistamine,A,1
51.91546640044833,2733.8684421860644,29,Antibiotic,A,0
5.921533717689011,1538.1031873663103,13,Painkiller,C,0
18.30425715275176,3352.9352476126282,20,Painkiller,B,0
35.59765465504525,3243.168292472657,25,Painkiller,A,0
59.96560811633022,2910.2164560444885,18,Vitamin,A,0
12.133896351504827,613.1205224688392,16,Vitamin,D,0
94.61894337743875,2410.9910609249255,23,Antihistamine,B,0
39.68294896201807,1813.3230930724092,19,Vitamin,A,0
91.69550070285818,2480.640425698707,8,Vaccine,A,0
79.14957126191707,4613.238855799379,14,Painkiller,A,0
76.7665408889802,2428.630148634121,20,Painkiller,A,0
62.638360079312044,119.20491960558361,17,Antibiotic,B,1
64.54446261992524,2222.241853516448,12,Antibiotic,A,0
65.61030734554357,4112.208491244442,27,Vaccine,C,0
64.7285317674303,3911.3015699299326,6,Antibiotic,A,0
57.60418198284432,2591.280863964496,27,Antihistamine,C,0
98.70933175587444,1286.3566136536108,3,Antihistamine,B,0
74.56760390544113,2352.1888814269983,2,Painkiller,A,0
78.80990689728951,2840.3259861200486,17,Antihistamine,D,1
87.88396743294905,4999.363619456963,6,Antibiotic,C,0
25.48577745895567,3238.681546338418,26,Vaccine,C,0
12.961395114030775,3486.6114038099367,26,Antihistamine,A,0
50.874971476866875,2482.698010661857,8,Painkiller,D,0
53.83766608383095,1804.7232763735228,10,Painkiller,D,0
83.77226909524218,4074.11726905367,5,Antibiotic,A,0
47.15944003182189,2499.915005479219,20,Antihistamine,B,0
59.23103742670971,4973.716143324399,28,Antibiotic,B,0
55.07173915877854,2312.7468426268183,21,Painkiller,A,0
8.62926445695215,386.601404055508,16,Vaccine,B,0
63.44541517670683,3428.7617785959096,8,Antihistamine,D,0
83.66411214855397,280.8751820827648,25,Vaccine,B,1
19.962552067201365,1289.9829045792812,19,Antihistamine,B,0
61.461514723026596,1801.0043512605216,6,Painkiller,B,0
61.393001722409366,3710.4437488255717,22,Antihistamine,A,0
20.597571585354082,2496.4678357176836,26,Painkiller,A,0
16.729039504419923,191.7973599857702,14,Vitamin,C,1
98.10493458276605,3103.406763815815,4,Painkiller,B,0
42.403321117038566,2086.6093752619786,29,Painkiller,A,0
26.60506422873528,4613.08082433718,7,Antihistamine,D,0
21.27583172316562,2522.8334401441653,27,Vaccine,C,0
68.42216279040733,3559.4269723997277,13,Painkiller,D,0
62.89730324609149,1133.399037031257,22,Antihistamine,B,1
66.13745168380467,3816.8191444316835,19,Painkiller,D,0
13.360572613587964,3618.728786894178,19,Antibiotic,C,0
89.88578543235151,4525.204457279476,5,Antibiotic,B,0
41.98030769685959,217.4171265100361,29,Antibiotic,A,1
34.770093610884004,2265.1284532063833,21,Antibiotic,D,0
48.92433748853522,3411.819243561169,24,Vaccine,D,0
42.05627624602469,521.0613053970644,15,Painkiller,C,1
87.03981529821885,2082.4901323871163,29,Antibiotic,A,1
93.27979264379975,4713.625685177667,15,Antihistamine,B,0
33.82805556271259,2207.875729911085,2,Antibiotic,B,0
87.0739017086957,4927.753678229125,12,Vitamin,B,0
79.24469730564138,331.3533523451071,23,Vitamin,C,1
93.42672887275238,3603.2573918974117,28,Vaccine,D,0
28.346279657659345,2926.030369428934,10,Vitamin,D,0
59.81111926149301,2527.671401804021,19,Antihistamine,D,0
31.08173555034224,4855.694637350796,29,Antibiotic,D,0
83.28897659601554,691.7694824310868,6,Vitamin,C,0
5.505798104251104,4485.1948108205215,11,Vitamin,C,0
58.65782047420763,3471.640035126221,16,Vaccine,A,0
37.22432597083221,1332.0305628331819,28,Vitamin,C,0
35.654952172392925,4513.262270879853,11,Antibiotic,D,0
66.2661007671671,2175.0098434120155,17,Painkiller,B,0
85.89102268482942,4080.425273961701,5,Antibiotic,A,0
62.873562182365994,1974.7407593846299,5,Vitamin,B,0
86.05143297143863,4262.107595794543,9,Vitamin,B,0
30.136725628697846,3201.314136302991,7,Vitamin,D,0
54.35267620267321,748.1808362394494,24,Vaccine,C,1
47.80097121137222,3265.8326591741616,12,Antihistamine,C,0
6.1062654527941405,997.1565753742694,29,Antibiotic,C,1
57.89715359837031,2089.0170080761054,26,Vitamin,D,0
67.84481079388661,892.963142047567,14,Painkiller,D,1
61.231868419811654,158.979772552237,20,Vaccine,B,1
74.94659038442504,1098.8383702772896,12,Antihistamine,A,0
59.27725520304232,2705.0415174344225,3,Vitamin,C,0
11.341274210821908,2433.726790497863,4,Antibiotic,C,0
16.062324788047583,2532.410622903515,16,Painkiller,A,0
61.66508486667548,1276.0500483106764,25,Vaccine,B,1
31.12302323749582,3441.5479430402215,14,Antibiotic,B,0
12.566287258302754,3536.1032697607116,26,Antibiotic,A,0
45.81226062761194,1821.9407365203444,11,Vaccine,C,1
57.66064681794726,4411.791937947163,6,Antibiotic,D,0
36.23086889321262,3237.9149223459617,25,Painkiller,D,0
73.44120171144891,3579.544412530227,12,Painkiller,A,0
66.15820776961824,1422.8325937977502,24,Antibiotic,C,1
36.61774430370883,53.02759402015586,29,Vitamin,A,1
76.71289024631325,4333.609279905442,15,Antibiotic,B,0
66.62602904063837,4121.000703670052,29,Vitamin,B,0
65.55731097820069,659.7998458120095,26,Antibiotic,D,1
57.575631574771464,1901.820418033717,21,Antihistamine,B,0
6.082018468412516,3323.6295765234836,16,Painkiller,B,0
71.16818243030447,3277.9487432327046,14,Antibiotic,A,0
40.72397015536986,4308.734157302355,27,Painkiller,A,0
94.54792246507228,744.3274000953713,4,Vaccine,C,0
82.70855325233451,2178.201751536338,10,Antihistamine,A,0
60.83097460547466,531.2608687358027,9,Vitamin,C,1
28.957288272830596,1978.4964797712094,16,Vaccine,D,0
24.353152361378324,124.7818556591367,24,Antihistamine,A,1
37.33655957936717,4496.451672295128,2,Vaccine,A,0
50.27395464010176,2658.8677843019714,3,Painkiller,A,0
33.12622345369998,4256.521190971651,10,Antihistamine,D,1
53.91830206228587,346.5282699666506,22,Vaccine,A,1
20.710190423752664,1175.917646840957,18,Vitamin,B,0
97.8827172184225,1333.9309763448439,10,Antihistamine,A,0
15.252832721674418,1964.1228984620009,2,Antihistamine,C,0
93.53469326716535,4024.188543367853,9,Vaccine,B,0
91.78991108325602,1963.4614749708885,6,Antibiotic,A,0
54.90924577285231,1063.0349717493186,12,Vitamin,A,0
73.86647582442801,371.7017886769037,29,Vitamin,D,1
46.424588307395844,443.48415434580295,7,Vaccine,C,0
64.85328486653162,3812.2336695068384,18,Painkiller,B,0
37.354714055006276,2251.7748056313335,19,Painkiller,B,0
33.610106879617305,3644.596553900076,24,Antibiotic,D,0
59.931829686103804,3427.321252730303,19,Antibiotic,B,0
52.32231904747813,720.0441857132761,6,Vaccine,B,0
60.0559550692482,757.2952742517226,28,Painkiller,C,1
32.23275522226719,3788.942976398963,26,Vitamin,A,0
39.86099402261455,3620.2780527528153,6,Painkiller,A,0
12.970306259746383,1921.2522960278363,29,Vaccine,B,0
9.966255365859542,433.2402034975584,20,Painkiller,C,0
29.078427318936544,109.88520740733838,28,Antihistamine,D,1
12.053451636401846,1476.376899835637,14,Vaccine,A,0
14.858597320300365,95.65025425677334,23,Antihistamine,B,1
82.22819851242402,1188.859474463332,8,Vaccine,B,0
8.693001216585483,2126.528664046126,27,Vitamin,C,0
67.59956542380056,651.0080382941733,15,Vaccine,C,1
30.892986137463048,566.1749012661539,28,Vaccine,C,1
87.79683966727201,4487.3653068077465,27,Vaccine,B,0
51.07426703486246,2948.0766436633016,28,Vaccine,C,0
34.02976363614344,4675.555649475768,9,Antibiotic,B,0
54.17569889049628,1761.839510739112,4,Antihistamine,A,0
41.28601180930054,3401.8674397793575,28,Vaccine,B,0
58.60860114363387,1063.2237893778624,5,Vaccine,B,0
15.880622491003082,3110.784570535709,11,Antibiotic,A,0
99.71409776719236,691.4493635494229,5,Painkiller,C,0
45.427808381188164,60.29916392261451,19,Antibiotic,C,1
38.081910772200025,4661.082416977416,24,Antibiotic,B,0
72.46993559004517,2796.727162067286,13,Antibiotic,B,0
39.57044361705658,4638.356280771095,21,Vaccine,A,0
84.16105897773198,1702.4660423252565,21,Antibiotic,C,1
48.1557188142404,1672.541042350696,16,Antibiotic,A,0
73.35804926021632,2033.242258776507,14,Antibiotic,B,0
15.208055561979222,3544.902870592933,13,Vaccine,B,0
85.38132262773561,2850.7527392215625,9,Vitamin,A,0
74.89320874392044,4630.506790140634,23,Vitamin,A,0
25.11309395388674,175.93246060557482,23,Painkiller,D,1
18.80217092584973,3555.5698929640553,28,Vaccine,D,0
35.04777312893432,1685.122062364444,10,Antibiotic,C,0
97.7267056730309,942.1565765013828,21,Antibiotic,A,1
29.39899958387057,2576.45833147449,10,Antibiotic,C,0
48.33208484993016,2550.06573169098,18,Vitamin,D,0
7.851921443146949,728.2045920077206,28,Antibiotic,C,0
42.73661530879209,1049.3854778578047,26,Antibiotic,D,1
59.27540146614476,2070.4150912626965,2,Vitamin,A,0
95.54683818825669,2073.6164913419607,24,Antibiotic,A,1
54.08992426930612,1621.9127911174394,7,Painkiller,C,0
82.81519598688034,785.2984999744057,8,Antihistamine,A,0
56.977126044045555,71.64971154984863,10,Painkiller,C,1
8.87457627637422,4852.663559018702,11,Vaccine,C,0
34.92578614302853,4720.3211870344385,5,Painkiller,D,0
59.67720324395481,2444.069376921869,17,Painkiller,B,0
95.30642676345681,4975.506178711278,13,Vitamin,C,0
86.61738417636717,3384.588937372104,10,Vaccine,D,0
26.693783346990525,390.84481115733064,4,Painkiller,D,0
25.910433851820535,632.7050854590055,27,Antihistamine,D,1
24.11143187582057,4584.7486771547065,28,Painkiller,B,0
92.6373951487378,3168.7584006406605,28,Antibiotic,A,0
86.00328454466346,4223.758951953888,10,Vitamin,C,0
78.61392606403014,4496.434765687529,18,Antibiotic,C,0
42.30983585130162,2267.3129558478113,15,Vaccine,A,0
52.91616690838285,290.20346030463054,6,Vaccine,A,1
49.11151575553952,981.987727041744,27,Vitamin,D,1
29.0728202181404,379.53113914705375,22,Painkiller,D,1
52.97766438413286,984.2622362076113,2,Vaccine,A,0
7.897172046011674,2082.1379859565905,2,Antihistamine,C,0
17.52198548225862,635.0742120491778,4,Vitamin,A,0
89.2260116360499,875.3295766364491,10,Antibiotic,A,1
76.4095778679852,2256.8178212548123,24,Antihistamine,B,0
45.172498860613274,1733.8462044230232,7,Vitamin,B,0
54.12928441696834,2364.907714730803,10,Antihistamine,D,0
40.14989416619785,2174.401537407357,5,Vitamin,D,0
75.37408738026389,3240.166228600423,21,Antibiotic,C,1
79.49778202704756,4689.08826693548,20,Painkiller,A,0
77.51209306930012,583.9284752990003,6,Vitamin,A,0
73.64811385927271,541.3377390805149,6,Vaccine,B,0
24.427912175815603,4271.390249899965,29,Antibiotic,C,0
37.10714802784548,2556.663688029673,15,Antibiotic,A,0
49.63531632344912,3843.704866663789,11,Antihistamine,C,0
36.42533418562728,1116.338422856043,24,Vaccine,B,0
76.71931901504125,4152.869737179381,17,Antihistamine,A,0
36.28858480374569,4623.040789753844,24,Antibiotic,B,0
18.13204824460703,3195.640926955117,7,Vitamin,B,0
42.90884294458888,574.1011562953211,21,Vaccine,B,1
98.09187111432612,4481.709330073877,24,Antibiotic,A,0
26.45873422868971,3972.814250481853,15,Vaccine,C,0
63.15507259960676,3766.844993746725,19,Vitamin,A,0
46.1324397347721,231.804535084282,29,Painkiller,B,1
11.74733392668603,4004.8645000220076,10,Antihistamine,D,0
51.34827756981565,732.8575018183672,8,Antihistamine,C,0
71.70561122158968,1150.8115721745976,19,Antibiotic,D,1
53.75589770364278,2906.8174326028247,11,Antibiotic,B,0
87.8500760559252,1361.654825938571,3,Vitamin,A,0
32.44901658247035,3323.6736212440023,14,Antibiotic,C,0
13.193671273876667,3059.948716110454,7,Antibiotic,D,0
93.97373310751058,585.34051016565,28,Antibiotic,A,1
40.92865320518081,3297.2721689779564,24,Vaccine,C,0
59.75852738809517,4623.576803633404,10,Vaccine,B,0
80.24029698236862,847.494030669874,21,Painkiller,B,1
35.80979806818016,3005.4570036672926,9,Vaccine,B,0
73.03563112687306,1742.2335910866357,11,Antihistamine,A,0
17.864790732693663,2325.0777752793397,17,Painkiller,A,0
32.672905984523,1470.650886440901,16,Antibiotic,B,0
18.747510432969392,1802.9466499210916,14,Antihistamine,B,0
82.06690304812899,193.11352516945854,19,Painkiller,C,1
26.15167734654461,4908.681102690242,7,Painkiller,D,0
73.15333776349497,3142.7596142601037,21,Antihistamine,C,0
94.613347738337,2528.492672944732,25,Painkiller,D,0
55.138359861543314,1949.3909800266172,10,Antihistamine,A,0
56.30277326476533,2719.904066178937,19,Painkiller,C,1
48.79818896929214,1931.5246936432297,8,Painkiller,A,0
35.95956362239606,1831.5442410936828,24,Painkiller,A,0
50.18722793786713,2346.535381523965,25,Antihistamine,D,0
62.266715565342146,1416.1160166723946,6,Painkiller,D,0
98.66919935621264,941.247004835588,12,Vaccine,C,1
94.0876331352313,2805.1991959924526,14,Vaccine,C,1
86.90453103784657,4221.68890894399,4,Vaccine,C,0
89.46740089196155,806.4994797431668,2,Vaccine,D,0
49.44567241274408,212.03498599088232,5,Vaccine,B,1
67.45721108185916,1271.7181385124788,20,Antibiotic,B,1
90.03133867894034,4899.617185096364,19,Painkiller,D,0
42.33032267417854,4152.352465029529,7,Vitamin,C,0
96.36743544281954,2999.536964966553,24,Antibiotic,B,0
44.499675896572384,4649.782130453523,11,Antihistamine,A,0
62.102853212355484,2254.131628344361,8,Antibiotic,B,0
72.43144776087533,4917.238982747111,13,Vitamin,B,0
95.30624124221414,1516.695123340456,9,Antibiotic,D,0
28.238546034965275,1239.5134601038985,14,Painkiller,D,1
75.88244293267101,3208.3385956777042,19,Vaccine,B,0
54.47748068368781,1921.862141354284,15,Painkiller,A,0
30.512928358960902,3150.5094327824763,12,Antibiotic,A,0
78.7776497806571,1559.7278155982947,29,Vitamin,C,1
57.461116616515426,3108.6953713480557,11,Antihistamine,B,0
67.79251296171921,1414.9439898959301,7,Painkiller,B,0
35.67560151490059,302.3117406535052,14,Vitamin,A,1
50.72102542362248,4565.072714519758,23,Antihistamine,D,0
63.64865384386637,4421.865749273637,11,Vaccine,B,0
43.46652735563518,4855.4508388997265,13,Painkiller,A,0
23.845391285531626,3596.8095222959532,2,Painkiller,B,0
96.35584676995389,3429.4698297897494,19,Vaccine,D,0
53.589416304048655,2817.0651968704124,14,Vaccine,C,0
74.72243517733155,673.4149609449872,26,Antibiotic,D,1
44.049483387825525,986.7147891988867,25,Antihistamine,D,1
38.737517582443054,1482.8749589290542,29,Vitamin,A,0
43.68060835437687,4456.2739947383025,5,Vaccine,A,0
43.87368115963673,906.1991467852218,7,Antibiotic,D,0
56.69711101448559,4618.222213715058,19,Antihistamine,A,0
56.6296376482295,2637.789378604515,29,Antihistamine,D,0
52.229612508872805,3592.0696955917074,6,Painkiller,D,0
17.804649567156616,595.7102090688043,19,Antibiotic,B,0
52.127170457550456,1381.716066440759,6,Antibiotic,D,0
21.06487053996189,4794.6671104980605,8,Painkiller,C,0
16.98289969809769,1367.4422373021703,24,Vitamin,A,0
93.60134314741093,1517.7825159361732,10,Vaccine,C,0
62.470251249031904,1028.1070549633432,4,Painkiller,A,0
67.6515555218355,688.9146432688061,13,Vaccine,D,1
43.17039868166956,1204.6253251972898,21,Antibiotic,C,0
91.3531847319121,3229.518115156452,26,Painkiller,B,0
65.60339651006822,2304.0702808426395,15,Vitamin,D,0
78.07113760474081,2791.091389872598,9,Vaccine,D,0
40.01343455763281,655.7059023918202,13,Vaccine,D,0
96.20112867781693,4020.4764134563557,8,Vaccine,B,0
82.94382256503992,3931.2687678702473,25,Antibiotic,C,0
86.12510398638165,156.87006015624317,10,Vaccine,D,1
21.358455405446655,1948.3997178260097,13,Antihistamine,C,0
30.741504747765855,390.4144797571817,5,Vaccine,D,0
32.13452696993982,3970.9236081040426,6,Antibiotic,D,0
30.73637620845276,3699.484931472237,10,Painkiller,D,0
86.26377539990736,4514.8410667511225,8,Vaccine,B,0
8.02905554481625,1220.1995968179174,15,Vaccine,D,1
12.22949895317356,2308.6646214826046,21,Painkiller,C,0
31.021912709840855,963.2149919637689,23,Antihistamine,D,0
23.987932591697145,1887.6129256468914,28,Antibiotic,C,1
27.026663318870597,2635.1040952560757,18,Painkiller,C,0
80.8046029790635,313.9874097010154,2,Antibiotic,A,0
58.49702641974446,3588.6085328530567,26,Painkiller,C,1
5.548212822831959,2739.3021338368226,16,Vitamin,A,0
45.78566274189855,4153.347135192833,25,Antihistamine,B,0
43.749068050784096,1395.3134808964262,16,Vitamin,D,1
15.824800597231635,4521.439471082809,2,Painkiller,B,0
69.23346991713842,4993.536552500695,16,Painkiller,B,0
71.69923289605165,4600.527269969489,28,Antibiotic,C,0
73.48485580994928,3900.567755374113,3,Painkiller,D,0
74.20473982806624,4071.225574225215,5,Antibiotic,D,0
5.005018558568196,2890.0340005957028,18,Antibiotic,B,0
95.6224763654386,991.2616214174219,17,Painkiller,A,1
82.34983287019298,3401.3513914812006,19,Antibiotic,A,0
90.8782611759821,3578.127360196661,22,Antihistamine,C,0
6.486113054206243,4927.656444326133,17,Vitamin,A,0
93.71658559964524,2729.441515468793,9,Painkiller,A,0
81.92991022536995,1393.276624374029,7,Antibiotic,B,0
84.53581858107637,3434.1789826105587,23,Antibiotic,A,0
13.86230154858701,4897.9103073489505,21,Antibiotic,D,0
75.18391274726677,927.2088459320153,3,Antibiotic,B,0
96.19208551599864,1663.6896967512332,20,Antihistamine,B,1
69.46199743472526,2732.3107211747715,14,Painkiller,A,0
59.20333343933761,892.562442665924,23,Painkiller,D,1
94.8348193861547,159.99216562369486,23,Antihistamine,D,1
47.07902656477142,1718.0664560841906,22,Antihistamine,A,0
61.93288879949548,4333.585467430237,7,Antihistamine,D,0
50.252137881964785,265.16857665238837,28,Painkiller,C,1
93.62039102922841,2173.1988421337414,7,Vaccine,C,0
12.228049042723189,3822.8938259841084,14,Vitamin,A,0
52.60637157840808,4768.253854708882,2,Antihistamine,B,0
70.26048193161664,4928.10322507194,23,Antihistamine,B,0
80.2311211501125,2138.7484340132714,22,Painkiller,D,0
60.386771507192954,4754.402257176632,25,Painkiller,C,0
91.34718569153813,225.32391774027553,10,Vitamin,B,1
94.48918745396782,3742.2888430928538,23,Antibiotic,D,0
11.110326203390434,3231.592871436384,13,Painkiller,C,0
43.225201256430566,1285.1331950514539,13,Vitamin,B,0
7.2286070635096715,2561.226578364262,27,Painkiller,D,0
36.29458245057208,691.2910019144533,5,Painkiller,A,0
56.002480707207205,4364.405897210227,20,Painkiller,A,0
91.52551839844514,1821.5955234509574,17,Vaccine,B,0
85.42266063421327,3148.920128805297,27,Vaccine,D,1
17.112474033838645,835.9426171219482,13,Antihistamine,C,0
13.837885600385093,1070.5159809244751,2,Vaccine,A,0
60.98039718188337,4960.184035475602,24,Vitamin,C,0
55.551207383584355,3777.77765248458,22,Painkiller,D,0
30.305875935852267,4811.760755381651,5,Vaccine,A,0
90.44804303261435,1514.4632677996185,10,Painkiller,B,0
93.09980889884758,864.586239268111,8,Antibiotic,A,0
43.24808664231546,2540.188894220213,11,Antihistamine,B,0
89.57874292578443,2498.60799702535,14,Vaccine,C,0
41.4751449549824,915.9852431020399,9,Painkiller,A,0
74.99759902382151,3679.4368694279806,21,Antibiotic,D,0
50.21451066703379,1840.7987954717337,11,Antihistamine,C,0
16.645399868182384,972.5078931060605,29,Antihistamine,C,0
93.15374911751705,1693.3178029892777,11,Antibiotic,B,0
48.139176370865975,2840.110563193325,9,Vaccine,D,0
74.77626883062834,3646.031114293194,21,Vaccine,C,0
39.88151237097276,2435.3598859845483,16,Painkiller,A,0
6.793683464742292,2651.695199650449,2,Vitamin,B,0
14.550384075724411,737.7823829166045,28,Painkiller,D,0
52.14085055154282,4577.720077305749,16,Painkiller,B,0
70.54661392700443,4647.18478006062,25,Painkiller,B,0
36.79985602503152,3432.9616225691184,18,Antibiotic,C,0
71.07140362187678,137.2754742234223,14,Antihistamine,A,1
71.37038099603582,2708.5173687214638,13,Antihistamine,A,0
71.87391119614394,3164.6339118386372,4,Vitamin,D,0
51.7895761319483,4973.538403642645,24,Vaccine,D,0
91.91418426154287,4980.531428214244,20,Painkiller,A,0
51.47366920815848,4295.175614861509,25,Antibiotic,B,0
47.775193382180625,365.963410529262,6,Antibiotic,B,0
23.941177806009563,4768.718134354714,4,Painkiller,A,0
34.22723329885197,3082.6731734023956,22,Antibiotic,C,0
9.021776789238817,4014.389513871938,6,Antibiotic,B,0
65.18585289353618,2065.6046059449754,25,Painkiller,A,0
28.610895673073824,1632.3638826112194,29,Vitamin,C,1
33.894749176119184,2343.0585201448494,10,Antibiotic,B,0
78.22737955811051,777.0288391956933,7,Antihistamine,D,0
36.08601240033812,1817.477386828865,17,Antihistamine,B,0
28.008609741248506,4295.206623852979,11,Antihistamine,B,0
21.060486167702045,237.85490699136338,17,Painkiller,A,1
78.61154820728581,796.8463317817922,4,Antihistamine,B,0
17.322094509052555,669.3249902649534,19,Vaccine,B,0
48.106607223783584,2045.2239363661288,12,Antibiotic,C,0
53.15836102733347,4985.085159409766,20,Vitamin,A,0
70.30204170514288,908.1217545463443,26,Antihistamine,C,1
65.16193082163457,770.1391155163378,24,Painkiller,D,1
82.01846392979161,4579.525862391964,16,Vitamin,B,0
9.251386222992625,4416.1500589815305,12,Painkiller,A,0
33.16186885404274,209.58983148294448,28,Vitamin,D,1
31.612741283661077,3770.9445028876094,26,Vitamin,A,0
18.87160603125028,3294.5552223083264,23,Antibiotic,B,0
32.4719341163621,3850.3170087709095,25,Vitamin,A,0
34.427704843575825,2497.7871512398146,11,Vaccine,A,0
54.57902388311044,4957.3271313190635,28,Vaccine,C,0
68.05192549799432,267.0427426192678,10,Vaccine,A,1
41.204548793122335,1210.1393526988384,4,Painkiller,A,0
73.34967197477121,2012.9026355193946,24,Antibiotic,C,0
36.935707165060094,2276.4008107502304,10,Painkiller,B,0
32.57694934490223,4610.768643362618,19,Antihistamine,D,0
56.41286530641731,2822.0216021824313,13,Vaccine,C,0
7.253054229050107,273.2994278259497,24,Antibiotic,B,0
12.579966745230035,2068.921668957026,22,Vaccine,B,0
44.70710664072007,2111.627541226896,25,Antibiotic,D,0
94.57670758221687,4829.180145267034,17,Painkiller,B,0
73.54361908512524,3016.0256005544857,5,Painkiller,C,0
13.372024102552986,3196.472802236747,2,Vaccine,B,0
85.400211214183,3580.6025046937907,28,Vitamin,D,0
74.56857320777719,3861.69461262651,14,Antibiotic,D,0
63.03991994175205,3193.5027975023213,27,Antihistamine,C,0
82.92783125787184,1224.1120381129808,9,Vitamin,C,0
43.39043553558093,4376.527275988763,7,Painkiller,B,0
26.04259983111601,3673.9930120326194,9,Antibiotic,D,0
53.64222196533213,3722.2589012299313,20,Vitamin,D,0
57.13996678138001,4982.955859212008,25,Antihistamine,B,0
56.141005340941646,4022.5063475734137,25,Vitamin,D,0
58.68201019061,4154.299445618009,13,Antihistamine,C,0
95.12696723272218,4759.457302765284,2,Painkiller,C,0
90.71333419414198,798.1132992520246,5,Antibiotic,B,0
88.19311847309925,2513.750513566436,24,Painkiller,B,0
81.13459703631958,2923.8067667743985,14,Antibiotic,B,0
94.62567019020211,1679.9148596511652,28,Vitamin,C,1
14.356990959543309,4205.046552277802,18,Painkiller,C,0
30.18670983734525,3823.977127146331,20,Antibiotic,D,0
52.030314837185564,3618.371218815214,20,Antihistamine,C,1
85.4207768467235,4985.889726802926,23,Antibiotic,B,0
52.99074259465959,1333.937798371533,6,Painkiller,A,0
76.06330023745093,3690.5133957933353,29,Painkiller,A,0
18.201190998647043,2779.4521507842082,12,Vitamin,A,0
28.979312232773218,1599.2964533446866,8,Antihistamine,A,0
74.51872902857887,844.9050100794728,4,Antibiotic,A,0
20.649730844333785,4484.624993484358,12,Painkiller,C,0
38.37881379221804,2997.5046394038345,18,Antibiotic,B,0
30.162294492289284,4133.422496321933,12,Vaccine,B,0
38.236860951135455,2749.457670807647,16,Antihistamine,D,0
72.29078466240718,1138.8865492373968,20,Antihistamine,B,1
39.9454822085661,1720.86662484661,9,Vaccine,D,0
57.75001564775432,1938.6172702440554,17,Antihistamine,B,0
14.493528320168917,4866.027321893326,22,Vaccine,D,0
81.47668085728964,77.88472798784338,16,Antibiotic,D,1
40.13941943657186,4929.046813971309,4,Vaccine,B,0
66.61074510816754,4903.285093793662,25,Vitamin,A,0
73.9120121578741,4980.946413124176,7,Vaccine,B,0
24.917787600611536,2409.1114856521917,4,Antibiotic,B,0
89.04412357056825,4820.854399623948,6,Antihistamine,A,0
63.54130390266053,2008.2159501566452,2,Vitamin,B,0
45.72888846639074,180.1574813085142,23,Vaccine,D,1
22.321842439930855,1160.5185725402346,15,Antibiotic,A,0
94.51858910061463,4729.216412440054,13,Vitamin,A,0
76.73147939250438,118.1352320102299,14,Vitamin,C,1
24.76233345965864,2752.6709703437264,15,Vitamin,D,0
37.08252359880133,424.2278650286613,26,Vaccine,D,1
81.91905451836696,1467.6630632165136,13,Antibiotic,B,0
71.0893780054572,486.05961102383895,24,Antibiotic,B,1
77.74950780799381,4304.666674509629,28,Antibiotic,D,0
46.91410471022858,2975.8000127561436,14,Painkiller,D,0
73.06524495100585,4515.427005305649,25,Antihistamine,D,0
41.7169036720718,3457.34833772413,7,Antibiotic,B,0
25.06997710912866,4856.594199663244,28,Painkiller,D,0
65.1043183099292,2573.894391064013,22,Painkiller,D,0
97.72132293188545,3211.617379726229,16,Vitamin,A,0
34.507092282556314,2902.72865845083,29,Antihistamine,D,0
48.79211126019126,2447.089125760733,23,Vitamin,C,1
69.0301302516361,4237.498858843913,24,Antihistamine,B,0
56.443096801636344,3240.399421568283,17,Vitamin,A,0
85.12564059235967,4016.4957110345904,10,Vaccine,D,0
77.36555711460402,3942.5014861819454,9,Antihistamine,D,0
10.53823436692392,995.6735452437118,6,Painkiller,A,0
99.85001722275854,3268.309485962336,16,Painkiller,A,0
76.47823310334938,1038.2576949476038,8,Antihistamine,A,0
87.07081504794075,2937.436367306666,25,Vitamin,C,0
66.8637826490579,3403.3016880091877,18,Vaccine,C,0
86.34708716444241,4986.313604358555,17,Vaccine,A,0
15.676382618227395,201.18279184120487,25,Antibiotic,D,1
38.03509437813498,501.6498508629186,12,Antihistamine,B,0
88.25998964242682,431.2821470375959,8,Vaccine,C,1
24.15724507035476,2021.8883670203634,12,Vitamin,B,0
12.432999365102159,4116.862389354777,29,Vitamin,B,0
79.8712992947958,4228.078847296321,29,Painkiller,C,0
84.37118478611313,3698.048998819701,3,Vaccine,B,0
20.451960728040557,4489.547297058241,3,Vaccine,D,0
86.16286836435796,1648.15672363879,29,Vitamin,C,1
70.24294058173112,486.3654890488807,7,Painkiller,C,1
54.40785490557547,337.85748854975805,4,Vaccine,B,0
83.87376831423157,4268.056962115962,2,Vitamin,B,0
44.82867868530175,3665.659657050772,25,Painkiller,A,0
23.429425841222734,3508.1457647550483,24,Painkiller,C,0
32.0610042780083,1731.3978758010605,21,Vitamin,B,0
52.99058173786491,1930.5306836602197,17,Painkiller,D,0
55.47642530395169,4792.6619680516305,15,Painkiller,C,0
81.5301785119172,365.8334832847783,18,Antibiotic,A,1
80.17850874697177,3879.9720978420737,19,Painkiller,D,1
60.229822934434615,1582.684952356546,26,Vaccine,A,0
79.17462091972025,243.32036114215262,5,Painkiller,A,1
23.218478537898743,3725.7220481751574,4,Vaccine,D,0
9.756130073862963,1688.0138341079542,9,Vitamin,A,0
87.99521315029651,3624.630217776843,5,Painkiller,A,0
12.177676907463109,3552.8891964346944,24,Vitamin,A,0
28.435400825679743,2697.19503339392,16,Antihistamine,A,0
71.05530021431653,3897.9969895922163,14,Painkiller,A,0
43.89755407459437,2926.139704647655,15,Vitamin,C,0
88.24982714197334,1468.8524215988903,15,Antihistamine,B,0
33.30808049291561,3683.870740268874,6,Vaccine,C,0
6.127777933589133,2966.2420885947317,6,Vaccine,C,0
33.562285853270694,113.0000443651067,28,Vaccine,B,1
59.91712967255901,4513.138679963032,23,Vaccine,B,0
40.71414566331287,2750.9359107053515,29,Vaccine,D,0
55.812911797081746,4349.704964123682,14,Antibiotic,A,0
88.27682128932678,4419.547352962111,5,Vitamin,B,0
91.68608015188501,2252.584950838688,19,Antihistamine,D,0
30.26753614214065,2562.916982433593,7,Antihistamine,D,0
48.90334496064057,2107.9842189942296,6,Painkiller,C,0
57.168681447937864,2274.712037774825,4,Vitamin,D,0
95.16568340438347,4480.978436910053,21,Antibiotic,A,0
99.86864532061655,3951.3128691411594,4,Antibiotic,C,0
27.363688639945032,676.302097762111,4,Vitamin,B,0
74.06308777785246,3071.023518623475,21,Vaccine,C,0
40.91295091215354,4979.737869912394,3,Vaccine,C,0
5.770278704190257,2997.9759711008046,21,Vitamin,A,0
5.8789896314107235,3940.0645466858723,27,Antihistamine,A,0
48.753770718414295,3856.854293236796,28,Vaccine,C,0
51.39181673541179,1784.0717530680263,19,Painkiller,B,0
7.144121174477052,1890.6540483845965,11,Antibiotic,A,0
70.25810459355874,3634.178287862496,25,Vaccine,C,0
32.93032191652055,2524.9184814439336,27,Antihistamine,A,0
58.189844645915194,2874.3250101954204,22,Vaccine,A,0
33.587311950714785,3578.883662305946,8,Vaccine,D,0
20.87775991258418,3898.9963838432986,28,Antibiotic,B,0
43.68150516689315,1394.0070597787033,21,Painkiller,C,0
27.06596965509757,776.6291092129666,27,Painkiller,C,0
55.806092807320965,1494.38350128244,23,Antihistamine,D,0
23.888710377215595,2562.314709205774,29,Vitamin,C,0
53.29856778123957,1743.5995206203436,15,Vitamin,C,0
19.95095891254242,2863.395656295589,11,Vitamin,D,1
68.74259740114957,314.6553344218608,21,Antihistamine,D,1
76.62408002193528,2573.2645374881477,17,Vaccine,C,0
15.487452253743708,1871.5252893416541,7,Painkiller,D,0
49.441229143547226,2696.600436719768,18,Painkiller,A,0
11.73281156221299,2141.5401066806353,7,Vaccine,A,0
61.82733232649023,1456.9179606558353,23,Painkiller,A,0
30.11840830331631,4525.334132015297,19,Painkiller,A,0
55.124323399677245,964.5866926857167,29,Vitamin,D,1
54.158795891507665,3422.7595991237704,11,Vitamin,B,0
92.81366288841105,4626.99132728295,11,Antibiotic,B,0
57.162906144028675,2716.4163004428938,10,Antibiotic,C,0
60.38485557323999,4388.2220184684365,23,Painkiller,B,0
43.157046947616124,668.0148182447576,29,Vitamin,A,1
95.1625623023676,2494.25441276922,16,Antibiotic,D,0
78.83266139676292,2312.27513838065,12,Antibiotic,A,0
32.11350257876995,90.18809483312455,8,Vitamin,A,1
85.19991064874205,2244.1238397287057,19,Antibiotic,D,0
46.07765421758355,1876.6972940938592,3,Vaccine,A,0
83.72337863569142,3365.503702484346,3,Vaccine,A,0
83.1743664878827,4694.732403953767,27,Vitamin,D,0
22.942667742471166,474.6658868970808,14,Vitamin,D,0
71.60840748143981,1671.0081142373842,12,Antibiotic,C,0
32.611082084120454,2248.120450101547,26,Painkiller,C,0
33.26180364930348,2303.1676212701973,20,Antihistamine,A,0
33.15306730365517,3885.308118169156,21,Vaccine,C,0
73.92898351819508,2244.808545875532,2,Vaccine,B,0
26.833473970290928,184.44844219558416,18,Vitamin,B,1
5.086054348378571,3565.015268234515,21,Painkiller,A,0
72.94750108085015,4429.906990971075,19,Vitamin,C,0
21.2625506643369,2593.8283271208807,9,Antibiotic,A,0
14.925827554244291,2926.4871824076017,14,Painkiller,C,0
27.564031456435714,856.5353728967781,5,Antibiotic,D,0
41.09054962065688,1142.1974261608373,20,Vaccine,D,0
50.21110110995407,1214.0926836668282,4,Vitamin,D,0
9.234153867699927,2182.172775662412,7,Vitamin,D,1
97.20446659959924,4644.318843433429,29,Antihistamine,A,0
73.02599007485802,2632.834595238686,7,Painkiller,A,0
35.70343620581193,1000.8833437466956,23,Vaccine,A,0
35.27623944211275,1367.1342925513006,7,Antihistamine,B,0
47.61154219000364,1950.8743971495621,25,Antihistamine,D,0
64.49325816248813,3135.131929679357,9,Vitamin,D,0
18.905441325951937,2228.1641073698265,26,Painkiller,D,0
22.94833230767047,1992.6019786757784,18,Vitamin,C,0
86.64628536918734,2845.4065719750242,11,Painkiller,C,0
29.344217769461892,1247.0832250246042,25,Antihistamine,B,0
41.11852480764186,440.5711992936818,6,Antibiotic,B,0
87.77082584026112,170.85085836999946,20,Vaccine,C,1
67.99904379298314,1293.732859162279,12,Antihistamine,C,0
37.46262853746039,503.3805690151201,11,Vitamin,A,0
69.95145684383897,1714.8861606777955,4,Vaccine,A,0
6.8699054612343025,3876.02102478079,23,Antihistamine,C,0
74.88605270107969,3595.65693590985,25,Painkiller,D,0
51.26652384904275,3074.0917328007426,11,Vitamin,C,0
82.25230399202383,4269.87620720342,3,Antihistamine,A,0
95.69057694061449,1446.2347414941696,29,Painkiller,B,1
92.94991220198399,4431.016077498331,10,Painkiller,C,0
91.38017912825737,2026.2338898624369,6,Painkiller,C,0
53.65614581371928,2034.4219254198015,22,Vaccine,D,0
39.213500843199114,2056.490487446332,18,Vitamin,B,0
49.17835584941391,535.5671128928582,7,Painkiller,D,0
70.54012031476927,4878.677966738725,12,Antihistamine,B,0
88.97978880276274,735.608550234538,28,Painkiller,D,1
24.66369878501136,1737.3843361224633,6,Vitamin,B,0
92.22835005386179,1630.5365856174478,8,Vaccine,C,0
82.44212203713947,419.66319244271267,8,Painkiller,C,1
97.99132144193229,803.6876440537895,5,Antihistamine,C,0
88.62391846176028,272.0487641176598,22,Vitamin,A,1
31.59404632073113,1497.4022431245417,11,Painkiller,B,0
15.065811577684531,4339.951773943087,25,Vaccine,B,0
15.662901839200918,1730.238918400053,19,Antibiotic,D,0
32.66621526493623,662.2745687335271,2,Antihistamine,A,0
63.347453778531225,3246.184648500394,15,Painkiller,D,0
81.41043097923139,4983.174514671807,7,Painkiller,A,0
90.42877916324865,1200.0027581830414,12,Antibiotic,D,0
64.25657151507711,1433.8764765843187,15,Vitamin,A,0
5.534974711065105,4860.642918689903,21,Antibiotic,D,0
22.700093769260683,934.9426233749114,27,Vitamin,D,0
14.473989366069954,2580.509633922861,4,Painkiller,A,0
39.51582517905595,1236.2780584296697,17,Antibiotic,B,0
52.628344395205865,4665.141894611157,17,Painkiller,D,0
9.12273196496328,4908.529022152656,8,Antibiotic,A,0
38.10540770058726,4082.754338294076,9,Painkiller,A,0
22.022069089405644,1608.1798882734122,28,Painkiller,B,0
66.47166579459302,2047.2630026384998,29,Painkiller,B,0
49.1058750858123,1249.4131341487857,5,Vaccine,B,0
52.055176458721334,4459.251936694508,13,Antibiotic,B,0
45.630719863178804,4577.063474556383,13,Vaccine,D,0
95.82187249622386,2123.4097781179335,11,Painkiller,D,0
25.399836886548506,3299.838696019859,13,Antihistamine,C,0
54.08310468516806,869.4882398847346,12,Vitamin,D,0
74.92164999470691,2202.9327067988747,12,Antibiotic,C,0
57.90021924778345,3175.9205780338134,16,Antibiotic,C,0
93.2569841430961,1957.7454366641969,7,Vitamin,D,0
40.906993785922,1820.1176521479765,28,Vaccine,C,0
49.04920154845191,54.9450117213662,12,Vitamin,B,1
13.4096199453992,4031.252645696715,3,Antihistamine,C,0
62.85491554993321,4452.2211795061685,25,Painkiller,D,0
32.38013700257007,4848.844471251869,23,Vitamin,A,0
20.229358753979042,3610.3933560926166,28,Vitamin,D,0
56.73047282592827,2766.5219462309287,10,Painkiller,A,0
55.569475021091506,1382.9583730531115,12,Antibiotic,A,0
12.207805916284517,4996.532406019317,17,Antihistamine,C,0
71.33046808197491,2969.276629933923,14,Vitamin,C,0
64.25835811183103,3421.712658035709,14,Vitamin,A,0
22.956641860917234,3427.9105016788226,23,Antibiotic,C,0
49.59631190463416,4233.996388998048,23,Antihistamine,B,0
73.4306770654632,97.87906729225008,29,Painkiller,D,1
55.29639535142127,1140.2223551352906,19,Painkiller,C,0
42.57146223743917,3344.3933008415693,22,Vaccine,A,0
35.62215351768965,4480.971397281611,26,Antihistamine,A,0
62.98741733118509,3442.426970510713,2,Antihistamine,D,0
94.21532633947285,2096.7818928937168,21,Vitamin,C,0
68.81575984536093,1839.6997045577948,11,Vaccine,C,1
12.100860845449972,3702.842641002436,27,Painkiller,A,0
48.76507248080271,3719.1266008291077,20,Antihistamine,D,0
89.62829249350962,3054.9370629031673,18,Antihistamine,A,0
13.973930451103254,1492.7617692818185,2,Antibiotic,D,0
98.94319265306662,4629.51635103319,2,Painkiller,C,0
95.16159239631503,2781.805713487264,18,Antibiotic,C,0
12.436075669338207,3962.9371634292365,16,Vaccine,D,0
93.67426544270772,1110.8258977010667,3,Antihistamine,A,0
39.49759607464891,1753.001903642903,12,Vaccine,A,0
85.24737087220694,4379.168606117345,22,Antibiotic,A,0
44.74641708276079,298.0297982028436,3,Painkiller,D,0
46.881235706739005,2585.9607907204772,21,Antihistamine,D,0
65.25309364286655,2434.442125227845,10,Painkiller,A,0
78.57535483121842,3768.5894350950066,20,Vaccine,A,0
8.209969340083621,1445.3741644666954,3,Vitamin,D,0
61.34981957507775,1134.3807682050174,17,Painkiller,D,1
22.739634439250242,4634.357551927507,21,Painkiller,A,0
37.86520419700428,2879.9627771944006,10,Painkiller,A,0
38.05702328474557,568.2133630040897,21,Antihistamine,C,1
49.560732321009596,1005.5290029608893,29,Vaccine,B,1
36.74295912823647,4994.188994595529,22,Vaccine,D,0
15.199306252813438,1018.2645314483525,5,Antihistamine,B,0
18.83473015991789,3071.85378120071,25,Painkiller,D,0
8.17660862830428,2129.6339910283095,14,Painkiller,C,0
49.67366310623166,4433.715519506685,16,Vitamin,D,0
95.67253101103391,3788.084531861872,21,Painkiller,D,0
15.989146246571073,3004.9094114959885,3,Antibiotic,B,0
94.89512683529279,103.15795990001334,29,Painkiller,C,1
74.66934389954889,4404.986277092625,21,Vitamin,C,0
65.56238627874549,2251.1039806516455,19,Antibiotic,C,0
66.30138675573848,4661.309382441954,26,Vitamin,C,0
83.5391265976468,2502.918113628296,28,Vitamin,D,0
15.157387116083031,3486.411221454491,25,Vaccine,B,0
52.95166073872647,392.99861485987867,10,Antihistamine,C,1
71.22365813477207,3738.50068495759,21,Vitamin,A,0
60.74794228198855,1723.0803549940183,2,Painkiller,C,1
84.11401174721298,1789.2271209423152,4,Vaccine,B,0
11.865812356078392,637.3464313114803,24,Antibiotic,B,0
70.61659875242077,776.9428857690012,18,Antihistamine,B,1
55.732634386548185,969.5073282207402,12,Vaccine,B,0
41.020282078094624,1674.6205344285409,25,Vitamin,A,0
37.32612331223293,4465.251068239247,26,Vaccine,C,0
63.97910011354832,1872.8881792388984,9,Painkiller,D,0
89.64456059120516,3635.595397487931,22,Painkiller,D,0
52.13671297960595,459.60014425486344,13,Painkiller,A,1
83.34870058730742,2975.9390563963634,12,Antihistamine,C,0
43.204856275176915,2435.3615947886756,29,Vaccine,C,0
14.727473965351772,4890.891837424798,14,Vaccine,D,0
10.843044963570662,4238.728460900867,16,Vitamin,A,0
9.87676527574937,2301.4073735713164,26,Antibiotic,D,0
41.11426348597865,3886.9566820244268,21,Painkiller,A,0
37.037586329404995,1005.5417694041987,26,Antibiotic,B,0
73.2040172441441,2833.5648205893017,18,Antibiotic,C,0
75.56804265056225,419.3643250651055,13,Painkiller,C,1
9.831127039205285,1773.0407096458312,28,Painkiller,C,0
26.00670997445642,1168.017799029743,20,Vitamin,C,0
31.05487576509547,3608.603585859794,21,Antihistamine,C,0
57.0231384935669,2475.9489215110893,12,Painkiller,C,0
18.728946271160275,3767.798870297652,11,Antibiotic,B,0
17.724415843000035,2600.712416275656,18,Vitamin,C,0
94.65994447475602,478.0979886506107,29,Vaccine,B,1
81.3992761932892,3690.0698661760075,23,Vitamin,C,0
22.16221569866118,4174.4848567396375,14,Painkiller,C,0
43.62394175102164,4522.479568268323,17,Painkiller,A,0
38.78408992946873,2881.3601292682056,21,Antihistamine,C,0
80.14538703621369,3780.2475270475006,21,Vitamin,D,0
53.4702270654216,3772.619467569004,18,Painkiller,A,0
17.145725014379366,820.9613110047745,6,Antibiotic,A,0
75.20424599984317,862.8924029248752,10,Antibiotic,A,0
42.7043579313673,400.8832537551743,23,Vitamin,D,1
29.97780352505397,1633.5724939444922,25,Antihistamine,B,0
40.67236909196841,2393.867509318269,28,Vitamin,A,0
52.28687354265515,4989.594371133374,5,Antihistamine,A,0
37.5959740596159,2183.417043237439,10,Antibiotic,A,0
27.981048396216995,3644.900813111486,17,Painkiller,C,0
42.857692736378134,3482.3152800490466,8,Vaccine,B,0
6.821426521240333,1062.185653740369,15,Painkiller,D,1
78.38729537914982,339.61039967471027,15,Antibiotic,D,1
21.23976488892065,2752.733420091258,8,Antibiotic,B,0
9.170938294910538,3516.5126819566567,25,Painkiller,B,0
67.10137582598253,4991.346361421967,17,Painkiller,B,0
78.52393223824886,1825.1247087917952,19,Antibiotic,C,0
82.3137675013201,4487.004582301429,29,Painkiller,A,0
51.88337235275699,1940.565656552473,7,Vaccine,C,1
24.509977545548605,3462.5879567310385,8,Vaccine,B,0
75.03662933873355,3011.3520060594074,20,Vitamin,C,0
71.47274232966203,312.2450268478547,9,Vaccine,D,1
28.395719739801457,438.02271350277954,2,Antibiotic,C,0
90.82373680696533,152.78224413608183,18,Antibiotic,B,1
14.915288517868754,1885.628718740248,27,Vitamin,A,0
98.35538276117595,3741.7151913917533,20,Antihistamine,C,0
86.72354204285914,905.1392002540774,23,Vitamin,B,1
70.35037132051214,3048.972193500284,8,Antihistamine,C,0
94.18123938658412,1479.6975111538356,19,Antihistamine,D,1
73.61956099075223,3995.113488696407,7,Painkiller,C,1
23.093414717854362,4002.060937564805,29,Vaccine,C,0
47.004833120717116,3888.3018490837967,22,Antihistamine,A,0
11.792787311505359,2647.925893316815,7,Painkiller,C,0
42.017455117370965,1458.6052148952658,2,Vitamin,C,0
75.45228687503483,4056.748017199241,11,Vitamin,D,0
41.71211833842765,971.1977815992454,24,Antihistamine,D,1
36.37794666947274,1484.3100300418473,9,Painkiller,D,0
61.55879363847963,960.541145495077,8,Antibiotic,A,0
87.85943025489503,3387.340293918856,10,Vaccine,D,0
9.52040329188068,3446.8683391732993,2,Antihistamine,D,0
41.61969129647486,3279.9244642944277,27,Antibiotic,C,1
20.032870472449957,2107.2272609801057,26,Vaccine,C,0
71.05865381952762,545.8464856470946,12,Antibiotic,A,1
15.043833240957813,4560.289443349355,28,Painkiller,D,0
68.15673706512322,2563.268271860579,4,Antihistamine,B,0
32.18718272580119,2064.512364809903,19,Antibiotic,C,0
23.897097305036347,2964.6832215790514,7,Antibiotic,B,0
93.95349299337362,1004.3126573045738,12,Antibiotic,B,1
6.759834790865807,706.1164565691282,6,Antihistamine,D,1
46.58884082950905,2057.349846216821,21,Painkiller,B,0
7.054564283870409,1174.7424357945572,5,Painkiller,A,0
50.94133956991126,1259.2369579589645,9,Antibiotic,A,0
52.59950089046973,4467.93186450372,11,Painkiller,C,0
35.557934782500965,2677.2579270698334,4,Vaccine,B,0
17.55536886487725,2443.171868400588,14,Painkiller,A,0
40.75681608477515,3462.923988956557,18,Antibiotic,A,0
68.86497929359376,4760.1631626998615,6,Vaccine,B,0
79.32760182122362,605.3828941292923,9,Antihistamine,A,1
55.42130722687352,4175.996107190823,20,Vitamin,B,0
61.03426747177678,2940.8949403458373,19,Painkiller,A,0
24.058555256842006,773.5185013685945,2,Vaccine,B,0
32.29638165662669,1520.8891275105086,5,Vitamin,A,0
20.38008295497405,2437.6890115004608,28,Antihistamine,A,0
28.683058250438076,3471.3268656582436,19,Vitamin,A,0
26.364244121425518,1250.9047339195884,15,Antihistamine,D,0
54.34763470716757,2697.65013656457,25,Antibiotic,D,0
58.45543180011929,3439.124555708516,12,Antibiotic,A,0
94.77000497804293,2271.2667166951555,27,Antihistamine,D,1
23.57921147464469,4321.97850754487,29,Vitamin,B,0
65.95919246534211,4353.822559060001,10,Painkiller,D,0
82.63963055381467,2379.921527320206,14,Vitamin,C,0
58.22293905938999,4865.982266524054,27,Vitamin,C,0
29.225346987602194,424.14620740696415,18,Painkiller,A,1
29.94227185190002,66.64377269853628,16,Vitamin,D,1
8.729040041744991,1934.3079058293993,3,Vitamin,C,0
34.017201522105765,3025.430453793921,7,Vaccine,A,0
75.7373495053211,3164.5407793758213,27,Antihistamine,C,0
9.514186934675486,2408.4063946544516,29,Antibiotic,A,0
25.833051837958912,668.1724005411985,8,Antihistamine,C,0
72.09208736051929,893.9627328500765,3,Vitamin,C,0
79.35189846817327,4268.1325200674455,25,Painkiller,D,0
48.2552489558832,4346.160102109343,14,Painkiller,A,0
71.31706215547165,3385.7977624105647,11,Antibiotic,C,0
41.85545602221474,3337.8789627804676,17,Antibiotic,A,0
20.191758277292116,3008.5265337376472,10,Antibiotic,D,0
42.82420188467612,1054.4831342248417,9,Painkiller,C,0
60.09694291929857,2169.8409662865206,26,Vitamin,B,0
95.06506177602458,3494.6785247437247,16,Antibiotic,B,0
11.531340448424345,2709.3987464165266,23,Antibiotic,B,0
53.20243891527126,141.97265357274094,28,Painkiller,A,1
36.24737893001881,4770.106193264487,8,Vitamin,D,0
53.28961095628598,4231.83946023211,23,Antibiotic,A,0
7.27766750077051,1339.6978198432023,24,Vitamin,A,0
34.73740869665023,3101.471729073166,20,Vaccine,B,0
82.88747401506548,4620.034949454529,5,Antibiotic,D,0
57.624464716190566,525.2545099625743,10,Antibiotic,C,1
47.805336817531156,2539.995929943668,20,Painkiller,A,0
32.124881812957256,2308.4029779391576,3,Vaccine,B,0
33.31403966517881,2080.514776153485,29,Vaccine,A,0
41.394636191105526,4186.163614019979,28,Vaccine,A,0
84.37921744663323,1934.1984261524137,8,Antihistamine,D,0
96.8852546467855,365.1334995429876,23,Painkiller,C,1
46.67226122828558,375.89682371329735,20,Painkiller,A,1
42.36851968103738,261.58580229681445,7,Antibiotic,A,1
85.42232370288697,2075.2698382764843,16,Painkiller,C,0
45.556005460448844,3606.1110746068816,8,Antibiotic,D,0
57.44172636808686,1058.4261865560516,7,Antibiotic,A,0
26.93945813688072,3250.01917613617,2,Antihistamine,D,0
75.63274089901215,3451.0879369133354,29,Painkiller,D,0
55.538890235724274,1313.2505138772099,15,Painkiller,A,0
81.85828227283245,3022.760397500115,2,Antihistamine,C,0
79.16960935272363,3440.0982831328947,26,Antihistamine,A,0
25.425452985652715,2359.7374328705223,7,Painkiller,A,0
72.98537730298743,1716.7471565364706,29,Painkiller,B,1
81.00516875538028,3114.8001802929202,19,Antibiotic,C,0
37.88018787432753,4890.343082273882,28,Vitamin,B,0
21.39786572571608,2162.8649763764415,18,Antibiotic,C,0
5.250054780060877,1989.088726611349,28,Vaccine,A,0
47.83584704384908,2348.121167009261,29,Vaccine,D,0
38.48110949618995,427.2810475529887,3,Vitamin,B,0
57.71643421341385,2788.1582343733803,9,Antihistamine,B,0
22.863903795934647,1677.0520667254548,22,Vaccine,B,0
86.66822702831514,651.0395055397493,24,Antihistamine,B,1
29.48674548467042,2357.9708685309984,24,Antihistamine,C,0
26.51081248332675,66.75073354118825,3,Antibiotic,D,1
50.66783536601381,2038.8369635556567,17,Antihistamine,D,1
52.390847255706056,573.3895762359299,5,Vitamin,A,0
25.43309673458382,170.24888182891243,3,Antibiotic,A,0
30.826769038962,4131.151478910286,24,Vitamin,B,0
21.12199771974827,4585.431576249042,6,Antihistamine,A,0
73.25371694070084,1077.9895093775779,18,Vaccine,A,1
78.15845796913779,2719.526405979593,3,Antihistamine,C,0
48.921207258631846,1425.8928777983754,23,Vitamin,A,0
72.83826715507666,2493.2083214273016,15,Painkiller,A,0
74.91386223405732,2211.325038426093,21,Painkiller,A,0
18.136175129391816,1381.802722648404,8,Vaccine,D,0
96.78691235928099,3516.9482191947236,16,Vitamin,D,0
82.99803497416094,676.1302486352585,19,Vaccine,A,1
24.42592881360323,312.7102717482673,14,Antibiotic,B,1
22.68567839587667,3849.9933935345316,13,Antihistamine,D,0
16.937808830060362,3346.3536545423653,3,Antibiotic,C,0
18.145963441482245,2517.70431452467,13,Painkiller,C,0
76.07537090772614,2365.5593638390806,7,Antihistamine,C,0
49.61715441040424,2512.18632848256,25,Antibiotic,A,0
79.37874641028739,2213.269176688431,2,Painkiller,B,0
75.89421496326952,1994.8168643643367,22,Antibiotic,C,0
62.43820778299605,2523.4684842862957,2,Antihistamine,B,0
70.20482762497456,2666.150097240814,16,Antibiotic,C,1
6.743793816018471,3474.9164547139235,28,Antihistamine,B,0
34.61887644647709,3570.4754456334117,17,Antibiotic,A,0
65.59310702964396,1919.263946693716,23,Vaccine,A,0
5.887770581193199,2097.0255875802695,8,Antibiotic,C,0
8.132809649846374,1899.800990194304,23,Antibiotic,C,0
85.92935833468641,2705.8520794472665,15,Vaccine,D,0
69.98236186074682,2294.100012675267,26,Painkiller,C,0
30.210124646432675,4453.502492524158,20,Antihistamine,D,0
70.35646981127735,3496.9882712365393,25,Vitamin,D,0
80.28338356823001,4498.349099584506,20,Painkiller,A,0
34.14545689545962,3560.2281082191566,28,Antihistamine,A,0
8.423550862422807,4856.41113519288,29,Antibiotic,D,0
93.61401684533477,3196.897052363582,24,Painkiller,C,0
37.792084638084894,4819.57318390712,14,Antibiotic,D,0
15.115767512047105,832.9409575266591,22,Painkiller,C,0
51.726402782349,309.7645201055491,13,Painkiller,A,1
78.0044405880927,2916.669666759103,2,Vitamin,C,0
26.05649488866812,4918.291368708886,28,Vaccine,D,0
30.60155476266952,2117.1459741468643,13,Painkiller,C,1
28.057923745865402,1099.6146428551501,5,Antibiotic,D,0
99.20894001900943,2631.630173507894,28,Vitamin,C,1
23.75335470440154,3261.5531916654986,16,Painkiller,D,0
59.67442061178178,1610.1345428036502,26,Vaccine,A,0
92.90014095741161,3588.1083245713344,17,Antibiotic,D,0
18.95517404338903,4876.816809876343,16,Vitamin,A,0
97.23114879743152,4489.967452467554,9,Antihistamine,D,0
95.01033726758433,1493.3475988853666,20,Vaccine,D,1
89.03433877053494,1667.2822315657618,16,Antihistamine,B,0
25.382869526350213,1889.1290610254634,19,Antihistamine,B,0
65.23523032104342,2003.0362530485445,12,Vitamin,B,0
77.28468993131781,546.5815210067332,10,Vitamin,B,1
98.67265317866082,3821.716052501982,2,Vitamin,C,0
22.14026309773019,1858.4293548729672,10,Antihistamine,A,0
77.77246045433316,4405.108884691988,29,Antibiotic,A,0
37.18611114307573,4638.356084444538,24,Vitamin,B,0
21.68451422896022,170.93498107305612,13,Vaccine,C,1
45.03080941531622,4943.090196144621,3,Vitamin,D,0
80.41441165411855,3564.6125209259135,12,Vitamin,D,0
49.160731351884955,2625.9415186651636,22,Vitamin,A,0
56.06469451928961,1978.1616614441389,15,Antihistamine,A,0
99.54014396901151,2616.664756418079,3,Antibiotic,C,0
42.91538345795547,1656.8923836933,16,Vitamin,D,0
63.463071697377785,3132.304677797914,22,Antihistamine,C,0
39.69819915346033,510.2523684017166,24,Vaccine,D,1
42.31463640122697,3124.5568844134605,22,Antibiotic,B,0
71.08587157731377,1412.9570081852985,19,Antihistamine,B,0
94.09926272901393,137.29240380911452,28,Painkiller,C,1
56.524100296770534,2785.893542506244,15,Vaccine,A,0
77.99799325013409,2913.316391470847,22,Vaccine,C,0
13.474623087611564,2161.5165733221033,29,Painkiller,C,0
25.060013556033063,407.8168511240684,13,Antihistamine,D,0
52.702505887355585,4472.047616380748,11,Antihistamine,D,1
6.901113744733605,3076.58249577805,15,Vaccine,D,1
29.021222982443085,622.7808328663995,23,Antihistamine,D,1
54.153122533371786,2579.106354141031,16,Painkiller,A,0
6.421313834348568,2511.4088639449337,6,Antihistamine,A,0
30.13189719147396,348.9892505249885,3,Vaccine,B,0
53.832927850207604,3053.95553283459,23,Antihistamine,C,0
59.449178558218335,4051.215674661744,7,Antibiotic,B,0
92.94641084025402,3757.5898685299667,13,Painkiller,D,0
66.30783420880775,1054.6986001127075,3,Painkiller,C,0
44.39990124034941,4318.348021293346,5,Vitamin,D,0
93.38336182764144,1745.5837200137871,8,Antihistamine,C,0
79.56388342184046,4735.216472545109,17,Painkiller,A,0
24.00084750571102,405.15242291728293,2,Antihistamine,D,0
17.430024328137876,2456.733008173221,2,Antibiotic,C,0
69.20210539555963,3005.7656670288684,15,Vaccine,C,0
58.18890072981346,1275.8679874492934,12,Vaccine,D,0
80.01899331031179,3868.331934165127,13,Vitamin,A,0
75.18647975747521,3153.133615063049,12,Vitamin,A,0
64.39509571646393,139.64171457537998,7,Painkiller,A,1
98.70630630474476,3061.4245239463676,24,Painkiller,C,0
55.691024360488825,2482.8172603713097,13,Painkiller,A,0
15.745046867663385,1020.344548432363,22,Antibiotic,C,0
83.68598865751889,4978.953723944672,13,Vitamin,B,0
28.926069422842353,4490.952864396694,11,Vitamin,A,0
78.84370407367224,1497.9130903938642,9,Vaccine,D,0
95.92517412000488,2728.3010579531506,28,Vitamin,D,0
71.19557382661242,1616.6855925559391,21,Vitamin,D,0
61.622865290231104,3888.7039705985867,20,Antibiotic,D,0
48.73668668912885,4655.140594322453,8,Painkiller,B,0
39.61893726956331,1826.2016042261987,15,Antibiotic,B,0
38.53545134232444,4037.642033260956,5,Antihistamine,A,0
65.45540704241111,2517.117336430364,2,Vaccine,A,0
76.37094610908586,2013.0638784923078,28,Vaccine,D,1
69.45912160101936,4695.18816788891,9,Vaccine,D,0
23.84895961338846,2576.5032091592057,6,Painkiller,D,0
51.92878211363166,2363.6819762744512,9,Painkiller,C,1
80.20580685739098,3378.550289713598,9,Painkiller,A,0
50.191887427960346,1343.109295040508,29,Vaccine,D,1
55.97921157487192,1657.724710402163,22,Vaccine,D,1
78.2579245762281,4663.626889381182,25,Vaccine,D,0
67.8202040951837,3408.722734912865,8,Antihistamine,B,0
43.8877674838273,4141.853881466477,20,Antihistamine,B,0
90.0642075634508,1392.0032215803767,5,Vaccine,B,0
20.443871523030467,2741.7614401528667,28,Painkiller,C,1
99.57406261608085,4858.411521598016,29,Painkiller,C,0
16.29099495524253,1627.5843001896772,24,Antihistamine,A,0
6.420247254902696,844.3585577693573,21,Antihistamine,D,1
89.55179560913264,2578.8857407120868,7,Vaccine,A,0
28.270583294765828,1969.7143891881371,13,Vaccine,A,0
74.32146460743849,839.9073022942321,19,Painkiller,B,1
82.04646061854659,4448.329344381671,13,Vitamin,D,0
86.6037071480511,4954.0833572412,19,Painkiller,B,0
99.20145238809583,2864.481794415489,4,Painkiller,B,0
32.93377245379991,3884.6500034485975,11,Vaccine,D,0
72.47311748308962,4302.239929254182,8,Vitamin,A,0
15.962986536678681,3519.8609298080432,4,Vitamin,A,0
43.646882678900695,268.57244310306953,29,Vaccine,B,1
85.55731086469609,830.2894469982481,20,Antibiotic,D,1
39.927514375615296,401.396496199363,14,Vaccine,A,1
61.15406115088334,98.90405287817997,5,Antihistamine,C,1
52.858477153840234,1564.6822233483208,11,Vitamin,A,0
66.36539545564429,1992.1620043837206,7,Vaccine,D,0
97.42496699183101,1243.0971750628323,2,Painkiller,D,0
10.294875017633203,369.79300802728864,7,Painkiller,D,0
59.52634416265482,2672.8222996415543,9,Painkiller,B,0
86.98773402877706,1402.930633787851,29,Vaccine,A,1
50.73135761610061,3990.3839165746335,16,Antibiotic,C,0
12.460082664449418,89.86047704514192,9,Antihistamine,B,1
58.25123847959323,4220.5089038736705,23,Painkiller,A,0
36.547019628262944,4776.030710782487,7,Vaccine,D,0
19.71946960710391,3594.868562610169,20,Antibiotic,A,0
85.65827876192994,3681.538123049704,15,Vitamin,D,0
54.551953734156555,4671.133442433529,3,Vitamin,D,0
93.66125917601133,1084.9028622367282,8,Antihistamine,A,0
81.57156793729156,4973.099562632455,9,Vaccine,A,0
70.8323204084984,3878.7319567237823,11,Vaccine,C,0
5.477422819704634,3646.5250062225787,14,Painkiller,A,0
45.643228380633744,1837.398366026699,23,Antibiotic,A,0
23.761196756943068,2751.5985527577723,22,Antihistamine,B,0
91.52580154964244,3286.8930519530677,21,Antibiotic,D,0
21.585478544254226,3120.697163520219,2,Antihistamine,D,0
32.175704907632124,3539.6739604640247,10,Vaccine,C,1
54.09949293477742,457.7896084381326,28,Vaccine,B,1
30.01954380481753,1810.459742516899,11,Antihistamine,C,0
24.93714434151651,2198.300082147612,21,Antibiotic,A,0
61.91443588476148,1340.115024481084,3,Vitamin,C,0
13.448304661727267,904.5049878326575,21,Vitamin,D,0
10.52593707848785,737.6910255686709,12,Painkiller,B,0
40.36330304267678,1863.5977916700963,6,Painkiller,A,0
73.46312317824692,2492.536417784701,19,Antibiotic,B,0
57.70664203602506,361.7333787259705,8,Vaccine,B,1
45.17326450434399,4734.96756822322,4,Antibiotic,C,0
58.74639860133533,3837.954448160754,17,Antihistamine,A,0
39.71789104206099,3667.7162772680595,16,Vitamin,B,0
93.93390186605073,905.6595986941984,9,Painkiller,B,0
10.215964636523562,3038.8138016603352,21,Antibiotic,C,0
68.97219050783434,2672.1384867029037,29,Antibiotic,B,0
89.6718531586363,4913.220786644134,28,Antihistamine,D,0
81.36904732984908,3750.975261896782,6,Vaccine,D,1
22.48389830803744,2900.0213243953444,4,Vaccine,A,0
33.113003153127394,4261.522699027105,28,Vitamin,A,0
73.11955417717495,817.716640760512,6,Painkiller,C,0
13.005703122172726,125.32182197033713,10,Vaccine,B,1
82.12686148409549,3466.65500040189,28,Vaccine,C,0
73.29615973745508,536.6417281743254,17,Vaccine,C,1
74.31263167735754,621.3965179183705,15,Antibiotic,D,1
14.522930175421182,3736.169595801426,19,Vaccine,B,0
73.18725175754193,1389.147478463246,8,Antihistamine,D,0
69.58272189589715,3161.72451706602,16,Vitamin,D,0
83.93763662807581,4591.164284159105,27,Vaccine,A,0
8.951615844364603,1616.5489316073988,9,Painkiller,C,0
7.1955135044402585,1124.863581307598,4,Antibiotic,D,0
40.43567448846327,577.486274518206,12,Antihistamine,A,0
19.134886965669523,695.7886890276443,21,Vitamin,A,0
58.04652536917108,358.0023421252715,28,Antibiotic,B,1
92.14814564314113,483.82977520721363,27,Antihistamine,B,1
42.190574381731494,2188.422714605312,19,Antibiotic,D,0
85.27028584089739,1638.2819728686502,16,Vitamin,A,0
5.022883079197315,3547.4760308988402,11,Vitamin,A,0
21.0088911286225,4357.696208322659,26,Vaccine,A,0
7.890236267138134,3934.6273555548023,4,Painkiller,C,0
36.17398214893152,2676.6544204949782,16,Vaccine,A,0
91.27801159116777,557.0884753516344,26,Antibiotic,C,1
14.210451741903837,3563.34805551069,24,Vaccine,B,0
62.60892879066103,1846.002187398024,7,Vitamin,D,0
47.892114216347196,473.9694498812804,12,Vitamin,B,1
94.15448017475218,4220.208715702497,29,Vitamin,D,1
16.639318541023915,1724.1717600534025,12,Vaccine,A,0
25.14264579771175,1130.3317209322781,20,Antihistamine,D,0
7.806487018091861,4363.687719863274,28,Vaccine,D,0
46.223848714980505,4515.5626488126745,24,Vaccine,B,0
31.394125458642158,1727.9056440982213,28,Vaccine,D,0
87.64106371958049,1806.2670254427985,4,Vaccine,A,0
62.46937725378673,2919.1612115365633,14,Vitamin,C,0
63.33862010769166,3680.535394362758,28,Painkiller,A,0
55.53151620372373,362.58854943897416,23,Vaccine,D,1
13.725782036774095,2987.051103082935,9,Vaccine,B,0
47.27677495390875,4766.459305828729,22,Painkiller,A,0
99.95299302230907,1347.3647910407708,12,Vaccine,D,0
84.34678263037141,4548.694709779822,12,Painkiller,B,0
89.87861014587601,4753.333286777313,14,Vitamin,C,0
83.20650412841745,1382.3105228068941,4,Antihistamine,B,0
14.788960875943355,3783.299236132485,7,Vaccine,D,0
26.607584136155964,1231.936291181822,25,Antihistamine,B,0
5.296556878858914,3701.175250574057,11,Vaccine,D,0
33.83346186342059,3997.2288578796883,20,Antibiotic,B,0
15.317703222916794,1273.6682333677147,13,Antibiotic,B,0
49.91536780365038,3593.554240737013,15,Vitamin,B,0
69.32711141452069,4069.9174673772445,12,Antihistamine,D,1
88.07800302861732,1824.9654169292132,28,Antihistamine,B,1
76.17563068363533,880.1287411491484,22,Painkiller,D,1
94.165631598958,505.22460822169216,26,Painkiller,A,1
10.120337587409935,2898.139432869212,27,Vaccine,C,1
6.157084364571437,4891.58569061278,11,Painkiller,A,0
67.8271208144402,4123.604084109969,4,Painkiller,C,0
32.488478971113395,2207.4062127260363,14,Antihistamine,D,1
29.08259653004845,2706.2734691320447,29,Antibiotic,A,0
36.43427333091046,1433.6630327885039,28,Antihistamine,C,0
30.630625499774595,857.1760434323146,19,Painkiller,C,0
53.58645859865079,2436.3017332497525,28,Vaccine,A,0
46.81410248629258,2344.3327525275668,14,Antibiotic,A,0
53.68071238078235,2633.553266378613,25,Painkiller,D,0
68.90779309254144,4766.382698541507,15,Painkiller,C,0
41.77739835225909,3039.2817357166223,15,Vaccine,D,0
28.874230278504896,3048.5705912807503,8,Vaccine,D,0
20.78905099683082,683.72257616233,13,Painkiller,B,0
38.200041355599424,4982.619887575261,26,Painkiller,D,0
75.47161514838635,3875.582473961609,5,Antihistamine,C,0
76.8869664605896,4392.156553265324,17,Vitamin,B,0
68.35601173499998,2100.7870385634205,20,Vaccine,D,0
27.232676654153085,2535.534074138843,11,Vaccine,D,0
60.86819335619628,2634.3148553532687,17,Antihistamine,C,0
59.215517849800555,1010.7679694835457,6,Antibiotic,B,0
51.00528882042392,3462.971323818438,28,Antibiotic,A,0
57.2480037064671,4519.734781906411,17,Antibiotic,A,0
51.720110099248465,860.343799785174,2,Vaccine,B,0
58.71835477704028,477.27545375651425,6,Vitamin,B,0
72.97306568900723,3704.1835824246937,14,Vitamin,B,0
15.414678468326775,1402.3490667812612,14,Antihistamine,B,0
76.21444645415725,3138.11958100578,4,Antibiotic,A,0
17.90918426212145,3494.0037730612944,18,Antibiotic,D,1
11.329659848985596,1643.458279730018,20,Painkiller,C,0
97.72757019103942,4084.9657572576325,6,Antihistamine,A,0
95.91421804269194,2772.4454614653737,6,Antihistamine,C,0
10.741471769353584,4351.547069361423,16,Vaccine,A,0
47.109076940121405,3828.30308516679,11,Vaccine,B,0
22.6932691384786,4349.4493785853965,13,Antihistamine,A,0
51.10776522776972,149.79884148357576,25,Vitamin,A,1
83.8668380849608,1255.3559906560438,12,Antihistamine,B,0
95.30811860057457,495.5393052073962,2,Vitamin,D,0
65.25400207789605,2238.3109350872783,24,Vaccine,B,0
38.62103838512262,4455.302601995825,22,Antihistamine,D,0
62.31592873623685,2364.324298221002,4,Vitamin,A,0
34.64012408030278,4256.0795706729505,5,Painkiller,A,0
91.43324587904573,1669.5322781956236,20,Painkiller,C,1
87.68804399505451,1730.8718603859995,25,Antihistamine,C,1
58.032016276567795,4483.030565118044,21,Antibiotic,A,0
35.85589696113425,2157.7948752329225,4,Antihistamine,C,0
32.87201918038294,3959.3391645835986,19,Vaccine,D,0
8.174709496980649,1221.3855620154116,4,Vaccine,B,0
82.50298084740305,4746.564106904296,8,Painkiller,A,0
47.786405238705754,2894.162320326327,23,Vitamin,A,0
35.88762819802512,3808.651664463089,27,Painkiller,C,0
49.75548372478662,493.1027139846832,29,Vitamin,A,1
82.78010909319194,2488.687917861117,22,Antihistamine,A,0
16.83834973221451,4510.140563783415,25,Antibiotic,D,0
86.47731888297359,4391.341213764357,28,Vaccine,D,0
90.26333933529364,281.72908830942634,2,Antihistamine,B,0
94.93725192821938,1553.3074221882862,20,Painkiller,A,1
42.76135928014964,2244.4340320714464,19,Antihistamine,C,0
25.62833838357883,902.7108310611517,3,Antibiotic,B,0
